track_id,artist_id,artist,title,days,t10,peak,pk_streams,total
1sIIlVrnPhrvmTrHtzM7tV,4QvgGvpgzgyUOo8Yp8LDm9,Mrs. GREEN APPLE,点描の唄,2379,41,7,256014,288178849
5BC6kr6etk2Y9J62AyI4i3,4QvgGvpgzgyUOo8Yp8LDm9,Mrs. GREEN APPLE,青と夏,2695,502,2,324527,285716029
7dTW21YAJxnAOiUh7Rtu9S,2IUl3m1H1EQ7QfNbNWvgru,Vaundy,怪獣の花唄,1823,429,1,344084,276014689
4kPlQKwtPrnqLgrmmKFSlA,0ixzjrK1wkN2zWBXt3VW3W,Yuuri,ドライフラワー,1856,588,1,419390,271162429
5LkmpgQYtwHtuvASgnLBe1,4QvgGvpgzgyUOo8Yp8LDm9,Mrs. GREEN APPLE,ダンスホール,1287,611,2,279282,249884929
6MCjmGYlw6mQVWRFVgBRvB,64tJ2EAv1R6UaZqc4iOCyj,YOASOBI,夜に駆ける,1980,587,1,332598,245894837
3RvdkNMcSy71m0aT6UF9Uf,6rs1KAoQnFalSqSU4LTh8g,back number,水平線,1571,300,1,238830,244165966
15HNdxGKNCIO9pgaY4n7FU,5Vo1hnCRmCM6M4thZCInCj,OFFICIAL HIGE DANDISM,Pretender,2420,527,1,223605,234753386
1zd35Y44Blc1CwwVbW3Qnk,64tJ2EAv1R6UaZqc4iOCyj,YOASOBI,群青,1909,221,5,255787,224022706
278JqkBGkjDovOYAwE8TW7,5Vo1hnCRmCM6M4thZCInCj,OFFICIAL HIGE DANDISM,115万キロのフィルム,2396,342,6,175461,219960643
3wJHCry960drNlAUGrJLmz,4UK2Lzi6fBfUi9rpDt6cik,Yorushika,ただ君に晴れ,2401,86,6,263268,211661155
0teqQ0PYqVDyyXJuPOyMhu,4QvgGvpgzgyUOo8Yp8LDm9,Mrs. GREEN APPLE,ケセラセラ,952,646,2,373828,211397490
4saklk6nie3yiGePpBwUoc,3Nrfpe0tUJi4K4DXYWgMUX,BTS,Dynamite,1528,503,1,367948,208794225
4IfrM44LofE9bSs6TDZS49,0B1ce3uNrzkdm76NXI4mhX,Tani Yuuki,W / X / Y,1436,455,1,274906,205750234
78W4mTLIh4qoLu92W4IQhO,4QvgGvpgzgyUOo8Yp8LDm9,Mrs. GREEN APPLE,ライラック,599,594,1,562498,201654438
2vOAHp8PBBFYqvQUWSoITY,4QvgGvpgzgyUOo8Yp8LDm9,Mrs. GREEN APPLE,インフェルノ,2328,0,13,212614,201212313
7ovUcF5uHTBRzUpB6ZOmvt,64tJ2EAv1R6UaZqc4iOCyj,YOASOBI,アイドル,954,381,1,683969,200852555
3YML5IHoqWbw9c9vJJvrvM,4QvgGvpgzgyUOo8Yp8LDm9,Mrs. GREEN APPLE,Soranji,1140,202,6,281959,200178201
51oc6MEsXTpnPn6GOw5VuP,6bDWAcdtVR3WHz2xtiIPUi,Fujii Kaze,きらり,1674,272,3,239024,198087903
5W7Y92LB4jWvu9NeEQ0GZl,1t17z3vfuc82cxSDMrvryJ,Macaroni Empitsu,なんでもないよ、,1489,248,1,277922,197970536
2jdbZGFp8KVTuk0YxDNL4l,6rs1KAoQnFalSqSU4LTh8g,back number,高嶺の花子さん,2468,159,7,239084,197023717
4JK1kDUdH9RTBQrrSO1QfR,0ixzjrK1wkN2zWBXt3VW3W,Yuuri,ベテルギウス,1488,314,1,271083,191904923
2cKiHG16JBiqHdi7Llq0r7,5kVZa4lFUmAQlBogl1fkd6,Aimyon,マリーゴールド,2693,586,1,167334,191250925
1Vqs0lXeJafYZz2sxnfB3V,4WqXqPmUuenMIr4QaFrZXN,Saucy Dog,シンデレラボーイ,1513,388,2,260277,187713092
49F3htNmwzPKFycPdOrDvf,5Vo1hnCRmCM6M4thZCInCj,OFFICIAL HIGE DANDISM,Subtitle,1147,289,1,574459,185329427
5wWLNNwMAehpj83FU4Lz0m,5Vo1hnCRmCM6M4thZCInCj,OFFICIAL HIGE DANDISM,I LOVE...,2046,279,1,242036,178030961
0tnhoHUrHfcLi9hPknUFZ4,4QvgGvpgzgyUOo8Yp8LDm9,Mrs. GREEN APPLE,僕のこと,2425,0,13,208291,167545422
3QIAwtEEDOrv0g5NKCGrXZ,6rs1KAoQnFalSqSU4LTh8g,back number,花束,2244,54,5,262621,165176575
170XOP1T4MvY9TLTgPw07D,4QvgGvpgzgyUOo8Yp8LDm9,Mrs. GREEN APPLE,Magic,903,162,4,259470,160548385
0JcI7OdALbpSFkyKoufRYs,4QvgGvpgzgyUOo8Yp8LDm9,Mrs. GREEN APPLE,ロマンチシズム,2105,0,11,231781,160325931
7DyS11kB1YNrfDzQqtjmTh,7JthQ6zwNzfxRfIEjp6wUs,HIRAIDAI,"Stand by me, Stand by you.",1845,109,4,240870,159234214
0kdqcbwei4MDWFEX5f33yG,0pWR7TsFhvSCnbmHDjWgrE,Creepy Nuts,Bling-Bang-Bang-Born,691,242,1,746630,159129582
4Jv7U0JJpbQnOrjtDwDZTZ,5kVZa4lFUmAQlBogl1fkd6,Aimyon,裸の心,1999,213,2,255952,158201468
6AncLCxf4U7ivJEaqih9zA,2IUl3m1H1EQ7QfNbNWvgru,Vaundy,不可幸力,1960,0,18,147475,152193987
6IO5nn84TKArsi3cjpIqaD,4SJ7qRgJYNXB9Yttzs4aSa,Ryokuoushoku Shakai,Mela!,2042,0,21,151610,145123818
59eluCMn0XbOWqeWQ91FTM,5kVZa4lFUmAQlBogl1fkd6,Aimyon,君はロックを聴かない,2860,399,2,135925,144121047
06XQvnJb53SUYmlWIhUXUi,64tJ2EAv1R6UaZqc4iOCyj,YOASOBI,怪物,1377,256,4,268401,143834097
2cxcqKwQtfKq7giphxjzOu,1Y5vJqABeI6QI6R95EDV6o,tuki.,晩餐歌,794,150,2,359383,141987332
7tGDXCPLpAScEwmqab9YZd,0jWCX6zp4RjWrmZRxJ2uri,Novelbright,Walking with you,2080,0,13,150640,141479206
4FMz2RFrbDGzJO7K4D0vS3,6rs1KAoQnFalSqSU4LTh8g,back number,HAPPY BIRTHDAY,1877,0,16,212753,140360267
4dmruTsdHIOjfOIeaFitXK,63ylN6WBUUxxMsySiDmr0B,Omoinotake,幾億光年,673,225,2,478723,139827994
2HRgqmZQC0MC7GeNuDIXHN,6HaGTQPmzraVmaVxvz6EUc,Jung Kook,Seven,871,191,1,533911,139264840
2IL2asrtx7XM1y8fu2RMnR,71UIOLnsacxQHlU55TvfiH,Da-iCE,CITRUS,1737,73,8,192279,135725822
1VHL1PIkhDwWbFc65xHwOr,0jWCX6zp4RjWrmZRxJ2uri,Novelbright,愛とか恋とか,1323,41,7,185590,135560292
1H3qOzheTPhE7aVvJOWfvA,5kjGRHClVacSyllOUqU1S0,SPITZ,美しい鰭,963,146,2,361138,134504793
7hDX39mc6Uf6zp8RXYUQ6d,2IUl3m1H1EQ7QfNbNWvgru,Vaundy,napori,1815,0,16,172775,128470754
2SihT7AVMiI2VtaAyVIcnO,1t17z3vfuc82cxSDMrvryJ,Macaroni Empitsu,恋人ごっこ,2025,0,30,162589,128181055
7tI8dRuH2Yc6RuoTjxo4dU,1oSPZhvZMIrWW5I41kPkkY,Jimin,Who,500,421,1,444901,127290738
3PK5ERLCyMuQ5Cb89GbZVL,3BjFX1nExMNHvSaoLd1I1k,Takaya Kawasaki,魔法の絨毯,1480,0,13,193419,125488956
3khEEPRyBeOUabbmOPJzAG,1snhtMLeb2DYoMOcVbb8iB,Kenshi Yonezu,KICK BACK,950,169,1,474668,123869205
19mjCzLuMHZ0Tyn3eI85bo,0ixzjrK1wkN2zWBXt3VW3W,Yuuri,シャッター,1358,19,9,182052,123500433
7M0dIdZWN1FDcveRdoOzbZ,0ixzjrK1wkN2zWBXt3VW3W,Yuuri,ビリミリオン,1047,49,4,247026,122169871
7qiZfU4dY1lWllzX7mPBI3,6eUKZXaKkcviH0Ku9w2n3V,Ed Sheeran,Shape of You,3208,692,1,85192,118701451
5DMEvbg3gUmiR5HIBWdveV,5Vo1hnCRmCM6M4thZCInCj,OFFICIAL HIGE DANDISM,ノーダウト,2297,357,3,126286,117744108
1ihCiJaXRl4f6Sy4LJov5z,5kjGRHClVacSyllOUqU1S0,SPITZ,チェリー,2552,0,23,107880,117569761
28MATCYDctW5EiBa2repxb,6mEQK9m2krja6X1cfsAjfl,Ado,新時代,852,172,1,464441,117425320
014Dp0tBp4d9uuFAvH1mlc,6rs1KAoQnFalSqSU4LTh8g,back number,怪盗,1652,5,10,203071,115297064
2bgTY4UwhfBYhGT4HUYStN,3Nrfpe0tUJi4K4DXYWgMUX,BTS,Butter,850,217,1,503930,114969296
04TshWXkhV1qkqHzf31Hn6,1snhtMLeb2DYoMOcVbb8iB,Kenshi Yonezu,Lemon,1918,15,4,234985,111291664
2Dzzhb1oV5ckgOjWZLraIB,6WmXWHmfBMhupyIs8MSqtu,natori,Overdose,866,170,2,311854,110670235
1YXot2MLAG9sttepCtBRM7,2IUl3m1H1EQ7QfNbNWvgru,Vaundy,踊り子,1432,9,7,176948,110634432
4GqO80eGXA542oTvlYv4LS,6rs1KAoQnFalSqSU4LTh8g,back number,ハッピーエンド,1931,2,6,231571,110351761
4ETc1oFREuqQss7VQ1Y4mj,2IUl3m1H1EQ7QfNbNWvgru,Vaundy,花占い,1610,0,17,151956,110341771
0OeTb9sIQTNq313HQHv9TM,4QvgGvpgzgyUOo8Yp8LDm9,Mrs. GREEN APPLE,春愁,2038,0,15,190426,109246710
172fMG26G2OoEzzg0wn26r,6wxfx1yhyqjCPYwwxJktR2,King Gnu,白日,1731,12,3,141926,106901233
0J0P8iSE6l3pYHbUdNFYdS,6wxfx1yhyqjCPYwwxJktR2,King Gnu,カメレオン,1030,88,1,261037,103869160
0XZyF9lv6diMt4bxThOL0h,7jGn8qhLb48n7yMMNfAoHv,Awesome City Club,勿忘,773,173,3,301521,103828734
0voOaunLYYqPHrsgXbFVlW,71UIOLnsacxQHlU55TvfiH,Da-iCE,I wonder,586,156,2,327278,103654072
23atyJacJVHvB9RHBNhr35,2zUQjYvy0TevSi4d3PjqQO,MONGOL800,小さな恋のうた,2861,94,6,87884,103052564
0ve9Tpz8Yw0I4eXhWsy21o,1luOe8HkZQ7zwuaO2wuJqI,[Alexandros],ワタリドリ,2884,55,5,112919,102905719
60ReNXcPcsVFd7nUuQw5HZ,5Vo1hnCRmCM6M4thZCInCj,OFFICIAL HIGE DANDISM,ミックスナッツ,944,137,1,261641,102901208
1oNeSCt0CMekCyyLo06kFs,5kVZa4lFUmAQlBogl1fkd6,Aimyon,ハルノヒ,1953,110,4,132590,101960299
0GWNtMohuYUEHVZ40tcnHF,6wxfx1yhyqjCPYwwxJktR2,King Gnu,SPECIALZ,803,166,1,389629,101692699
7o0TPSw494RG2Q4iWmd1v6,6mEQK9m2krja6X1cfsAjfl,Ado,唱,602,162,1,430859,100769899
6sIx7Cn37DGEhjy9hBP8Gx,0jJmZHZHNe8n24Y33z5Nil,DISH//,猫,1230,0,19,152512,96068093
7rA2RuTx1dHadrZcoKh8O9,4XFkDALFTsSHVnRtJSsaMN,Number_i,GOAT,640,19,3,266367,95529862
34ayWAUrQcrjlKZOJAzqke,6rs1KAoQnFalSqSU4LTh8g,back number,アイラブユー,1030,6,8,208155,94400844
2UdvMWk0Z83lMJPbawy2Sm,1t17z3vfuc82cxSDMrvryJ,Macaroni Empitsu,ブルーベリー・ナイツ,1972,0,54,108013,94233863
6wDntdm888mDo458RaYjGl,5Vo1hnCRmCM6M4thZCInCj,OFFICIAL HIGE DANDISM,Cry Baby,929,165,3,239027,93622852
6zjk7Qbwb9DZ4ykUUoqknh,0QZqdhoRQkn1VphAa5eX8h,10-FEET,第ゼロ感,926,110,5,232673,93433267
5RbMlPFL4gVyEHW2lEOuzG,0wRzWf3I4lUl9hdFF5uL0m,Sukima Switch,奏(かなで),1927,0,19,164210,92137695
0v3iUTe5rskRsxbUhboRlT,4WqXqPmUuenMIr4QaFrZXN,Saucy Dog,いつか,1852,0,51,94418,91316997
6sElEqOIGENWjpxGFeo5ct,0jWCX6zp4RjWrmZRxJ2uri,Novelbright,ツキミソウ,1502,0,51,98429,89881761
3jNwPOqdPvQIr5dRT0hzgY,2IUl3m1H1EQ7QfNbNWvgru,Vaundy,タイムパラドックス,635,105,3,384039,89376915
7a7EIFzJLd7lcDRgThMQgm,7k73EtZwoPs516ZxE72KsO,ONE OK ROCK,Wherever you are,2740,224,4,71508,89325173
1aKvZDoLGkNMxoRYgkckZG,36cgvBn0aadzOijnjjwqMN,ILLIT,Magnetic,611,117,2,466558,89309522
7v8wKvNQQIxkugCFFjrkaO,0bAsR2unSRpn6BQPEnNlZm,Aimer,残響散歌,839,146,1,284617,89287390
2Gmyw5Vg2X5YW2lM3OC7nD,7kOrrFIBIBc8uCu2zbxbLv,yama,春を告げる,1028,63,6,196714,89186710
5P8ZvBQoCrujjNcLAxO3Su,6rs1KAoQnFalSqSU4LTh8g,back number,クリスマスソング,1571,69,1,456274,89177220
7AIj86wFWqm7X1TZ2hzHwS,6n4SsAp5VjvIBg3s9QCcPX,SUDA MASAKI,虹,930,125,4,257084,88061082
5m21ZR5lO6U0tp9KENxuCc,6cutt8thPFUICMfxaYerWd,MY FIRST STORY,I'm a mess,859,65,6,229213,87267159
4PCQHOJFMV9BWq46UMVf2l,4QvgGvpgzgyUOo8Yp8LDm9,Mrs. GREEN APPLE,familie,476,147,2,352068,86918176
3r8RuvgbX9s7ammBn07D3W,6HvZYsbFfjnjFrWF950C9d,NewJeans,Ditto,845,83,4,254292,86708309
7ajpbW6tBpqUI9foCtwlLw,64tJ2EAv1R6UaZqc4iOCyj,YOASOBI,祝福,710,39,6,214287,86560502
12usPU2WnqgCHAW1EK2dfd,7mvhRvEAHiCTQHUnH7fgnv,Tatsuya Kitani,青のすみか,649,153,2,307922,86361873
6H0PLsSYMzDOqhLgyOlzIj,1snhtMLeb2DYoMOcVbb8iB,Kenshi Yonezu,感電,1350,0,23,149149,85117185
5PjdY0CKGZdEuoNab3yDmX,2tIP7SsRs7vjIcLrU85W8J,The Kid LAROI,Stay,967,103,7,212321,84778461
5eXBXreN3d1zdj6Sa8dS0u,3Nrfpe0tUJi4K4DXYWgMUX,BTS,Permission to Dance,674,161,1,400287,84302264
08YwAPnX8sygJUXG9rvhDv,64tJ2EAv1R6UaZqc4iOCyj,YOASOBI,ハルジオン,933,0,11,191309,83951444
0N8Xztr4pBHJ7V0moJWhbO,5kVZa4lFUmAQlBogl1fkd6,Aimyon,愛を伝えたいだとか,2142,149,4,139567,83701851
0cSkn2l67csUljEy0EEBPn,0blbVefuxOGltDBa00dspv,LiSA,炎,643,167,1,365961,82428341
3ECvJ97WjbbaTsCZ64pwgI,4QvgGvpgzgyUOo8Yp8LDm9,Mrs. GREEN APPLE,コロンブス,524,63,2,360527,80999621
4wel6DQu0dMVBRVn2ZTPoy,6wxfx1yhyqjCPYwwxJktR2,King Gnu,Hakujitsu,721,518,1,237509,80912312
7ncPjJBktLEOpstY5JOUMK,6wxfx1yhyqjCPYwwxJktR2,King Gnu,一途,903,115,1,284912,79559564
7ztdl6cnbJgHRdMkKldkts,14T8NkbwXVZgbOvwnuGV89,GReeeeN,キセキ,2723,0,19,87055,79383886
0UBUg8NU4XJtQqzTPs8Pkr,64tJ2EAv1R6UaZqc4iOCyj,YOASOBI,三原色,969,40,4,235357,79306560
7iXHLtPosbHvglVSJ4rxLq,14T8NkbwXVZgbOvwnuGV89,GReeeeN,愛唄,2557,103,4,86089,79211844
2uMNMcjjUz8oNIxjIu20qE,7HwzlRPa9Ad0I8rK0FPzzK,SEKAI NO OWARI,Habit,800,129,2,257841,79015708
2W9wXj4s5gR3lnV3gNrDaK,4QvgGvpgzgyUOo8Yp8LDm9,Mrs. GREEN APPLE,ブルーアンビエンス,1203,0,51,104695,78994368
5j7ixaLeGTGSv4DzKs0pCM,4UK2Lzi6fBfUi9rpDt6cik,Yorushika,だから僕は音楽を辞めた,1646,0,37,145724,78398223
7CmWXD3w1xOO53AAO4LRVQ,5M8AXrOifBT8elkLKbGPQZ,Superfly,愛をこめて花束を,2031,152,4,174548,78091988
0AU7xhipAm9Saq0k8A9Iua,1qma7XhwZotCAucL7NHVLY,Mr.Children,HANABI,1989,279,1,78670,77609446
4wJ5Qq0jBN4ajy7ouZIV1c,3eVa5w3URK5duf6eyVDbu9,ROSÉ,APT.,409,162,1,452663,77126402
65FftemJ1DbbZ45DUfHJXE,6HvZYsbFfjnjFrWF950C9d,NewJeans,OMG,727,67,3,225456,76620553
0JTjZnuciQH4M3620aMDtZ,0ixzjrK1wkN2zWBXt3VW3W,Yuuri,かくれんぼ,836,0,13,190215,75002956
5U4PgFWzfzY7VEg9Ck4ziF,6bDWAcdtVR3WHz2xtiIPUi,Fujii Kaze,ガーデン,941,5,10,203856,74978831
3FzRKDirkUsApk11WEz1wz,4XFkDALFTsSHVnRtJSsaMN,Number_i,BON,494,17,4,323908,74716551
5RIQU2JDuXC4NkLiHNNMon,6bDWAcdtVR3WHz2xtiIPUi,Fujii Kaze,花,774,44,7,240858,73379602
5YQNjKZofFhlBCIzTVY6rW,6mEQK9m2krja6X1cfsAjfl,Ado,私は最強,660,111,2,311452,73283918
7z6qHGEKxRtwtYym2epV7l,6mEQK9m2krja6X1cfsAjfl,Ado,踊,821,30,9,210551,73081976
0AShUU6EUvnSWoqGdheDSA,4QvgGvpgzgyUOo8Yp8LDm9,Mrs. GREEN APPLE,私は最強,1104,0,31,135708,72324659
0Xn30nT5EKFPsWvpiJ2Iav,6rs1KAoQnFalSqSU4LTh8g,back number,オールドファッション,1402,0,55,102685,72307674
3XRtleCmmS1VGA0jwjBCvd,26JbIcCELE7o1nl8pw6Vlg,shytaupe,ランデヴー,715,111,3,268111,71711700
7M3TZDUNvaNBo0qtWVaZif,4QvgGvpgzgyUOo8Yp8LDm9,Mrs. GREEN APPLE,WanteD! WanteD!,2048,3,7,86156,71602988
4FrxgrNbNrdfq8093JaEJf,3z8diLlUCkN1j9N9ZdnfBJ,NiziU,Make you happy,599,195,3,235652,71468431
7f9DsQEsIoeTwKxV6shsom,6rs1KAoQnFalSqSU4LTh8g,back number,恋,1072,0,34,160385,71424016
5pN2AyWwjzwRoI7gukEVNd,1snhtMLeb2DYoMOcVbb8iB,Kenshi Yonezu,さよーならまたいつか！- Sayonara,570,51,3,376695,70866104
27xkOIER6uDLKALIelHylZ,5vV3bFXnN6D6N3Nj4xRvaV,Jin,Don’t Say You Love Me,199,195,1,493140,70194458
6ZiEWet0uFRwWBCEKCQ8rY,6wxfx1yhyqjCPYwwxJktR2,King Gnu,逆夢,817,88,1,273737,69674798
6tkSMR8bEIfEcJn7ybJtSP,4vN78fN1iEh83Pgaesw2jU,HENTAI SHINSHI CLUB,YOKAZE,864,0,14,169714,68930029
2iOvMtA1u9s95NF6mJDOuT,32QmJ5obSke8YKDbQvVPUx,Eito,香水,548,203,2,272833,68490833
3hBAYbAECEix9raaTq8S3H,6rs1KAoQnFalSqSU4LTh8g,back number,ヒロイン,1443,0,19,199985,67734567
5eY7692tmgHB9dbmq6wa2M,4UK2Lzi6fBfUi9rpDt6cik,Yorushika,晴る,681,24,8,251416,67427810
1rr2DJOxV0sHXeUXCAz1yf,4UK2Lzi6fBfUi9rpDt6cik,Yorushika,春泥棒,1313,0,51,83510,66021050
6DYV1GqwCTrvfPcjeFwjLt,4QvgGvpgzgyUOo8Yp8LDm9,Mrs. GREEN APPLE,ビターバカンス,354,137,2,390807,65806755
0YTM7bCx451c6LQbkddy4Q,64tJ2EAv1R6UaZqc4iOCyj,YOASOBI,勇者,576,72,3,291401,65250000
6EzZn96uOc9JsVGNRpx06n,6mEQK9m2krja6X1cfsAjfl,Ado,うっせぇわ,682,119,4,299908,64962871
62x4EMPyCFF2Ohv7qDjalp,4QvgGvpgzgyUOo8Yp8LDm9,Mrs. GREEN APPLE,ダーリン,316,117,1,408162,63834138
6y4GYuZszeXNOXuBFsJlos,58oPVy7oihAEXE0Ott6JOf,Eve,Kaikai Kitan,692,77,7,218557,63704775
6FhWelfRDMFZRtFUU6SIdC,0hCWVMGGQnRVfDgmhwLIxq,sakanaction,怪獣,284,133,1,575713,63070134
5glPFBAuA1C85tBcVWVzvO,6bDWAcdtVR3WHz2xtiIPUi,Fujii Kaze,満ちてゆく,607,47,3,343700,62245365
5D9MPWdY2hjSeTIGE5n5kv,64tJ2EAv1R6UaZqc4iOCyj,YOASOBI,ハルカ,881,0,16,167616,62173172
1JdUw14vtWg9Vt4aRfHqwl,4XFkDALFTsSHVnRtJSsaMN,Number_i,INZM,409,30,3,316017,61867399
5MLIlPL6L8RVqL7YSpFdgr,0ixzjrK1wkN2zWBXt3VW3W,Yuuri,ピーターパン,1210,0,51,86799,61726246
3CeUMk1K4RPOpyzxn7JKZV,2VcWFvgGxVdma52qB5DSDw,AKASAKI,Bunny Girl,425,71,1,366772,61556149
6KYOlIwDHbrbeBbJEtQ0Fj,0pWR7TsFhvSCnbmHDjWgrE,Creepy Nuts,オトノケ - Otonoke,416,90,1,357740,61360403
0sVnyL71jTOuMt9TZ59bws,5kjGRHClVacSyllOUqU1S0,SPITZ,ロビンソン,1908,0,32,86429,61113476
7sditHCsoFw3nHnjFv1BHV,4QvgGvpgzgyUOo8Yp8LDm9,Mrs. GREEN APPLE,ナハトムジーク,595,36,3,289571,60272957
3huSUfmhUr4entz2S0G31O,4QvgGvpgzgyUOo8Yp8LDm9,Mrs. GREEN APPLE,クスシキ,241,152,1,499861,60028756
5aDgM8rYPT15CqjkN1EIKq,2vjeuQwzSP5ErC1S41gONX,CHANMINA,Never Grow Up,1328,0,52,108724,59930441
33qTER0xTXBQPDMSYR1hGX,4QvgGvpgzgyUOo8Yp8LDm9,Mrs. GREEN APPLE,Dear,481,13,6,284324,58388150
5JTNhYqB0eG0ivgZcBviJ0,7fmXV2O48buswss04YetaN,HANA,ROSE,244,192,2,407914,58325200
4Jj31lihp5Nvdi4lFRjrqc,6n4SsAp5VjvIBg3s9QCcPX,SUDA MASAKI,Machigaisagashi,667,333,3,135336,58025432
39HrUxcvKF3jtLz7fUDWXc,7lbSsjYACZHn1MSDXPxNF2,Hikaru Utada,First Love,1272,3,8,181733,56997270
2pXmohBUnD5Li93sgpbPSg,64tJ2EAv1R6UaZqc4iOCyj,YOASOBI,もう少しだけ,660,34,8,212340,56596758
22aZD7yaGYfhgCYazL4nbc,3x621ItlHMtX7mrJ8QnEjM,HY,366日,1613,48,6,97532,56498056
5LclntckGFFGFUVGJk9Z4x,6rs1KAoQnFalSqSU4LTh8g,back number,新しい恋人達に,411,80,3,321311,56448621
0XaHPBAzPAC5ubwcRBqc1p,5Vo1hnCRmCM6M4thZCInCj,OFFICIAL HIGE DANDISM,Shukumei,937,85,4,145579,56395254
74X2u8JMVooG2QbjRxXwR8,4SpbR6yFEvexJuaBpgAU5p,LE SSERAFIM,Perfect Night,508,44,6,231003,55810543
4ER5mnbHqsvggEcoVMdFSk,4QvgGvpgzgyUOo8Yp8LDm9,Mrs. GREEN APPLE,ANTENNA,807,0,52,103260,55251620
36jIu8oPR1Z4cguMuHxUXA,5Vo1hnCRmCM6M4thZCInCj,OFFICIAL HIGE DANDISM,TATTOO,415,87,4,307689,55085664
6uUtmCz8XXep7n1QmC1jJG,2sd5k8N8cAOm6Q8OCcePw4,Rin音,snow jam,577,0,11,159433,54953767
4iBO3Jg6kSXZHw06db0ds3,5kVZa4lFUmAQlBogl1fkd6,Aimyon,愛の花,650,3,6,198905,54651939
3bbIIVIwBoLqVcLebiEJFo,0pWR7TsFhvSCnbmHDjWgrE,Creepy Nuts,のびしろ,1013,0,51,98666,54607003
398dL22bDbKbAmiOnPaq7o,64tJ2EAv1R6UaZqc4iOCyj,YOASOBI,たぶん,644,0,17,156432,54329130
6kKvmT4i0Dercz6f3kftg3,5kVZa4lFUmAQlBogl1fkd6,Aimyon,今夜このまま,1218,284,1,76597,54165599
3vXdK7DCzJyp1MIh10TJFS,2IUl3m1H1EQ7QfNbNWvgru,Vaundy,東京フラッシュ,1374,0,78,79878,54048982
4fsQ0K37TOXa3hEQfjEic1,4SpbR6yFEvexJuaBpgAU5p,LE SSERAFIM,ANTIFRAGILE,618,0,18,160723,53684865
59hVbgr8rfYkDbHfr8RcGI,1snhtMLeb2DYoMOcVbb8iB,Kenshi Yonezu,IRIS OUT,78,77,1,1066620,53649893
3oYD2O31b05fILFpv0AXRI,6n4SsAp5VjvIBg3s9QCcPX,SUDA MASAKI,さよならエレジー,1243,0,86,84940,53494163
1MuttbDbsSVRmL77Vktk8r,4WgGn0neagCUyjQExpUBX7,MUKADE,君のまま,572,82,3,235825,53127179
6EuubEs5qOmJdpNhkU47OZ,1qM11R4ylJyQiPJ0DffE9z,Lilas,スパークル,856,0,21,149558,52449409
1kMlcLyljkrShV0LSdSGBz,5Vo1hnCRmCM6M4thZCInCj,OFFICIAL HIGE DANDISM,Yesterday,957,59,5,125987,51846843
6ts1KCOudfDYXYfyWtq0k1,45ft4DyTCEJfQwTBHXpdhM,milet,おもかげ (produced by Vaundy),688,8,8,209647,51519791
0a4MMyCrzT0En247IhqZbD,6HvZYsbFfjnjFrWF950C9d,NewJeans,Hype Boy,803,0,51,101296,51039066
3KtwMkj9gml6BDeYlyS8nG,3PLCOySHJ9zwED5yZvDtPZ,CUTIE STREET,かわいいだけじゃだめですか？,424,0,16,196844,50602881
2EmkTBTh964LQen4Vz0svg,4SJ7qRgJYNXB9Yttzs4aSa,Ryokuoushoku Shakai,花になって - Be a flower,552,8,6,234503,50165548
6cvKfEw8rDcmXBslqSEC9G,5kVZa4lFUmAQlBogl1fkd6,Aimyon,ハート,607,5,9,180524,49944099
3EYWY7XBj1BkCKX3R3hoZk,3jpPlA4ASvE9TlObazOIee,BLOOM VASE,Bluma to Lunch,562,0,12,174786,49918024
3eg3igrhEhzk8bqqRz6XCt,0ixzjrK1wkN2zWBXt3VW3W,Yuuri,レオ,871,0,51,78389,49715753
0NUJhYxwcAAB4UQULseQyX,1t17z3vfuc82cxSDMrvryJ,Macaroni Empitsu,リンジュー・ラヴ,576,1,10,197116,49625873
78MS9OT9Flm2V78fhTw4rk,6mEQK9m2krja6X1cfsAjfl,Ado,逆光,553,63,2,308913,49351545
2aC8t7OpwfBLTE4KWrJhN6,7oQ6zxSp4eQjvVkk9rGIDV,Marcy,ラブソング,624,0,11,197636,49261754
5KawlOMHjWeUjQtnuRs22c,3Nrfpe0tUJi4K4DXYWgMUX,BTS,Boy With Luv,1291,41,2,74435,49175740
4IouQaO9GkaHC7AtMErdSa,4frjN28tf7pio1ht5Qtiu6,Unknown Artist,打上花火,1482,607,1,72478,49086741
0FOVGBW0RpVRuDuUuN4ZVw,7LTiBdByoaUd329wCpmMcM,MAISONdes,ヨワネハキ,526,25,10,187848,49038010
465JzFiajJO59sUrDFsxdC,64tJ2EAv1R6UaZqc4iOCyj,YOASOBI,アンコール,530,1,10,181661,49028292
45YBVp6zMwQZRbUDcPzmMB,1snhtMLeb2DYoMOcVbb8iB,Kenshi Yonezu,アイネクライネ,1181,0,58,89551,49002363
6xLSq48LkhwFTwKx442veN,4XFkDALFTsSHVnRtJSsaMN,Number_i,GOD_i,309,8,3,290863,48781707
1RChlirFdgtS1ZPH45dJX0,0B1ce3uNrzkdm76NXI4mhX,Tani Yuuki,もう一度,581,8,9,199445,48636173
3Ys2PYl1wyPKQIwyqhP9cQ,3Nrfpe0tUJi4K4DXYWgMUX,BTS,Stay Gold,693,0,11,140469,48450464
0qMip0B2D4ePEjBJvAtYre,0blbVefuxOGltDBa00dspv,LiSA,紅蓮華,611,59,5,209206,48336935
0QKmcZNAST4GytJYmkN05D,6n4SsAp5VjvIBg3s9QCcPX,SUDA MASAKI,Sayonara Elegy,1226,195,1,87356,48171781
16yajBS7lk0QAa5CZnTHo9,3VVMRDGpbQR2SK9nHX3DW5,yangskinny,本当はね、,569,34,3,248661,47193144
5sdQOyqq2IDhvmx2lHOpwd,6HvZYsbFfjnjFrWF950C9d,NewJeans,Super Shy,467,40,4,258893,47169197
3gmn76fCtpDazGMnN0QMHX,4TaSvnT5o4REFwhqfrmK27,imase,NIGHT DANCER,811,0,51,101193,46776385
6qn31XzTa6YKXs5FZpAPgP,3QWnDVzCzffmWoYCAGNajE,Chippoke Ohashi,常緑,499,0,16,158068,46409518
3Ztjw8utVpcrzms1RrsJvR,0wRzWf3I4lUl9hdFF5uL0m,Sukima Switch,全力少年,1440,0,65,78579,46267401
6woV8uWxn7rcLZxJKYruS1,3qQKrWwcqJlE4OS4e1ox7x,Kocchi no Kento,Hai Yorokonde,324,1,10,225334,46197657
1mWN1USPKg632qQXG9sfDL,2XjqKvB2Xz9IdyjWPIHaXi,Sheena Ringo,丸ノ内サディスティック,1403,0,37,75328,46083735
4QlSFkbRxZWkHDF1MqBaEY,2IUl3m1H1EQ7QfNbNWvgru,Vaundy,そんなbitterな話,431,55,5,215786,45771087
5klNADgwB1K5j2quV0SCDL,7fmXV2O48buswss04YetaN,HANA,Blue Jeans,141,135,1,541689,45534603
7Cnpb1vBbC46RgVyyKLH7p,6YVMFz59CuY7ngCxTxjpxE,aespa,Whiplash,395,40,6,251820,45145298
7D7GCO3CtDT1WDcj2W5VDV,6mEQK9m2krja6X1cfsAjfl,Ado,ギラギラ,608,0,22,152322,44734588
3P2aSkjcbUYbcYr13EFE8n,5kjGRHClVacSyllOUqU1S0,SPITZ,空も飛べるはず,1161,0,58,83094,44579837
6nIoYpfSvie3Ln46dyi8FC,6rs1KAoQnFalSqSU4LTh8g,back number,冬と春,490,20,6,242233,44522245
5PeXak0Ox3JmH2oor0qnGt,2IUl3m1H1EQ7QfNbNWvgru,Vaundy,恋風邪にのせて,601,0,13,159149,44175691
2hXPmiqKdXcbV0L1VKnTDN,7HwzlRPa9Ad0I8rK0FPzzK,SEKAI NO OWARI,最高到達点,461,0,17,193902,43848819
4ujiGt8LsQUoZF7wR0BZxW,7fmXV2O48buswss04YetaN,HANA,Drop,305,0,12,210171,43691768
1KLg01cjnRsENoFhJWUTSd,1snhtMLeb2DYoMOcVbb8iB,Kenshi Yonezu,Plazma,316,33,3,349401,43657871
1qE8DOtw7zdXHMgZm20eLM,7n2Ycct7Beij7Dj7meI4X0,TWICE,The Feels,549,3,10,176572,43617741
7hIfpcdUZcyCKHYy8gp49E,6rs1KAoQnFalSqSU4LTh8g,back number,瞬き,849,0,54,108327,43561062
6ODZT1FGTE2q4two05giS1,0hCWVMGGQnRVfDgmhwLIxq,sakanaction,新宝島,1272,33,2,89413,42785122
25BJRpLBe3i6d8okphoRAm,0jJmZHZHNe8n24Y33z5Nil,DISH//,猫 〜THE FIRST TAKE ver.〜,529,1,10,199716,42621107
2j7GjqDtsKbEhVq0Gw6a5Z,7jCHrVGjeHUYP2pHv8FOJ3,wacci,恋だろ,463,0,14,169063,42281831
1nysdCpKAh6yif4JkmoiNy,0ixzjrK1wkN2zWBXt3VW3W,Yuuri,カーテンコール,343,50,4,285127,41699407
37xJCjdzJ17S1jCDz3GwsB,4wCW8kZ8LL7QIdcE8EOKPP,BE:FIRST,Boom Boom Back,650,0,22,144449,41531744
1SdwlHsv8bWHbAlIw5Jfgo,5Vo1hnCRmCM6M4thZCInCj,OFFICIAL HIGE DANDISM,Laughter,524,21,9,164412,41005827
17A3UTMUWzCRn7I42exBhF,1EowJ1WwkMzkCkRomFhui7,RADWIMPS,君と羊と青,970,0,60,87502,40901704
2N0SPREDYqILVEFSsWF5N5,3JsHnjpbhX4SnySpvpa9DK,V,Love Me Again,491,0,15,156165,40800869
00GDUNeJd97qjKp2yrx0OC,2IUl3m1H1EQ7QfNbNWvgru,Vaundy,風神,325,35,4,294586,40547924
18gB0d6DaRPvrQBbl7WEuk,2IUl3m1H1EQ7QfNbNWvgru,Vaundy,Tokimeki,917,0,52,71895,40461930
2VBLFxCUyFp5BfmsZpxcis,3NTbOmzlj2cL86XFuDVFvZ,MAN WITH A MISSION,絆ノ奇跡,417,74,5,225856,40361043
6M6ZNRplLNspFEn6Ab3mOv,7gRg6C2qgQ1F01k3sgyEVt,SPYAIR,オレンジ,371,44,6,268584,40099642
7FiTlLKW0Knj8rm7lMa9N7,0pWR7TsFhvSCnbmHDjWgrE,Creepy Nuts,ばかまじめ,778,0,54,79046,39498628
4OL2UHjasZp21Z1c2htqPj,0psEe4IooMjolOPMrz9A5M,YOAKE,ねぇ,727,0,56,76202,39232761
4ayU74yaWEgHHpaf1WJ313,7KSbqXHO0xzNQhzaIWILIo,Masanori Otoda,fake face dance music,427,0,12,190843,39145132
7ELIV5p6Irk5MHsazeAFv6,6rs1KAoQnFalSqSU4LTh8g,back number,ベルベットの詩,532,0,22,143656,39086563
7KNY1e9x1MDvpBAmIAN3tz,4wCW8kZ8LL7QIdcE8EOKPP,BE:FIRST,夢中,221,33,5,256837,38857382
50zAEIE4B1QqhPjRMK2Xmh,5vV3bFXnN6D6N3Nj4xRvaV,Jin,Running Wild,184,45,1,520002,38553066
1iEsGutpDvMJG0zYqoKKmQ,5kVZa4lFUmAQlBogl1fkd6,Aimyon,桜が降る夜は,642,0,12,182639,38388604
5ptl2PXkiSth54HCuGO7vN,64tJ2EAv1R6UaZqc4iOCyj,YOASOBI,あの夢をなぞって,860,0,51,86759,38373307
56v8WEnGzLByGsDAXDiv4d,6HvZYsbFfjnjFrWF950C9d,NewJeans,ETA,454,0,11,199525,38372169
6c5k0VC9TBzlcKwtjpzFW2,7HwzlRPa9Ad0I8rK0FPzzK,SEKAI NO OWARI,silent,542,19,3,267480,38136952
2ISglgxR4TxUXxrA5Iqwzr,2IUl3m1H1EQ7QfNbNWvgru,Vaundy,世界の秘密,887,0,52,81233,38121213
4oPCfEDVIKnPJ6UPkhJPCa,1k5LyiTCRzPjORzcgHqJxF,Kanaria,酔いどれ知らず,593,0,51,107082,38045333
3VfcTMAgdty9VYOgeuyqiN,4QvgGvpgzgyUOo8Yp8LDm9,Mrs. GREEN APPLE,CHEERS,892,0,51,71167,37111981
0V2axJ946WH1vt9t5SGMLV,0aD7NQx7yauKlVDnqOxk6q,AI,Story,1299,0,17,92431,36964152
19kF4PkH9RmZlMSEOhSgdQ,4QvgGvpgzgyUOo8Yp8LDm9,Mrs. GREEN APPLE,lovin',780,0,66,78066,36832663
0Q5VnK2DYzRyfqQRJuUtvi,6RHTUrRF63xao58xh9FXYJ,IVE,LOVE DIVE,471,12,7,171498,36681626
6QGuDk8tY8Lan39gTWtXWK,1qM11R4ylJyQiPJ0DffE9z,Lilas,恋風,237,2,10,205103,36658260
5wc4f6crkCzAvwNhoEeMhh,0B1ce3uNrzkdm76NXI4mhX,Tani Yuuki,Myra,478,6,10,152742,36434483
35MeePbBnryubkVG0v8GbI,6rs1KAoQnFalSqSU4LTh8g,back number,ブルーアンバー,217,30,5,258402,36395334
3UHPGOkUcE4hE7sqBF4Snt,3Nrfpe0tUJi4K4DXYWgMUX,BTS,Film out,403,26,6,254474,35793440
3tRgmNTaFYgtbt7XCy6Les,5Vo1hnCRmCM6M4thZCInCj,OFFICIAL HIGE DANDISM,Same Blue,300,38,6,268350,35751619
2zxK14g3shGRbgjUmKaj2x,2vjeuQwzSP5ErC1S41gONX,CHANMINA,SAD SONG,309,0,11,214145,35724324
249gnXrbfmV8NG6jTEMSwD,3Nrfpe0tUJi4K4DXYWgMUX,BTS,Life Goes On,571,3,7,181247,35599205
2kXER8pkjxDVQnlagpVJJw,6S8w5rLsEwjN21jQeRES0n,Hitsujibungaku,more than words,284,11,8,227199,35494307
5Odq8ohlgIbQKMZivbWkEo,6VuMaDnrHyPL1p4EHjYLi7,Charlie Puth,Left and Right (Feat. Jung Kook of BTS),504,0,12,147902,35190852
5DgAgJbHcm74RyA9YKj6k1,3z8diLlUCkN1j9N9ZdnfBJ,NiziU,Step and a step,379,47,4,237554,35046696
7p8JJm7CT2F4k11f1DtNUa,1wJL6nbdvPwqPYuoqiw5aN,オレンジスパイニクラブ,キンモクセイ,464,0,13,152868,34911735
0NHu2Lo9MWkvhOggEy1bYg,1snhtMLeb2DYoMOcVbb8iB,Kenshi Yonezu,BOW AND ARROW,273,15,8,252309,34868400
2Co1E8jcju2tCgPZIqxkTr,4QvgGvpgzgyUOo8Yp8LDm9,Mrs. GREEN APPLE,breakfast,181,80,1,364192,34537376
0o9zmvc5f3EFApU52PPIyW,6bDWAcdtVR3WHz2xtiIPUi,Fujii Kaze,Shinunoga E-Wa,500,0,18,155259,34211811
2gYj9lubBorOPIVWsTXugG,6RHTUrRF63xao58xh9FXYJ,IVE,After LIKE,444,0,12,171787,34189949
7MhJmtlNl6R0oppdG59CaI,5Vo1hnCRmCM6M4thZCInCj,OFFICIAL HIGE DANDISM,Stand By You,826,93,7,91093,34132554
5Anr2wqdL182BsI02iCbcd,4WqXqPmUuenMIr4QaFrZXN,Saucy Dog,結,653,0,52,82658,34060667
15ioLYnlo3EqYyUNneuXJV,71UIOLnsacxQHlU55TvfiH,Da-iCE,スターマイン,618,0,55,85984,34026245
3oQaOjaIYPsnJbGNzXcIID,6wxfx1yhyqjCPYwwxJktR2,King Gnu,BOY,443,1,10,165939,33974671
5NxmDq0yXBYGfCbMqvIXuv,64tJ2EAv1R6UaZqc4iOCyj,YOASOBI,UNDEAD,369,12,8,242247,33931193
2yozZfRYHP7Elsymghu5t3,5Vo1hnCRmCM6M4thZCInCj,OFFICIAL HIGE DANDISM,宿命,296,290,2,160949,33713482
3Itdlob7CzXIQqydeVwutQ,4wCW8kZ8LL7QIdcE8EOKPP,BE:FIRST,Bye-Good-Bye,483,12,8,180212,33388765
7n2FZQsaLb7ZRfRPfEeIvr,6RHTUrRF63xao58xh9FXYJ,IVE,ELEVEN,488,0,22,140397,33343186
3IhHrBYZaxySuRu1zI7Vuk,6mEQK9m2krja6X1cfsAjfl,Ado,ウタカタララバイ,302,63,4,253964,33295632
3Ua0m0YmEjrMi9XErKcNiR,1oSPZhvZMIrWW5I41kPkkY,Jimin,Like Crazy,473,0,23,184515,33208888
6AvwRrfNtvWMG4w3MfKEoi,2rUfBClgdqQ4Svcg0A6gIl,noa,初恋キラー,211,49,3,364715,33164993
1BxfuPKGuaTgP7aM0Bbdwr,06HL4z0CvFAxyc27GXpf02,Taylor Swift,Cruel Summer,502,0,24,166068,32789110
1jtBcfrVYDtykjyM66hroR,6wxfx1yhyqjCPYwwxJktR2,King Gnu,Teenager Forever,619,43,2,165596,32509876
5NTtQCnREVVfZuBjVMF4dm,2ZjWbNQAjL74Pf4aqikIz2,Shota Shimizu,PUZZLE,243,0,11,223723,32467785
6Ea33AvEANARkK2QduzhRm,6wxfx1yhyqjCPYwwxJktR2,King Gnu,Hikoutei,596,14,7,134894,32225342
51JOzfozDdPMKxyEccRltg,5Vo1hnCRmCM6M4thZCInCj,OFFICIAL HIGE DANDISM,パラボラ,517,0,11,120805,31874204
23DbzwNJSLo7nkSWjODMvY,0blbVefuxOGltDBa00dspv,LiSA,Gurenge,358,140,7,128766,31753400
4sgMbwl9lXGyHcHmtFYGMm,6YVMFz59CuY7ngCxTxjpxE,aespa,Supernova,389,0,15,212574,31721574
2wgYCc1xORV5CI8psWTroo,5Vo1hnCRmCM6M4thZCInCj,OFFICIAL HIGE DANDISM,ホワイトノイズ,361,33,6,213081,31695031
7gJD9BarjoFwL2BNQ0rpWT,7AUc6z9aVJftqLkiWdQ1ew,GEMN,ファタール - Fatal,234,1,9,236869,31552460
6nqfKM9JvQIiuAuzWZFvGW,71KI7v1YqVU8cIFzBl47dh,もさを。,ぎゅっと。,505,0,31,123725,31549329
0ShUHmWaz48KgyjaOG7Tpv,726WiFmWkohzodUxK3XjHX,Hoshimachi Suisei,ビビデバ,274,0,14,203544,31381087
0TMFD7Pk2Er1W8xi6CDeTe,4v5IVXt3oH0iNuxW9O36BV,FRUITS ZIPPER,わたしの一番かわいいところ,417,0,51,110748,31360927
1rd3RSjrOShIUG8rG9FvDI,1snhtMLeb2DYoMOcVbb8iB,Kenshi Yonezu,Kanden,179,108,1,287603,31313465
6FHgHDXiGnRfhrSok9xAz3,6YqdtpUutxodni6lUD4stM,WANIMA,ともに,949,0,57,80230,31133232
096KHkONhQm4MQNH35mU22,2UMMVk4WPg6pKXQGvufnuG,TOMONARI SORA,鬼ノ宴,273,14,7,281978,31119132
2BfzhBl79bcPOHHXAXJkTY,2vjeuQwzSP5ErC1S41gONX,CHANMINA,ハレンチ,512,0,42,135737,30833423
51vRumtqbkNW9wrKfESwfu,4SpbR6yFEvexJuaBpgAU5p,LE SSERAFIM,UNFORGIVEN,387,0,13,186450,30757830
2iNLH2YkRdplxPA09jndW6,5kVZa4lFUmAQlBogl1fkd6,Aimyon,ラッキーカラー,345,0,15,195452,30639419
0zfNtgPJ5FLkbveRjSdCMb,42ogLtXLVjZryRz9j1zvOm,Kyanai,バニラ,394,0,13,147128,30634815
1oFqKeepmT5S8BCGqJl7Ar,5k7KS34gxQbzdQaXWSOVKC,AiNA THE END,革命道中 - On The Way,150,94,4,301657,30493420
2Bsg6EfrmEx0x0eC8v4vuG,6POfB0fHdzXFLWL3RHxLv8,Creep Hyp,栞,928,0,88,70973,30211709
6F0aYmicNttntvth7FXQEx,0jJmZHZHNe8n24Y33z5Nil,DISH//,Neco - The First Take Version,223,100,6,190829,30106131
5rJ7bdPmr8nfmm2JQ8xHOz,1VwDG9aBflQupaFNjUru9A,NAYEON,POP!,377,34,7,173295,30085976
3FUqp10RhCmMjyyB9extmo,4UK2Lzi6fBfUi9rpDt6cik,Yorushika,花に亡霊,540,0,28,120619,29722387
55Ww4Pa1iIQMhh0MLMetjo,6n4SsAp5VjvIBg3s9QCcPX,SUDA MASAKI,まちがいさがし,766,0,55,78152,29608566
45jGOHwYKgsRYbAJ8DR61d,706WzkJEacBrtkHKRpBU2q,Motohiro Hata,ひまわりの約束,1475,0,25,56683,29577540
6NKn02oJDkUkRa9IHbMe3n,1S2S00lgLYLGHWA44qGEUs,Gen Hoshino,不思議,462,0,11,177303,29555771
6skNbV22epX2yHu4O2hYSx,7JthQ6zwNzfxRfIEjp6wUs,HIRAIDAI,題名のない今日,653,0,56,65822,29424110
2eKEFanCoyAlSPc5XPSkrj,4QvgGvpgzgyUOo8Yp8LDm9,Mrs. GREEN APPLE,天国,203,40,1,344836,29220662
2Fxmhks0bxGSBdJ92vM42m,6qqNVTkY8uBg9cP3Jd7DAH,Billie Eilish,bad guy,755,17,5,112770,28891515
0hQNbQKW2dDATH1ngj4TI6,5R7AMwDeroq6Ls0COQYpS4,Kep1er,WA DA DA,337,0,12,167042,28661078
70t7Q6AYG6ZgTYmJWcnkUM,6RHTUrRF63xao58xh9FXYJ,IVE,I AM,380,0,16,170739,28654291
6Qq8UOS6QzeSYFUVXC5wEB,2mJOGcLR3aCHkM1uAF93or,DREAMS COME TRUE,何度でも,1369,0,34,63238,28636470
3awymLmIrvn9lkJeFpmRSf,7JthQ6zwNzfxRfIEjp6wUs,HIRAIDAI,また逢う日まで,917,0,60,93997,28455783
7w6NWogvAAFdEhD9MA2uvv,1snhtMLeb2DYoMOcVbb8iB,Kenshi Yonezu,LADY,277,32,3,254062,28231783
0k4KaqElLVjdR6sVHPTS6h,6rs1KAoQnFalSqSU4LTh8g,back number,君の恋人になったら,515,0,50,126313,28137006
4oE7MyJhqSD3BaHRpNs8Nl,1snhtMLeb2DYoMOcVbb8iB,Kenshi Yonezu,JANE DOE,71,70,2,571831,28112725
4gxEY3Mh5FZZDAJAKPNrCS,4SpbR6yFEvexJuaBpgAU5p,LE SSERAFIM,CRAZY,275,0,14,203620,28027616
6MXlv5l2I2BRa9pO38dE1a,6WmXWHmfBMhupyIs8MSqtu,natori,フライデー・ナイト,306,23,6,212034,27958998
01vIbnKIo9QDYeqSc7ecoi,6TDMbiQCWeMClsMr9ORLRK,aiko,相思相愛,233,31,5,326860,27759900
0o3zVVGJkb1QIOMF9xySiu,26ZBeXl5Gqr3TAv2itmyCU,indigo la End,名前は片想い,314,0,16,184317,27581004
5RhWszHMSKzb7KiXk4Ae0M,7lbSsjYACZHn1MSDXPxNF2,Hikaru Utada,One Last Kiss,399,37,5,269123,27216444
4btYb7Tfjw5bQazC6bQXpl,6wxfx1yhyqjCPYwwxJktR2,King Gnu,ねっこ,241,0,11,229573,27167026
0iEzzJ3zmNQqATy2MilumS,3z8diLlUCkN1j9N9ZdnfBJ,NiziU,Take a picture,350,36,6,258317,26852744
2MmgGuQzr0kkiA04lMdPXW,7LTiBdByoaUd329wCpmMcM,MAISONdes,トウキョウ・シャンディ・ランデヴ,305,0,23,147188,26835568
3mSqtn05vfpqAMpFTLsxpi,2q2P3aOEL8WUFApgPupsM9,Yoru no Hitowarai,ミライチズ,384,0,13,167586,26694326
0dzbNEBsrs17os3jJOFLar,0LOK81e9H5lr61HlGGHqwA,XG,IS THIS LOVE,239,0,16,187822,26508440
01qFKNWq73UfEslI0GvumE,6HaGTQPmzraVmaVxvz6EUc,Jung Kook,3D,281,17,8,218002,25953814
34PR0zLBVl7VMF9E7dDwdo,6wxfx1yhyqjCPYwwxJktR2,King Gnu,雨燦々,301,2,8,165284,25863599
5SE57ljOIUJ1ybL9U6CuBH,3Nrfpe0tUJi4K4DXYWgMUX,BTS,DNA,1313,17,2,49636,25820709
1uveEvgKX4irLcp1BUTIFD,7kOrrFIBIBc8uCu2zbxbLv,yama,色彩,284,0,14,179332,25783867
7eUt3Ed2PSocfPSVaNhAEI,1Y5vJqABeI6QI6R95EDV6o,tuki.,地獄恋文,193,7,10,247628,25772080
52RfEh76AVKPwtUtTV9ufl,1snhtMLeb2DYoMOcVbb8iB,Kenshi Yonezu,Pale Blue,347,33,4,243097,25730584
2wRKOmpe6I7q6k69bkjuFU,0bp9CvkjQYhUJvWRHjFRWI,WEDNESDAY CAMPANELLA,エジソン,277,30,7,187015,25612007
20mMzqcOAO1J5qmM7Q6sP0,7fmXV2O48buswss04YetaN,HANA,Burning Flower,176,16,6,253438,25514540
14rWuS6yllHOdfZ8sZsZUj,7n2Ycct7Beij7Dj7meI4X0,TWICE,Feel Special,772,0,13,54715,25500621
2FHexlZenTsS3lsjUYHiDx,38WbKH6oKAZskBhqDFA8Uj,ZUTOMAYO,正しくなれない,370,0,16,170531,25436359
0kqTXMHiQiB7IECD0WwcPq,7n2Ycct7Beij7Dj7meI4X0,TWICE,Talk that Talk,322,0,13,171341,25403951
296nXCOv97WJNRWzIBQnoj,4SpbR6yFEvexJuaBpgAU5p,LE SSERAFIM,FEARLESS,364,0,15,143894,25262265
1EM9pvygHqQm03as6sxLg9,6bDWAcdtVR3WHz2xtiIPUi,Fujii Kaze,旅路,568,0,59,82817,25073034
2ntXQnx4ZUraj1u5Hwqjem,1EowJ1WwkMzkCkRomFhui7,RADWIMPS,そっけない,568,0,62,95159,24977762
3Tlx6rfMlWhce9mV4NTDdp,4QvgGvpgzgyUOo8Yp8LDm9,Mrs. GREEN APPLE,StaRt - Instrumental,400,0,69,85875,24947796
3apeXzypBMnUfYcZYNX6DH,7n2Ycct7Beij7Dj7meI4X0,TWICE,I CAN'T STOP ME,447,0,11,161211,24803731
0bYg9bo50gSsH3LtXe2SQn,4iHNK0tOyZPYnBU7nGAgpQ,Mariah Carey,All I Want for Christmas Is You,386,65,1,495459,24705577
6x7SB38tuekpu4xpH9OIPY,1snhtMLeb2DYoMOcVbb8iB,Kenshi Yonezu,地球儀,195,14,6,231762,24660826
5XWlyfo0kZ8LF7VSyfS4Ew,6YVMFz59CuY7ngCxTxjpxE,aespa,Drama,413,0,62,82213,24578422
5hVAQTNarrb3lmWqg9Ens4,1qM11R4ylJyQiPJ0DffE9z,Lilas,Answer,600,0,72,58156,24577723
5SuOikwiRyPMVoIQDJUgSV,1S2S00lgLYLGHWA44qGEUs,Gen Hoshino,Comedy,294,42,6,184168,24524766
7rPEpMvt6O2Np1i7TFk3Hc,6wxfx1yhyqjCPYwwxJktR2,King Gnu,TWILIGHT!!!,160,35,2,397657,24509612
41PdvmQ3BrbEoMReSDCDGP,4QvgGvpgzgyUOo8Yp8LDm9,Mrs. GREEN APPLE,アポロドロス,284,0,20,184426,24410254
4n1x8gmuHKOJ1BNFnBsgTh,4WqXqPmUuenMIr4QaFrZXN,Saucy Dog,魔法にかけられて,458,0,52,78931,24383472
10mmoWFRBG9mlLekSWYzWT,1XErHyc10VN8bfGKma1Yyc,Leo Ieiri,未完成,434,0,20,101053,24287293
3S3DDZrPOYTirleXRyHnNM,5Vo1hnCRmCM6M4thZCInCj,OFFICIAL HIGE DANDISM,イエスタデイ,232,222,3,139910,24159741
3hRRYgBeunE3PTmnzATTS0,0hSFeqPehe7FtCNWuQ6Bsy,BUMP OF CHICKEN,天体観測,867,0,58,60354,24053140
2VIK6jaaKghS4QPHr6sAkv,38WbKH6oKAZskBhqDFA8Uj,ZUTOMAYO,あいつら全員同窓会,335,0,13,179738,23888875
39LyUQIy7idLxPdsjyZsxe,7k73EtZwoPs516ZxE72KsO,ONE OK ROCK,Wasted Nights,895,26,4,45089,23754156
3ibqi5ANZtNI7QXOgUnFsL,6le80R1opKnTlP4o3KvA2k,Uru,それを愛と呼ぶなら,499,0,51,92051,23602871
2KslE17cAJNHTsI2MI0jb2,6HaGTQPmzraVmaVxvz6EUc,Jung Kook,Standing Next to You,262,0,12,192212,23435968
4HgsPAX3MmMgIT60hJ4W4U,38WbKH6oKAZskBhqDFA8Uj,ZUTOMAYO,秒針を噛む,845,0,51,53089,23388013
7gUuCeZLFynSj28GCjoiGG,6FuFgQvi3GNYr4yDuh4Fxq,Conton Candy,ファジーネーブル,213,0,14,189544,23337473
7jtXjZ3JViUo9M3ogYAapO,1IEretLePzJKj8R6KCEaBA,Soushi Sakiyama,燈,203,10,10,206370,23228356
2028QNsVTmp5IF7UK4ZnaE,2ZjWbNQAjL74Pf4aqikIz2,Shota Shimizu,花束のかわりにメロディーを,608,0,71,55899,23147798
7G7mSV4BebkoHWwKTDvXu9,3JsHnjpbhX4SnySpvpa9DK,V,Winter Ahead,328,0,46,137957,23076456
79TdseXlAiANFOTstIwejv,0jJmZHZHNe8n24Y33z5Nil,DISH//,沈丁花,478,0,51,74947,22916367
46HNZY1i7O6jwTA7Slo2PI,4gzpq5DPGxSnKTe4SA8HAU,Coldplay,My Universe,322,13,9,191453,22898559
2otdcgLtoowuQzlU0Cx827,6cutt8thPFUICMfxaYerWd,MY FIRST STORY,夢幻,226,0,11,232676,22845966
2gasr6aemUqZIBBN05EO03,2ZjWbNQAjL74Pf4aqikIz2,Shota Shimizu,My Boo,1511,236,3,29364,22775858
5hzOyvCqy8sb39xGXUEdpb,216arN9tLMMn2ltwEAxmF5,SG,僕らまた,525,0,62,73159,22745404
3k64vNcgYPkETG7TNgpW4o,2IUl3m1H1EQ7QfNbNWvgru,Vaundy,裸の勇者,507,0,51,89517,22599249
6SwATVDZUy3jha72jDyxe2,4SJ7qRgJYNXB9Yttzs4aSa,Ryokuoushoku Shakai,サマータイムシンデレラ,278,0,13,185266,22281253
5XhxMq0dQNenKr6eDU79Ka,420aixNZr4paRQmuRXz3DS,Orangestar,Surges,582,0,70,65953,22220010
3lUOzabhWYyRImRszpJGOU,2IUl3m1H1EQ7QfNbNWvgru,Vaundy,CHAINSAW BLOOD,229,18,7,223387,22183599
5TIMNeqGc26Ohw0yfcAfGB,7jCHrVGjeHUYP2pHv8FOJ3,wacci,No Regret,487,0,27,90103,22179260
5G24eB35Ucu4A8MPKLNV9B,7JthQ6zwNzfxRfIEjp6wUs,HIRAIDAI,祈り花,932,0,75,63754,22092535
3TDUktzfYXMWjkWqwoT5F1,3Nrfpe0tUJi4K4DXYWgMUX,BTS,Lights,796,0,15,42336,21920197
3pwe5YS438tETO53DSfTnl,0ySFZq3Wd0SQUyJUzmJAeb,sumika,Lovers,747,0,57,88442,21845498
2dcUJfnd2BAKS7jUSdlmmO,0IwZVmMMGE7nNXS7vN9SIo,MISAMO,NEW LOOK,162,17,7,245815,21839567
7qOsSOpiL3R8RKyiBtIYNQ,0hSFeqPehe7FtCNWuQ6Bsy,BUMP OF CHICKEN,SOUVENIR,219,4,10,195268,21831957
6KLaKHxwJE3CZECVJLH4cN,5Vo1hnCRmCM6M4thZCInCj,OFFICIAL HIGE DANDISM,Universe,546,0,52,76918,21785260
7BMKWT0Vw0EKDELXLvuWCp,6wxfx1yhyqjCPYwwxJktR2,King Gnu,三文小説,287,0,12,167471,21675404
46gSY0U7ZZCmd7EuJuo15N,1AyWsgtaIgXbzjJlTx2ZDp,AAA,恋音と雨空,1321,66,6,35856,21659388
4zdQmfTLWgGd5mAX4MUIaX,1XYuC1vxinTjHCNd5clB8C,ARASHI,Turning Up,489,9,3,112724,21580188
2pIUpMhHL6L9Z5lnKxJJr9,6HvZYsbFfjnjFrWF950C9d,NewJeans,Attention,428,0,54,79626,21395296
7xfPyBgb9om8iUooItxHl8,7JthQ6zwNzfxRfIEjp6wUs,HIRAIDAI,Buddy,459,0,51,82885,21331720
7H5uStZMOGpcVw7eW0eyTi,4L9VSeE7K3BTBndqEL9A6q,Nissy,トリコ,852,0,22,49964,21320700
38Ypb7FJIGVovqqQO2Yu5S,0pWR7TsFhvSCnbmHDjWgrE,Creepy Nuts,二度寝,186,13,8,265619,21310364
52ItXyP098zb8OR4na4iQk,1snhtMLeb2DYoMOcVbb8iB,Kenshi Yonezu,がらくた - JUNK,171,21,4,267396,21305255
3JdeDiWCJW7KFLr58GHrSQ,6wxfx1yhyqjCPYwwxJktR2,King Gnu,Umbrella,449,8,5,127201,21148911
1g1AXdio16Yh5SXgPBXcfq,3jpPlA4ASvE9TlObazOIee,BLOOM VASE,CHILDAYS,474,0,54,68345,21073770
185Wm4Mx09dQG0fUktklDm,64tJ2EAv1R6UaZqc4iOCyj,YOASOBI,ラブレター,295,0,15,153218,20812154
1CPZ5BxNNd0n0nF4Orb9JS,2yNNYQBChuox9A5Ka93BIn,HUNTR/X,Golden,143,0,13,213495,20801059
2O4Bb2WCkjlTPO827OnBMI,4SpbR6yFEvexJuaBpgAU5p,LE SSERAFIM,EASY,200,0,17,181665,20637773
6IHWPY5iBUI1AOUclbtE6F,1S8OQ9SqlLdD9l4paaZMuZ,Ayase,夜撫でるメノウ,410,0,51,89834,20634614
12fFNgW4IoYQdRCfqCPk9d,4QvgGvpgzgyUOo8Yp8LDm9,Mrs. GREEN APPLE,ニュー・マイ・ノーマル,459,0,57,77006,20632282
1MUZitHRpmng5NevrvNx4T,1SIocsqdEefUTE6XKGUiVS,BABYMONSTER,DRIP,224,0,33,157529,20590702
6baeV3RT4kpivo327DC3AM,6le80R1opKnTlP4o3KvA2k,Uru,Anataga Iru Kotode,452,0,11,90027,20442633
7r23DlIJauiYbGYojLgarV,5Vo1hnCRmCM6M4thZCInCj,OFFICIAL HIGE DANDISM,SOULSOUP,141,0,12,217233,20415468
7mSVOYRseiZi20xtBKhHnF,3uyDATzOGjbGCts7v2eszk,MISIA,アイノカタチ,543,0,96,64565,20264911
19fhOFi6pNGeZe5uiFlm7c,64tJ2EAv1R6UaZqc4iOCyj,YOASOBI,優しい彗星,411,0,52,83475,20247809
45LUKiex0D78VuhP3Oz6mG,6whFEcaV75AmQMiwlfaxvc,QUEEN BEE,メフィスト,192,0,17,176839,19980199
1w2tdCsX2yKFjbh3wHII94,64tJ2EAv1R6UaZqc4iOCyj,YOASOBI,アドベンチャー,326,0,29,132869,19965674
76flsS3UnNr7UQIz6JmVT3,3uyDATzOGjbGCts7v2eszk,MISIA,Ainokatachi,895,35,6,32309,19815293
5qqqgLXECWbgaKLlq4YWkS,2rUfBClgdqQ4Svcg0A6gIl,noa,全方向美少女,176,0,19,180851,19783599
2RMBCQdXkfFArpX3NIuuNm,7jiFTNRWSw8zYgUj9wNJld,neguse.,織姫とBABY,129,25,7,265026,19736920
2SzXlu48l0sqApK9hBWZtg,5Vo1hnCRmCM6M4thZCInCj,OFFICIAL HIGE DANDISM,HELLO,324,0,16,136369,19666335
2JY4tbfUERXveQxv6wTFFv,6wxfx1yhyqjCPYwwxJktR2,King Gnu,Doron,417,23,8,116791,19555052
2BgEsaKNfHUdlh97KmvFyo,1zNqDE7qDGCsyzJwohVaoX,Anne-Marie,2002,1110,5,6,51990,19500982
0bdAQ9dwLA5cJtgM05PRKW,4TaSvnT5o4REFwhqfrmK27,imase,Nagisa,195,1,10,197836,19383993
2mRMcwDCNyYvBXaoUxmsmE,4WqXqPmUuenMIr4QaFrZXN,Saucy Dog,優しさに溢れた世界で,279,9,7,169677,19356934
0BYa5V0RyOYthDeCMUBJQZ,1EowJ1WwkMzkCkRomFhui7,RADWIMPS,me me she,288,0,51,118474,19224427
0fK7ie6XwGxQTIkpFoWkd1,250b0Wlc5Vk0CoUsaCY84M,JENNIE,like JENNIE,208,0,24,168193,19193770
20VZXnRzvcS0qVMOThjjmM,7fmXV2O48buswss04YetaN,HANA,Tiger,220,0,51,112426,19081122
4IubwxgmXeZtDtYjTaT9gN,706WzkJEacBrtkHKRpBU2q,Motohiro Hata,鱗(うろこ),1126,0,18,52862,18987989
4SFknyjLcyTLJFPKD2m96o,41MozSoPIsD1dJM0CLPjZF,BLACKPINK,How You Like That,407,5,6,127639,18960617
6D6Pybzey0shI8U9ttRAPx,7k73EtZwoPs516ZxE72KsO,ONE OK ROCK,欲望に満ちた青年団,630,0,80,70863,18936930
61DzuO5GOWbN9aX9G4Pop9,7HwzlRPa9Ad0I8rK0FPzzK,SEKAI NO OWARI,Romantic,178,0,23,185075,18762189
79zgdvnTPyWSuTrd48Ik5O,1qM11R4ylJyQiPJ0DffE9z,Lilas,百花繚乱,184,0,30,152534,18722408
3JzAKk0CpUlgzS1mPqzBwk,2ZjWbNQAjL74Pf4aqikIz2,Shota Shimizu,Curtain Call,397,0,51,85514,18662868
389rEslJY9vh7TZemIA4y7,6WmXWHmfBMhupyIs8MSqtu,natori,絶対零度,153,0,19,187082,18645161
7emibp3qHeqNNYqZ2Y09xb,4upiYMjsFfLRieGo8RVRzD,ORANGE RANGE,Ikenai Taiyou,272,0,26,158152,18620859
3RpFwqdROrxJvHywpT1pJ4,7k73EtZwoPs516ZxE72KsO,ONE OK ROCK,Renegades,240,25,8,197142,18613206
5ocSQW5sIUIOFojwXEz9Ki,6HvZYsbFfjnjFrWF950C9d,NewJeans,Supernatural,174,0,14,216616,18528538
3LWVXp636uLT356Rj08Jaz,1oSPZhvZMIrWW5I41kPkkY,Jimin,Be Mine,261,0,51,108296,18516940
4b5oBON2DgamONUxvP4JyQ,7JthQ6zwNzfxRfIEjp6wUs,HIRAIDAI,Slow & Easy,1050,0,67,69842,18313661
0oxWaHk4e669g5VHbQCflA,7lbSsjYACZHn1MSDXPxNF2,Hikaru Utada,君に夢中,206,17,2,207379,18305690
0jfFu1W96AlrsMqXSZZlSt,3z8diLlUCkN1j9N9ZdnfBJ,NiziU,Poppin' Shakin',255,1,10,187199,18223262
0cN6iBeCR7NgeBeTIKjLml,6mEQK9m2krja6X1cfsAjfl,Ado,阿修羅ちゃん,382,0,52,77733,18142409
3kjByZ9bCHIxJR3nYofZEm,1mnAFQLFTaUbccNqvK5pqX,YU-KA,星月夜,220,1,10,193452,18115079
0I0zZHGJ6ea8TxwbUvvJEH,6TDMbiQCWeMClsMr9ORLRK,aiko,花火,311,0,58,92398,18107348
4Fh1CzvLHIUn26tjbZZ1mR,1EowJ1WwkMzkCkRomFhui7,RADWIMPS,カナタハルカ,167,16,6,210399,18076075
2QyuXBcV1LJ2rq01KhreMF,3Nrfpe0tUJi4K4DXYWgMUX,BTS,ON,595,0,16,82568,18023450
53B8VwuDvaxVo1HmVgTECu,5WIXXPkyVYncLscyUbDrpi,Tota,紡ぐ,282,0,53,93182,17882132
4QhnNyKDsAkXPwHkSnuc89,4SpbR6yFEvexJuaBpgAU5p,LE SSERAFIM,"Eve, Psyche & The Bluebeard’s wife",314,0,53,91937,17863907
0DPNaz9xQ0AKUsCOvfakqy,4WqXqPmUuenMIr4QaFrZXN,Saucy Dog,あぁ、もう。,423,0,61,59217,17811130
7BKLCZ1jbUBVqRi2FVlTVw,69GGBxA162lTqCwzJG5jLp,The Chainsmokers,Closer,1385,202,1,81034,17799305
6MrJYU78mz1Vth83LDFRlG,6oued35Hkg7GIEXqVfBrQK,WurtS,分かってないよ,420,0,56,75237,17685406
2JPT05xVbGuIkAc0LNRo3s,6mEQK9m2krja6X1cfsAjfl,Ado,風のゆくえ,172,23,8,192202,17606084
4Y0chGCyYIRpdUqHJjndF7,7n2Ycct7Beij7Dj7meI4X0,TWICE,Celebrate,249,9,9,166519,17503010
5hL1l3xsH0ZyKl8yUI6woj,6mEQK9m2krja6X1cfsAjfl,Ado,Tot Musica,164,38,7,215369,17432377
2FXd6kKCtBIc6UfN1gH1pA,7n2Ycct7Beij7Dj7meI4X0,TWICE,FANCY,755,24,5,42974,17418272
3TZ7NHkMT82AhwuYsd00Hz,3Nrfpe0tUJi4K4DXYWgMUX,BTS,Your eyes tell,466,0,29,88575,17333881
22sQUmLhT8umlEhQzDrzfJ,7rpKUJ0AnklJ8q9nIPVSpZ,Reol,第六感,443,0,54,65906,17260021
69AwhLeXrM9yAvE0EBSVdw,4XFkDALFTsSHVnRtJSsaMN,Number_i,未確認領域,113,3,3,269001,17134133
3NP2nqAgMELIV3MAhrFNMx,0jJmZHZHNe8n24Y33z5Nil,DISH//,Neko,223,0,16,143743,17132818
5H1sKFMzDeMtXwND3V6hRY,41MozSoPIsD1dJM0CLPjZF,BLACKPINK,JUMP,143,5,9,232093,17043538
7tnYsRepXLaNhqj4xtcWP2,6bDWAcdtVR3WHz2xtiIPUi,Fujii Kaze,grace,176,0,13,179237,16926871
4cHB6U8fasfxq7XD8uNxuK,3rTxb36W3M1BCxx00iiwMU,SORANE,Hug,408,0,51,67331,16851535
38tXZcL1gZRfbqfOG0VMTH,6HvZYsbFfjnjFrWF950C9d,NewJeans,How Sweet,173,0,22,194076,16837671
2e1gUS6Wv8GS8ZT6FMeE1J,4kpQdAU7yPjqtiJsFcBTBb,Rokudenashi,ただ声一つ,316,0,89,71173,16827852
52IsIvHidofM9JMjw78Jyz,0blbVefuxOGltDBa00dspv,LiSA,再会 (produced by Ayase),256,0,32,130068,16808818
222BlW44cS9nOM6C369IB2,5Vo1hnCRmCM6M4thZCInCj,OFFICIAL HIGE DANDISM,アポトーシス,282,0,13,159239,16706172
3aW0ds4A4tSQDIp75FqWTo,3Nrfpe0tUJi4K4DXYWgMUX,BTS,FAKE LOVE,915,33,1,45339,16693243
75yAymNsjxzPPNG6LiIQ9P,36cgvBn0aadzOijnjjwqMN,ILLIT,Almond Chocolate,176,0,12,193916,16686413
4WV6zSmQVMmgSAaY9M5bVE,6xiT2jISLeWrj8udndxqW4,SugLawd Familiar,LONGINESS REMIX,241,0,51,91619,16676128
32H7fwKsaYtSl6qiXFI6I6,0GZ65zwBwkkwGNJ3zagtTZ,MILLENNIUM PARADE,U,217,10,8,189760,16629703
2H3bOGOE50qEo5wAYoJiwL,5kVZa4lFUmAQlBogl1fkd6,Aimyon,貴方解剖純愛歌〜死ね〜,746,1,10,45422,16606409
2GICOigS4ByugDisRegs3M,6MGHit7sV38BhpChZYByFv,SHISHAMO,明日も,643,0,51,102907,16580393
4XObDlhGp6sREJoZj2lFv2,2IUl3m1H1EQ7QfNbNWvgru,Vaundy,走れSAKAMOTO - RUN SAKAMOTO RUN - Opening theme to SAKAMOTO DAYS,143,0,19,193800,16518172
38DlSDrx9tgc5Gfq6y3aBa,7n2Ycct7Beij7Dj7meI4X0,TWICE,MOONLIGHT SUNRISE,192,3,10,192277,16479596
2TRxremVZ0t2JVu5OFxbiA,5Vo1hnCRmCM6M4thZCInCj,OFFICIAL HIGE DANDISM,らしさ,117,0,20,177496,16431201
2WpgKrUoWaZHQLTgT6aZBF,2mJOGcLR3aCHkM1uAF93or,DREAMS COME TRUE,大阪LOVER,420,0,81,78831,16406548
0b7IBgZjedM53ufZV4f4CL,5kjGRHClVacSyllOUqU1S0,SPITZ,楓,1039,0,27,85454,16391611
5gh0y6ZmuppQvoPbAGkeE2,5kVZa4lFUmAQlBogl1fkd6,Aimyon,愛を知るまでは,434,0,52,84126,16377021
0H3RFIhXuuRoQyNKYdvSbn,6sX1XKgDIiAcVZof0SgWUe,Koresawa,元彼女のみなさまへ,139,0,14,219323,16367351
3CmVQtVx9KlzOuPhRJRShH,2IUl3m1H1EQ7QfNbNWvgru,Vaundy,ホムンクルス,117,0,18,204423,16279027
19op3QHIz9Aq5VdwsASXIz,1snhtMLeb2DYoMOcVbb8iB,Kenshi Yonezu,Uma to Shika,267,7,5,200775,16211238
13KOSEIdzpafSyYCUldj7z,45ft4DyTCEJfQwTBHXpdhM,milet,us,541,0,17,51326,16149686
6v1pCoeCJjphsCyh148icW,4Yq4M6kdQTjkPBOp7aPJrA,CANDY TUNE,倍倍FIGHT!,244,0,56,91836,16130582
0kA7SWxWPYqSyIbMl51X5b,5Kpt1mryjiwHa9goYPQG1o,flumpool,君に届け,895,0,21,38045,16076204
5I6JLJqnZICLvPebTj2YCm,1XYuC1vxinTjHCNd5clB8C,ARASHI,Love so sweet,594,2,10,76370,16029002
6twDMJoG8tzwL21LQ3EEtA,4wCW8kZ8LL7QIdcE8EOKPP,BE:FIRST,Mainstream,174,6,7,221101,15974224
3sFdaHo9D3hfiFt2wVi6a5,1snhtMLeb2DYoMOcVbb8iB,Kenshi Yonezu,M八七,223,25,4,207396,15916305
3zfyzbHuqcT2AAffAyLm02,0q7KOr99MYmwKxivChxpSd,Ai Otsuka,プラネタリウム,748,0,59,92774,15607056
10SRMwb9EuVS1K9rYsBfHQ,3Nrfpe0tUJi4K4DXYWgMUX,BTS,Yet To Come,202,22,1,265639,15601014
3AVLsBieDGotYuo5RPEL64,79nkC8XZ5ohEVU0Xlf5Ael,SOUTHERN ALL STARS,真夏の果実,321,0,63,72703,15570118
0DygiZzrBa3T4DaOEQSMrf,4UK2Lzi6fBfUi9rpDt6cik,Yorushika,アルジャーノン,191,0,17,156727,15475122
2plbrEY59IikOBgBGLjaoe,1HY2Jd0NmPuamShAr6KMms,Lady Gaga,Die With A Smile,247,0,66,79299,15453468
364JzOajs76bJymjHm3sVY,1snhtMLeb2DYoMOcVbb8iB,Kenshi Yonezu,ピースサイン,390,0,101,77176,15410517
6ZuVKevLRPlRAtywcr4Xp0,72owWXEwmyfKq3ajrajPAN,Mega Shinnosuke,愛とU,190,0,37,156808,15377117
621pzEeNauLzgQrmVvCMEA,0EmfXhT2Bhc53cyK3hrZM5,8LOOM,Melody,160,0,13,187064,15335735
2XS2jEncSJsetNZdVtlpeo,1j2WhcTW00Zd2SjFYsJVc6,=LOVE,とくべチュ、して,218,0,55,97756,15266640
4zXRMjTaeflesB3Ih4eHnJ,7k73EtZwoPs516ZxE72KsO,ONE OK ROCK,Stand Out Fit In,702,72,2,49386,15264868
3HCGX2gmPLu6ttkbYvPGTR,1EowJ1WwkMzkCkRomFhui7,RADWIMPS,すずめ,153,13,8,217812,15194622
6x6MPCHCBGyPDPXkoelyVN,7fmXV2O48buswss04YetaN,HANA,BAD LOVE,85,25,3,275987,15098933
3u0e8pyoVc7l2u3T5thohY,5kVZa4lFUmAQlBogl1fkd6,Aimyon,空の青さを知る人よ,440,0,14,50316,15071968
0lizgQ7Qw35od7CYaoMBZb,66CXWjxzNUsdJxJ2JdwvnR,Ariana Grande,Santa Tell Me,287,20,2,352837,14849502
5h1BN75CEh8wdSwE1xrbSe,3JsHnjpbhX4SnySpvpa9DK,V,Slow Dancing,184,0,18,165616,14800192
5hcWlcZE9vFMeaFaTjo1Zf,3w6COh5nodshWjNOC2ZWqY,Haruma Miura,Night Diver,227,0,14,116907,14793940
2gbVuqze7bpndIy1q9rFvv,205dGSmCjnFA0Mjptshdsx,Chinozo,グッバイ宣言,335,0,54,74687,14775282
3tmFGmmYcYdI8tZRSLlc0G,2koP6FEfIEVk4l2Fe6jFhu,JO1,Love seeker,165,0,28,170976,14759199
3HGHvxci8vnRg7RZ5E6lzi,2rUfBClgdqQ4Svcg0A6gIl,noa,1000日間,117,0,24,170036,14721381
0CZB07xMxIGRfCZT93ynFj,76QUiw7IqXtPsy2dqmr2ev,Suzukisuzuki,海のリビング,361,0,53,70787,14672800
4xzrnTQ0CVRj6LBisVyTum,0LOK81e9H5lr61HlGGHqwA,XG,SOMETHING AIN'T RIGHT,140,0,22,182333,14654987
4cPwi7lcWxRQNEb4xC77fC,38WbKH6oKAZskBhqDFA8Uj,ZUTOMAYO,TAIDADA,136,0,30,164220,14595886
1klq7dgG1Pz0ijci5Pmae1,2dIgFjalVxs4ThymZ67YCE,Stray Kids,CASE 143,256,0,54,76446,14450435
1YVuXOCjN1GkGYqZ8RCcF3,6rs1KAoQnFalSqSU4LTh8g,back number,幸せ,251,0,72,92383,14361212
2HovXsvcdJur52BOcYGydz,0bAsR2unSRpn6BQPEnNlZm,Aimer,カタオモイ,383,0,62,58083,14081758
7GoPAWftpQzN8euEs2mgM6,0B1ce3uNrzkdm76NXI4mhX,Tani Yuuki,おかえり,290,0,80,71439,14073183
7raKnLKyQSatDiVVpiZDds,4UK2Lzi6fBfUi9rpDt6cik,Yorushika,忘れてください,116,0,14,204336,13979234
0f3Ce9xjHymExIpEyHUC8D,6bDWAcdtVR3WHz2xtiIPUi,Fujii Kaze,優しさ,467,0,52,47028,13943370
1njlnn8ZKHI77Pe9szIONR,1SIocsqdEefUTE6XKGUiVS,BABYMONSTER,SHEESH,155,0,30,158757,13941097
2qSkIjg1o9h3YT9RAgYN75,74KM79TiuVKeVCqs8QtB0B,Sabrina Carpenter,Espresso,231,0,64,83488,13811500
6g93YtKKHU2H1qIqhLIL0Y,0bAsR2unSRpn6BQPEnNlZm,Aimer,Kataomoi,1103,0,54,58732,13728380
4f3nDjgqXurMryYBSp0TZD,7k73EtZwoPs516ZxE72KsO,ONE OK ROCK,The Beginning,1360,0,23,29625,13727515
2bAAj29XGc4h1G4oEGYCmg,7n2Ycct7Beij7Dj7meI4X0,TWICE,MORE & MORE,301,0,13,107512,13718046
5eXXJJuejAUkggSgIINU1V,71KI7v1YqVU8cIFzBl47dh,もさを。,きらきら,358,0,55,61552,13708463
0HYAsQwJIO6FLqpyTeD3l6,6bDWAcdtVR3WHz2xtiIPUi,Fujii Kaze,死ぬのがいいわ,88,31,7,219789,13690184
3wGeCSeMbiFUryh5MZ4iNT,2FqdskWqZqDdlSnAIo9BGA,KAMI WA SAIKORO WO FURANAI,夜永唄,393,0,54,58285,13603134
6Yv0xoR37tcxzvey8ybW5l,3z8diLlUCkN1j9N9ZdnfBJ,NiziU,Chopstick,198,0,13,160790,13514984
3GiADMmI5jfkhF2o4a2G8N,6bDWAcdtVR3WHz2xtiIPUi,Fujii Kaze,真っ白,115,0,11,220703,13508587
2VmWOZiKDnLq373THopgWC,6WmXWHmfBMhupyIs8MSqtu,natori,プロポーズ,139,0,25,176204,13507516
4q8shMNFx1n3bgVV9t4xyB,4dEHIhldHT2U8CMQ6nNgDT,LANA,it’s okay,220,0,58,90353,13284983
3BjCtb7zq4Nn1riQhneMwo,4dEHIhldHT2U8CMQ6nNgDT,LANA,TURN IT UP,187,0,19,148615,13265972
3hp4ZggkNMsre9cutCSnLK,4QvgGvpgzgyUOo8Yp8LDm9,Mrs. GREEN APPLE,夏の影,93,26,4,249728,13154763
1heN1fuesAqx4WRlQFkCLJ,6jIhEiXcCAyBsuEI7qZ9vc,Ken Hirai,KAIBUTSUSAN,270,0,24,84748,13125740
0mBPNrXQjNv3NfzqrljAZZ,2vjeuQwzSP5ErC1S41gONX,CHANMINA,B級,225,0,58,83335,13102165
65npSVkyhQVDDqOsbOW0Aa,4UK2Lzi6fBfUi9rpDt6cik,Yorushika,憂、燦々,99,10,7,243195,13099431
2U6mFmBDjaAu6oCCDRpRet,4UK2Lzi6fBfUi9rpDt6cik,Yorushika,斜陽,192,0,39,126945,12991676
3p6hnejEQYXkiTO1lAzVc0,3Nrfpe0tUJi4K4DXYWgMUX,BTS,Euphoria,511,0,19,52931,12979730
5HPsZwo40KA3GThqBFZFac,0pWR7TsFhvSCnbmHDjWgrE,Creepy Nuts,堕天,248,0,55,69744,12932379
1eOnQiXOa2oO3UCQsD9u0m,4XFkDALFTsSHVnRtJSsaMN,Number_i,Numbers Ur Zone,78,5,8,243000,12917803
3h1XlHgx0m1dO6nNSO1kSV,4OfU76YhPU04wlmbVFFgTJ,ATARASHII GAKKO!,OTONABLUE,234,0,59,78723,12835429
3ji0yfqNkw7t8Rh14Rculp,4v5IVXt3oH0iNuxW9O36BV,FRUITS ZIPPER,NEW KAWAII,221,0,76,78367,12827389
2OhStQJiQ1CFGvCZKMaItL,0blbVefuxOGltDBa00dspv,LiSA,残酷な夜に輝け - Shine in the Cruel Night,119,0,17,165611,12802464
4bM9itWEyMkLUSd2VeROAd,1Y5vJqABeI6QI6R95EDV6o,tuki.,サクラキミワタシ,174,0,29,168473,12675128
6LuvVxHXQDtsPxtE07Ycbe,2dIgFjalVxs4ThymZ67YCE,Stray Kids,S-Class,180,0,35,129634,12578350
1JnvAinIjLd8WrEECx9neZ,2IUl3m1H1EQ7QfNbNWvgru,Vaundy,灯火,392,0,56,63565,12544712
6KBj27Bko8gh71gpx0PzIG,7k73EtZwoPs516ZxE72KsO,ONE OK ROCK,Change,714,181,1,38514,12541844
0dA2Mk56wEzDgegdC6R17g,2qxJFvFYMEDqd7ui6kSAcq,Zedd,Stay,990,185,3,20840,12492239
22pJeRZ0Mex0B85PQD4mUD,0pWR7TsFhvSCnbmHDjWgrE,Creepy Nuts,doppelgänger,122,0,27,175475,12461609
3Bfv3Wg4HAhNFdVgWSfT0z,4wCW8kZ8LL7QIdcE8EOKPP,BE:FIRST,Sailing,176,0,26,170029,12444698
0ygrzSnhdIAcxXLb5pPeNU,6rs1KAoQnFalSqSU4LTh8g,back number,エメラルド,290,0,51,77674,12321612
0nW1Aes1arNyR1fzEKXS2m,4hUWwJ0fRLx9rYtUvT26Ii,P丸様｡,シル・ヴ・プレジデント,334,0,73,50329,12317909
17zp5n2rbiRJzQtCaZpXDD,6mEQK9m2krja6X1cfsAjfl,Ado,世界のつづき,122,0,12,182314,12248607
515q6vR077kY4BQv8F3pGj,0B1ce3uNrzkdm76NXI4mhX,Tani Yuuki,愛言葉,273,0,70,59702,12245633
1430GkKh9OD6jtKNV7pu0Q,6mEQK9m2krja6X1cfsAjfl,Ado,クラクラ,129,0,15,183339,12234034
1TXhBe3DnaOFc7onTbEoiB,64tJ2EAv1R6UaZqc4iOCyj,YOASOBI,セブンティーン,198,0,23,149995,12182493
6vg9UGXRVL4YKNVqVMmOKF,1EowJ1WwkMzkCkRomFhui7,RADWIMPS,正解,183,0,51,97270,12172744
1MwOfRqCALxvx9keUhGCdV,6rs1KAoQnFalSqSU4LTh8g,back number,黄色,173,0,19,145623,12132617
006u4CXVO2cusq08RrMElQ,2yRnjWtHzmDELwYaUiX0Yh,Atarayo,10月無口な君を忘れる,289,0,52,81336,12121026
5HXCP7b8k64WdZ1G0Bbc13,3NRXKeatDxKe4apH6XawKX,DA PUMP,U.S.A.,592,218,1,41659,12107718
5zwwW9Oq7ubSxoCGyW1nbY,41MozSoPIsD1dJM0CLPjZF,BLACKPINK,Pink Venom,146,0,12,163394,12098217
0hVXuCcriWRGvwMV1r5Yn9,6eUKZXaKkcviH0Ku9w2n3V,Ed Sheeran,I Don't Care,436,58,2,61631,12086030
6uSe3ACORUIVrAyiP84RZi,0yFTQM79Y12E6J6aOPRoZg,satomoka,melt bitter,219,0,53,85597,12060669
1XeOqgzh2fZhmgxnmyiIJ8,38WbKH6oKAZskBhqDFA8Uj,ZUTOMAYO,残機,125,5,8,190728,12037208
22eQvkARz49TB9Unclo2b0,4SJ7qRgJYNXB9Yttzs4aSa,Ryokuoushoku Shakai,恥ずかしいか青春は,187,0,51,104567,11993714
5O7dUqcxMUVPFL9YAE9e7q,5ZFxExn8YICZm9JFo9dqTq,ChoQMay,貴方の恋人になりたい,152,0,51,109345,11979841
4uOBL4DDWWVx4RhYKlPbPC,2AfmfGFbe0A0WsTYm0SDTx,i-dle,Queencard,195,0,51,97575,11970693
6BBc24r3QbIP4Qt3gdUOtZ,1snhtMLeb2DYoMOcVbb8iB,Kenshi Yonezu,毎日 - Every Day,99,2,10,224201,11963569
7rTBToPQ2Uf408iKfFHU7r,6oued35Hkg7GIEXqVfBrQK,WurtS,Talking Box - Dirty Pop Remix,283,0,108,55000,11939976
2FRnf9qhLbvw8fu4IBXx78,5lpH0xAS4fVfLkACg9DAuM,Wham!,Last Christmas,257,17,2,275982,11898645
6YcvfXy4wTvjaIniIBuh30,3x621ItlHMtX7mrJ8QnEjM,HY,AM11:00,872,0,17,59152,11886609
6YCwX5jlAEFL775YJqgLqN,2IUl3m1H1EQ7QfNbNWvgru,Vaundy,まぶた,122,0,17,166111,11812414
7DTKSwO1kTAJDu9Q5U73UZ,4wCW8kZ8LL7QIdcE8EOKPP,BE:FIRST,Shining One,313,0,54,68851,11738841
33KpGlVe9ZCvtOLeETCQPl,5kVZa4lFUmAQlBogl1fkd6,Aimyon,会いに行くのに,121,0,33,148956,11678630
6D5E8pz4YKYrjY9BqROTox,45ft4DyTCEJfQwTBHXpdhM,milet,Ordinary days,329,0,58,63107,11649736
0O4YelF6Zneq7sk1Ye73N2,4SJ7qRgJYNXB9Yttzs4aSa,Ryokuoushoku Shakai,キャラクター,308,0,72,53617,11602422
2ZaTpgdhU8MKpiujnBGPoa,38WbKH6oKAZskBhqDFA8Uj,ZUTOMAYO,綺羅キラー,105,6,9,192168,11585015
61f3iPQRIe0I6CSj7qJdi3,7k73EtZwoPs516ZxE72KsO,ONE OK ROCK,Delusion:All,118,0,20,185541,11531811
5nujrmhLynf4yMoMtj8AQF,6M2wZ9GZgrQXHCFfjv46we,Dua Lipa,Levitating,356,0,66,58583,11507657
1L50ymp25Vmu7VnPRx5TWf,0GZ65zwBwkkwGNJ3zagtTZ,MILLENNIUM PARADE,W●RK,129,0,24,145739,11454844
2zbWCme3Dvp8071b4R4nkY,6wxfx1yhyqjCPYwwxJktR2,King Gnu,Vinyl,498,0,25,63981,11390739
6rdkCkjk6D12xRpdMXy0I2,6HvZYsbFfjnjFrWF950C9d,NewJeans,New Jeans,160,0,27,149675,11376673
7ugSlmtBWNMAgTpdvBPcIh,4UK2Lzi6fBfUi9rpDt6cik,Yorushika,アポリア,117,0,22,180063,11358697
3voShTcaRtbYVSPGuCLAzw,1snhtMLeb2DYoMOcVbb8iB,Kenshi Yonezu,1991,50,32,4,316161,11356642
50nfwKoDiSYg8zOCREWAm5,6eUKZXaKkcviH0Ku9w2n3V,Ed Sheeran,Shivers,274,0,56,59945,11322097
4ddBsPV13qO8SGaVf6ZQnl,2koP6FEfIEVk4l2Fe6jFhu,JO1,BE CLASSIC,116,0,25,161651,11267742
3lwK3WyKAI5bUuGY1OgGbZ,4SpbR6yFEvexJuaBpgAU5p,LE SSERAFIM,Smart,174,0,53,89330,11229326
61UOoqGI1B9qdeD5Dzupyb,4QvgGvpgzgyUOo8Yp8LDm9,Mrs. GREEN APPLE,GOOD DAY,65,9,6,262015,11221681
2iXZA6Ecf9AZHw92tZBNLv,79nkC8XZ5ohEVU0Xlf5Ael,SOUTHERN ALL STARS,TSUNAMI,230,0,54,69513,11203760
7mlHSPccMPEiGYxWUqEURC,3R3WEsfL1WC1zLiz3XG9K5,miwa,Hikarie,631,0,53,29062,11193662
6dOtVTDdiauQNBQEDOtlAB,6qqNVTkY8uBg9cP3Jd7DAH,Billie Eilish,BIRDS OF A FEATHER,213,0,110,62194,11187416
0Sp31BXc9dedQnfKYCiojE,7JthQ6zwNzfxRfIEjp6wUs,HIRAIDAI,MIRROR MIRROR,253,0,52,74790,11154123
0bdYJCO9clK9ew61Z7GqMf,3h95Ve9m3Q07d8VG6V9hEU,Foorin,Paprika,442,0,19,56146,11090771
4pUCKHjJ4Ijewc37rRrvHn,41MozSoPIsD1dJM0CLPjZF,BLACKPINK,Kill This Love,538,27,2,45566,11040021
3rmo8F54jFF8OgYsqTxm5d,6eUKZXaKkcviH0Ku9w2n3V,Ed Sheeran,Bad Habits,270,0,54,69899,11035684
3hp17ZWfLvUXNe1rzo8RbZ,4XFkDALFTsSHVnRtJSsaMN,Number_i,HIRAKEGOMA,96,0,17,213175,10962452
3AOf6YEpxQ894FmrwI9k96,7nqOGRxlXj7N2JYbgNEjYH,SEVENTEEN,Super,155,0,18,158784,10946349
1jNVSP5r2X1iVDlJfXKarA,5Vo1hnCRmCM6M4thZCInCj,OFFICIAL HIGE DANDISM,日常,97,0,20,162236,10887955
7sRYDTjWTX00fd9BCOflLo,76QUiw7IqXtPsy2dqmr2ev,Suzukisuzuki,ホワイトキス,183,0,39,120119,10882391
153lRbNmhQZVi69kbhmjY8,4UK2Lzi6fBfUi9rpDt6cik,Yorushika,ヒッチコック,218,0,120,60869,10866526
5sQUXxfkbDpauiEXFc4Rcr,1snhtMLeb2DYoMOcVbb8iB,Kenshi Yonezu,RED OUT,90,0,11,227932,10864887
7ju97lgwC2rKQ6wwsf9no9,1HY2Jd0NmPuamShAr6KMms,Lady Gaga,Rain On Me,245,0,15,94043,10862752
4bK6qPvD4xB8npRkZa1a55,1XErHyc10VN8bfGKma1Yyc,Leo Ieiri,Kimiga Kureta Natsu,754,0,14,36744,10786037
0PBTlQ84CBJF0tBnKGmQa6,3JsHnjpbhX4SnySpvpa9DK,V,FRI(END)S,166,0,51,104725,10783746
7foeH2Emgq8A3LWk3q6dat,6RHTUrRF63xao58xh9FXYJ,IVE,Kitsch,134,0,29,143291,10777060
1z5ebC9238uGoBgzYyvGpQ,3eVa5w3URK5duf6eyVDbu9,ROSÉ,toxic till the end,146,0,51,115010,10754311
1x5sYLZiu9r5E43kMlt9f8,6MDME20pz9RveH9rEXvrOM,Clean Bandit,Symphony,973,82,6,49672,10743950
7kJBYHytiARJlRygfg5VCn,1snhtMLeb2DYoMOcVbb8iB,Kenshi Yonezu,Azalea,101,0,13,200736,10737078
0VjIjW4GlUZAMYd2vXMi3b,1Xyo4u8uXC1ZmMpatF05PJ,The Weeknd,Blinding Lights,426,0,51,36161,10706523
6mJIn3fvwWHHAnrR3LEdxp,1EowJ1WwkMzkCkRomFhui7,RADWIMPS,うるうびと,224,0,51,83715,10678465
0IByNT868RxZwmcj1rQgno,6bDWAcdtVR3WHz2xtiIPUi,Fujii Kaze,Prema,87,5,7,214433,10671056
1xIytdeA5bfj2ONu4x9Mj3,6n4SsAp5VjvIBg3s9QCcPX,SUDA MASAKI,星を仰ぐ,228,0,52,82514,10648853
5lkk7V7MbxxVbJ93qUO81D,7HwzlRPa9Ad0I8rK0FPzzK,SEKAI NO OWARI,Nijiiro no Sensou,288,0,60,60368,10631202
4Ws314Ylb27BVsvlZOy30C,41MozSoPIsD1dJM0CLPjZF,BLACKPINK,Lovesick Girls,192,0,14,137377,10620051
2AIWoHr9DF6y4KALCBKWQS,3Nrfpe0tUJi4K4DXYWgMUX,BTS,IDOL,545,7,3,43224,10609931
2aAuO61alPO20xyePFHjdf,6le80R1opKnTlP4o3KvA2k,Uru,Love Song,331,0,102,44540,10606482
2vAtN2fB1zqTzfPGxqHmyO,7jiFTNRWSw8zYgUj9wNJld,neguse.,グッドな音楽を,212,0,53,90846,10601565
7p21ty59l7gtfhDX7rifLa,1Fe6FA7A57suR2KAaERpqH,¥ellow Bucks,My Resort,321,0,69,47427,10560826
666wLEFj1AtTNBEcErygLz,7jCHrVGjeHUYP2pHv8FOJ3,wacci,別の人の彼女になったよ,327,0,70,45808,10543404
4JUPEh2DVSXFGExu4Uxevz,41MozSoPIsD1dJM0CLPjZF,BLACKPINK,Ice Cream,180,0,23,123407,10488216
4TgxFMOn5yoESW6zCidCXL,56mfhUDKa1vec6rSLZV5Eg,Jawsh 685,Savage Love (Laxed – Siren Beat) [BTS Remix],293,0,54,61018,10435858
6cSE6qGHagStJmrPa0jzu9,4QvgGvpgzgyUOo8Yp8LDm9,Mrs. GREEN APPLE,Carrying Happiness,99,0,11,194402,10416033
22TC1XBg8FZWTQHWsDvZ0s,7n2Ycct7Beij7Dj7meI4X0,TWICE,ONE SPARK,121,0,32,153428,10369287
1xVHi6ppc8sZS33qCm2IyJ,1nzId6SLDDTUTRV7lNbgxp,King & Prince,HEART,110,0,22,165692,10364034
4tQPrEh1GZYlSLDx5gLtxs,7fmXV2O48buswss04YetaN,HANA,My Body,49,26,5,287875,10347415
31yv1hR9gw1WSEmtqsaZbD,7lbSsjYACZHn1MSDXPxNF2,Hikaru Utada,花束を君に,630,9,7,81535,10268212
2bT1PH7Cw3J9p3t7nlXCdh,7n2wHs1TKAczGzO7Dd2rGr,Shawn Mendes,If I Can't Have You,488,8,8,38355,10259244
5Bg0HkfaRYRx8A7tMrjT9Z,2ZjWbNQAjL74Pf4aqikIz2,Shota Shimizu,Kimi Ga Suki,1053,0,15,15674,10232929
6v3KW9xbzN5yKLt9YKDYA2,7n2wHs1TKAczGzO7Dd2rGr,Shawn Mendes,Señorita,374,0,12,50074,10201285
0ZPYvSJZ1feuhUcG17PHqP,5Vo1hnCRmCM6M4thZCInCj,OFFICIAL HIGE DANDISM,Anarchy,224,0,52,84264,10170243
4iJyoBOLtHqaGxP12qzhQI,1uNFoZAHBGtllmzznpCI3s,Justin Bieber,Peaches,240,0,58,63459,10167047
48lsRmp9AC6tU4rP9QJx4H,762RAUTV6WKHmrHR7fsFbj,有華,Partner,236,0,63,66584,10161271
1C22EnQawXuIsqgnnWcrMR,6bDWAcdtVR3WHz2xtiIPUi,Fujii Kaze,Feelin’ Go(o)d,103,0,24,167978,10152838
5v3YxF6DcQswRs2vNnT8BJ,4v5IVXt3oH0iNuxW9O36BV,FRUITS ZIPPER,かがみ,163,0,54,98608,10115910
3LhiOBfTSTjfpwdElYyE8k,6le80R1opKnTlP4o3KvA2k,Uru,Prologue,345,0,51,39278,10083935
1rgnBhdG2JDFTbYkYRZAku,2NjfBq1NflQcKSeiDooVjY,Tones And I,Dance Monkey,334,0,32,55646,10077075
5uYnVpwOGOaiXTJmhNd62P,6le80R1opKnTlP4o3KvA2k,Uru,アンビバレント,148,0,54,95267,10009411
0zTkGAcW8rSKudSDgAzRwN,0HajkTlreHDUAVVFx72ci7,808,You,137,0,55,98800,9977108
57PvgLc0UuLaMEu49w8tiR,0ixzjrK1wkN2zWBXt3VW3W,Yuuri,恋人じゃなくなった日,133,0,21,145630,9938324
4OelNEcxPGoCOU29fchcsv,0LOK81e9H5lr61HlGGHqwA,XG,MASCARA,96,0,11,149574,9905402
1ZVECsyPiW5IBpzEsGplE9,0W87Hy5tKKzDfphqAfbf09,Kaneee,Life is Romance,136,0,53,104908,9884668
4GbVhNlk8i8r1ZFSe9R7Tc,4wCW8kZ8LL7QIdcE8EOKPP,BE:FIRST,Masterplan,92,0,26,168154,9878813
0fXXfojTJEeJEF0p69qmo2,3z8diLlUCkN1j9N9ZdnfBJ,NiziU,SWEET NONFICTION,105,0,29,169057,9863386
1kPpge9JDLpcj15qgrPbYX,07QEuhtrNmmZ0zEcqE9SF6,Owl City,Good Time,315,0,121,62843,9836325
4kRbmjHl6Ncxsmzl4cJdg4,6TDMbiQCWeMClsMr9ORLRK,aiko,Kabutomushi,307,0,46,83178,9805327
5lo3L98nR2VpN2dM9UFJu0,1XYuC1vxinTjHCNd5clB8C,ARASHI,カイト,317,0,54,53467,9797624
2l2yRJWgMiJkfPbRNiuC25,6mEQK9m2krja6X1cfsAjfl,Ado,新時代 - ウタ from ONE PIECE FILM RED,63,19,1,370796,9797233
184XtKkzoAl83quIarUAJP,7n2Ycct7Beij7Dj7meI4X0,TWICE,YES or YES,526,33,1,40518,9784305
1Alsp6EVIAHTDorSjPeRuY,4Yz1LjHwgQ5DFWJrZL8bC8,Remioromen,3月9日,227,0,48,132020,9737927
52buM4EFitLjpgxtN1sxIb,3FCZbxRcaSgYfklG2HCFh2,BAD HOP,Last Party Never End,175,0,84,69710,9696306
2kFUlPHiyXAYMfE0fhoRS4,0wsE3L0l083t6bxC8jJefC,ME:I,Click,92,0,16,206523,9687447
2gSkvrwfCXCgqeugzezn97,58oPVy7oihAEXE0Ott6JOf,Eve,廻廻奇譚,96,3,10,174528,9627271
3GnJI7OWCMANWYzdnfvb2B,4wCW8kZ8LL7QIdcE8EOKPP,BE:FIRST,Secret Garden,95,0,13,171649,9604287
298ROhlpzNNOujR3q9XkP0,4wCW8kZ8LL7QIdcE8EOKPP,BE:FIRST,空,135,0,51,111236,9499357
3ca5Q1gTQI3Alaiutw2DDo,1ZFfhzyXjPvbzSYPlCIwo3,timelesz,Rock this Party,82,1,4,263629,9468908
3dbLT62Cvs46Ju7a8gpr36,6YVMFz59CuY7ngCxTxjpxE,aespa,Savage,249,0,76,49466,9450888
3iLBFgaQJ94iarMgzrTuWb,6VuMaDnrHyPL1p4EHjYLi7,Charlie Puth,I Don’t Think That I Like Her,177,0,67,71770,9398143
5v2xgL8y4XI0hi50cU574j,0bAsR2unSRpn6BQPEnNlZm,Aimer,Koiwazurai,480,0,82,30351,9394660
5Z9KJZvQzH6PFmb8SNkxuk,7jVv8c5Fj3E9VhNjxT4snq,Lil Nas X,INDUSTRY BABY,270,0,75,46995,9354665
5KaplUYIDvsFe69z7UArVt,7lNFzeAXmSIKexINNgO6bu,YUZU,光榮之橋,859,0,46,18345,9354299
37EITaEG3UyWedRZrERoaK,6mEQK9m2krja6X1cfsAjfl,Ado,向日葵,155,0,59,79935,9324965
7jgqNMnqAT9FghC1uSYTFF,1S2S00lgLYLGHWA44qGEUs,Gen Hoshino,アイデア,419,0,13,57525,9320181
34s49nvRfQy1kzx7DBqVRC,5kVZa4lFUmAQlBogl1fkd6,Aimyon,真夏の夜の匂いがする,402,0,13,43560,9303034
3uw93CiI34uZlfk8ywep1e,64tJ2EAv1R6UaZqc4iOCyj,YOASOBI,大正浪漫,78,0,12,180838,9300963
6glcoO077gTGhgdVI9X5wA,1t17z3vfuc82cxSDMrvryJ,Macaroni Empitsu,ミスター・ブルースカイ,147,0,72,90803,9225225
0ophTl8mevsVgtH7V0XV0g,0ySFZq3Wd0SQUyJUzmJAeb,sumika,Negai,330,0,52,38157,9216161
2Nl3vx5qRnATIckVRZxb4T,6bDWAcdtVR3WHz2xtiIPUi,Fujii Kaze,何なんw,326,0,63,55718,9193430
40cPkRjw5aLQIOjaqgUVnB,7HwzlRPa9Ad0I8rK0FPzzK,SEKAI NO OWARI,RAIN,811,9,5,17283,9126655
3ZEdrRIGjFpXZSzfjwWmDQ,0qMwn0A1NkYRIo8jyOMygH,ZOT on the WAVE,Crayon,189,0,54,86297,9116383
7aqsfFKqJFNa2umM4tTLdA,6RHTUrRF63xao58xh9FXYJ,IVE,Baddie,157,0,52,90782,9084851
4WhHNXBgRglnkjy7TMzgdh,6bDWAcdtVR3WHz2xtiIPUi,Fujii Kaze,Hachikō,105,0,27,166946,9075196
0MP1URfhXWBOtEmeV32SxU,3z8diLlUCkN1j9N9ZdnfBJ,NiziU,Baby I'm a star,251,1,8,121532,9031811
0T2ccREtAzxRQLvKKWSxjH,3jpPlA4ASvE9TlObazOIee,BLOOM VASE,Pop Corn,264,0,77,47781,8987111
7vwXjDrZT2mqiFynlEwwgG,1AyWsgtaIgXbzjJlTx2ZDp,AAA,さよならの前に,1034,0,19,15343,8982299
5dwkmgutIFdurpXlzEyCtB,6mEQK9m2krja6X1cfsAjfl,Ado,心という名の不可解,205,0,51,73236,8970038
7DW5Dro8AHE7x19COl26E3,5kVZa4lFUmAQlBogl1fkd6,Aimyon,満月の夜なら,567,32,4,35530,8956396
1RDvyOk4WtPCtoqciJwVn8,6HaGTQPmzraVmaVxvz6EUc,Jung Kook,Dreamers [Music from the FIFA World Cup Qatar 2022 Official Soundtrack],131,0,19,158789,8934904
4Dvkj6JhhA12EX05fT7y2e,6KImCVD70vtIoJWnq6nGn3,Harry Styles,As It Was,236,0,67,51764,8927750
1llk0Ducps2jpfNDtKwO1h,0ixzjrK1wkN2zWBXt3VW3W,Yuuri,メリーゴーランド,168,0,54,85600,8914056
0mf82mK5aeZm4vN9HM2InQ,7HKv46ONX5fJFCSygtx9R0,Chris Hart,I LOVE YOU,776,0,15,16955,8896146
1Q5l8ZfVn6kYwLJkGrBwZP,6wxfx1yhyqjCPYwwxJktR2,King Gnu,Slumberland,491,0,34,43892,8890798
2Ge6tpzWlMT4Sgdkp7paVX,3FCZbxRcaSgYfklG2HCFh2,BAD HOP,High Land,153,0,82,69538,8750630
4dFGAtzdQ0C7WowKPZXc8J,4WqXqPmUuenMIr4QaFrZXN,Saucy Dog,紫苑,99,0,24,152396,8743013
4cluDES4hQEUhmXj6TXkSo,4AK6F7OLvEQ5QYCBNiQWHq,One Direction,What Makes You Beautiful,190,0,64,87309,8727907
6RUKPb4LETWmmr3iAEQktW,69GGBxA162lTqCwzJG5jLp,The Chainsmokers,Something Just Like This,908,173,1,17039,8678998
76OElzXqlyLCdlSypwSKBy,0UuiWPm9FpWvRuWNrXO98N,Snow Man,カリスマックス,98,0,34,137996,8676071
5fhQl8OA678cElLUhnM9oE,6wxfx1yhyqjCPYwwxJktR2,King Gnu,硝子窓,113,0,18,157719,8664091
5aHfGUxRec6c41luxkDqhX,1snhtMLeb2DYoMOcVbb8iB,Kenshi Yonezu,Peace Sign,197,0,24,109949,8633731
7gRFDGEzF9UkBV233yv2dc,41MozSoPIsD1dJM0CLPjZF,BLACKPINK,Shut Down,132,0,21,145931,8602839
4ecVWqbtW6phQGpZMAyqIU,2KC9Qb60EaY0kW4eH68vr3,ITZY,Not Shy,159,0,31,103470,8601653
2I6zfne9ks47RSCIKr18MI,0uOTP7pznZgZc06fuftoJ4,NALALA,&ME,111,0,23,160067,8593857
6FMelWDNGnYBva29R4d0tq,6wxfx1yhyqjCPYwwxJktR2,King Gnu,Prayer X,506,0,51,45118,8491380
4keuUM29CtIWgsPRzRhXoW,0LOK81e9H5lr61HlGGHqwA,XG,WOKE UP,81,0,25,171005,8482042
3ck6DbwKM4maTik8s7j3s4,6uMBnBtHeJmhc2tx1vDCae,sloppy dim,カタコト,270,0,89,43729,8476016
4K8jDTlNhZWEdnzZVGRMtN,4SpbR6yFEvexJuaBpgAU5p,LE SSERAFIM,FEARLESS (2023 Ver.),192,0,83,61641,8459243
2WHVKDG5Lj92IUijUno1ON,2IUl3m1H1EQ7QfNbNWvgru,Vaundy,泣き地蔵,192,0,61,62098,8415400
09IStsImFySgyp0pIQdqAc,2qxJFvFYMEDqd7ui6kSAcq,Zedd,The Middle,633,113,4,21945,8388515
5mqucSnaCVI1kW6ewrXYE2,6oued35Hkg7GIEXqVfBrQK,WurtS,Talking Box (Dirty Pop Remix),198,0,83,57284,8373792
4EwKtJQT2ZHKzECGH3EjLx,6bDWAcdtVR3WHz2xtiIPUi,Fujii Kaze,青春病,280,0,63,44316,8344528
1H9jJvALjdKH3C3Ol0w765,3eR0Jeo212WCF0Yyi46Pzj,C&K,みかんハート,390,0,103,29305,8271780
56Cdqx7BdhEsUUMctdORvU,3BjFX1nExMNHvSaoLd1I1k,Takaya Kawasaki,君の為のキミノウタ,263,0,100,69895,8223896
5g1SvaEtzlKEqre9FbPQEc,1mN9lPKzTRTOop4u7S1Uy9,iri,会いたいわ,355,0,80,32320,8190243
6Pd73yNBtoVpTRM6xLwOGp,0hSFeqPehe7FtCNWuQ6Bsy,BUMP OF CHICKEN,クロノスタシス,175,0,52,77845,8174024
1qyMHya2R2k57MApk6kBzI,5kVZa4lFUmAQlBogl1fkd6,Aimyon,スケッチ,110,0,52,110980,8141888
49moLXpCwwantnF78yItWf,7n2Ycct7Beij7Dj7meI4X0,TWICE,Fanfare,214,0,51,60248,8071109
7c1icp8E7aYG90vA3wo3Se,2IUl3m1H1EQ7QfNbNWvgru,Vaundy,再会,83,0,28,152662,8042445
6DE61O4fNPiBAQWzldBnbv,4upiYMjsFfLRieGo8RVRzD,ORANGE RANGE,Hana,803,0,23,15616,8041061
0bolEYwnvGkCjy38QACpBt,4UOdwKkaWHJ5k6UqnfC2w0,suis from Yorushika,若者のすべて,107,0,52,104940,8031533
3z6X1pQSGdky5rQADTLM2g,0pWR7TsFhvSCnbmHDjWgrE,Creepy Nuts,合法的トビ方ノススメ,164,0,121,60491,8027291
2SR0alFA2oWYXSoePGTj0V,5vV3bFXnN6D6N3Nj4xRvaV,Jin,I’ll Be There,103,0,31,162448,8019646
359Yw4Ng9TcH667Ct2Dj6D,1S2S00lgLYLGHWA44qGEUs,Gen Hoshino,創造,144,0,32,137159,8016368
7gdbaUPut1M0ewKOSAqvyW,6wxfx1yhyqjCPYwwxJktR2,King Gnu,Stardom,100,0,14,163187,8014607
7mpdNiaQvygj2rHoxkzMfa,5t5FqBwTcgKTaWmfEbwQY9,ENHYPEN,Bite Me,166,0,56,82505,7999055
6MCqARqpbUAGUIvWh8bxaw,1snhtMLeb2DYoMOcVbb8iB,Kenshi Yonezu,PLACEBO,110,1,8,183974,7976976
4jaaMznp3KPllxbmRdiIbx,2ZjWbNQAjL74Pf4aqikIz2,Shota Shimizu,Hanataba No Kawari Ni Melody Wo,690,0,66,25678,7974652
1ZCFq7Fq1ZN5nI5GHXEAdg,5WBO8UyOuJ1l7ZBqqBimpO,YUI,SUMMER SONG,117,0,57,94932,7921914
08XBLK5BlN5ZBLukMO49jy,08lN7bm4Etec8ETFxaTUmq,Nogizaka46,Kaerimichiwa Toomawarishitakunaru,546,4,7,24894,7919723
3DsNdDIj0sJHBuXIlcPPyz,1snhtMLeb2DYoMOcVbb8iB,Kenshi Yonezu,Flamingo,144,5,6,185541,7890877
3PfIrDoz19wz7qK7tYeu62,6M2wZ9GZgrQXHCFfjv46we,Dua Lipa,Don't Start Now,286,0,37,37149,7884028
4mMRlmw3cKKpKHCKFNZgyx,45ft4DyTCEJfQwTBHXpdhM,milet,hanataba,109,0,52,105456,7869303
5vsM9UppL2iTgOfenMB6Gz,6wxfx1yhyqjCPYwwxJktR2,King Gnu,飛行艇,192,0,105,66962,7832445
1NlkoYEA1ndLQIKzXTPh9V,2V8UZPMR1EbkXhzvEGBTrV,Lucky Kilimanjaro,Burning Friday Night,150,0,68,75434,7829772
6vtHQ7FcAXSOKSOeaBm5bc,5Vo1hnCRmCM6M4thZCInCj,OFFICIAL HIGE DANDISM,異端なスター,414,0,58,30597,7822920
1flvuaMS27JxpEBL0u2cWc,1S2S00lgLYLGHWA44qGEUs,Gen Hoshino,恋,400,1,8,49389,7797389
5O3r5G2SrYQ3rYEUwwziAB,4XFkDALFTsSHVnRtJSsaMN,Number_i,Blow Your Cover,112,0,42,126396,7737693
2lkhdnz6pWlErZuRLnBXTt,0LOK81e9H5lr61HlGGHqwA,XG,IYKYK,78,0,26,169084,7732288
2b8fOow8UzyDFAE27YhOZM,04gDigrS5kc9YWfZHwBETP,Maroon 5,Memories,291,0,28,39570,7724953
5PYnqtWbSBJTJFl4Ui55HE,69GGBxA162lTqCwzJG5jLp,The Chainsmokers,Closer - Tokyo Remix,163,0,21,71762,7714901
6woHdm2NKm0RHbuO7qt4ww,1XErHyc10VN8bfGKma1Yyc,Leo Ieiri,君がくれた夏,273,0,62,35629,7689746
45uzEq3hAOy8uayrvDLY2C,6bDWAcdtVR3WHz2xtiIPUi,Fujii Kaze,Love Like This,93,0,20,155904,7661847
3IanNVIcOMlKFr329uhNcA,1t17z3vfuc82cxSDMrvryJ,Macaroni Empitsu,ヤングアダルト,250,0,145,61101,7651208
5PF0IW8iHqOcTWAyRqiDzb,2ZjWbNQAjL74Pf4aqikIz2,Shota Shimizu,Home,916,0,22,15413,7577032
1SQiB9KEx06RbXuGmqCLuc,6YIqgghQqnkNne8BKQpW6v,Keisuke Kuwata,白い恋人達 [2022 Remaster],112,0,12,210671,7560378
5sjnkOfTLCLNfkkchI2re2,6YVMFz59CuY7ngCxTxjpxE,aespa,UP - KARINA Solo,101,0,36,146109,7558925
21LtZQQMQYwVIxc9O9Ygq8,36cgvBn0aadzOijnjjwqMN,ILLIT,Cherish (My Love),95,0,34,156735,7520329
3OdkC5pG8vc26S26qHyBo8,6bDWAcdtVR3WHz2xtiIPUi,Fujii Kaze,まつり,92,0,13,147570,7485877
3ElzGGiQ4ehegbG7dLIka7,4XFkDALFTsSHVnRtJSsaMN,Number_i,FUJI,111,0,34,139022,7474852
29RAzfejW1O69okBQXibca,5kjGRHClVacSyllOUqU1S0,SPITZ,優しいあの子,388,0,32,43520,7470417
0m9QPTZzjtqCWY9Jg8poHc,7kZTWx6cRLc0TSRPq1XBMP,DECO*27,ヴァンパイア,233,0,96,41163,7459152
6T8eKlvqWuPKJT7euIqoxX,0ixzjrK1wkN2zWBXt3VW3W,Yuuri,ミズキリ,175,0,55,67825,7436527
096qZRdXPOyvb5OP8NI7pw,7GBDKoYYinEfOirEzLlHPK,natsumi,イージーゲーム,221,0,81,48374,7418412
2QYnONicU24TXbkhtaemOM,51fH9mmZDwz1mSgUmgQIjM,Ayumu Imazu,Obsessed,103,0,52,95418,7400635
7EmGUiUaOSGDnUUQUDrOXC,0C8ZW7ezQVs4URX5aX7Kqx,Selena Gomez,Wolves,620,158,2,22633,7398991
4PqDkR6YM80Sy590Qsy6mm,5sm4rWbXSE6K8MdyTIZg7q,Yo Hitoto,ハナミズキ,603,0,17,24291,7398260
406IpEtZPvbxApWTGM3twY,4SpbR6yFEvexJuaBpgAU5p,LE SSERAFIM,HOT,84,0,38,145647,7388308
45K0qNLo4nltgbQ7c6bfqs,7HwzlRPa9Ad0I8rK0FPzzK,SEKAI NO OWARI,Nemuri Hime,336,0,70,31154,7380045
4fYte8ZvTK14NEhAOZocBi,5Pwc4xIPtQLFEnJriah9YJ,OneRepublic,I Ain't Worried,191,0,94,48620,7373856
3k6o8UMc7aVgpKqm9epIrU,0ixzjrK1wkN2zWBXt3VW3W,Yuuri,夏音,167,0,52,76551,7366633
3hrxTCRmw5mjaTMQhlryIc,2IUl3m1H1EQ7QfNbNWvgru,Vaundy,しわあわせ,194,0,62,55407,7358932
3wYzd4dzWknPdgwNaPGQvg,7JthQ6zwNzfxRfIEjp6wUs,HIRAIDAI,Romeo+Juliet -Love goes on-,214,0,62,58906,7342209
4GMsLvtWIlSnUzWFiN3vXV,1IDjyCsCk5Xjy7RA7AQ8vy,森七菜,スマイル,223,0,72,50372,7329146
0h3dJV8JA5oxPzSF4tkz2t,7n2Ycct7Beij7Dj7meI4X0,TWICE,Hare Hare,104,0,51,96661,7324740
6aJn7Cst74cj4lNIiPRgav,3c0gDdb9lhnHGFtP4prQpn,KATSEYE,Touch,121,0,67,82354,7324274
5Ek40FyMPprcvtyZDjqylX,7n2Ycct7Beij7Dj7meI4X0,TWICE,What is Love?,540,15,5,22608,7313902
394W63Gn6TSEEBo6DHsclU,5Vo1hnCRmCM6M4thZCInCj,OFFICIAL HIGE DANDISM,Sharon,98,0,52,115693,7298659
6l9uVfPEhdfE50mTPgnE0W,2IUl3m1H1EQ7QfNbNWvgru,Vaundy,僕にはどうしてわかるんだろう,82,0,51,108794,7283686
48N9nuZilWYtqAKqxVPtAR,1Y5vJqABeI6QI6R95EDV6o,tuki.,騙シ愛 - Damashiai,90,0,51,113924,7279875
7uauGYNMQm1ABcSsNSp3R4,3PLCOySHJ9zwED5yZvDtPZ,CUTIE STREET,ひたむきシンデレラ！,114,0,71,79587,7276722
1vT6VdL9PrHOBziwubdt29,5kVZa4lFUmAQlBogl1fkd6,Aimyon,初恋が泣いている,156,0,53,75620,7273614
0GqAWZe1A5ecKadZrHk6XH,2dIgFjalVxs4ThymZ67YCE,Stray Kids,Chk Chk Boom,94,0,31,160004,7263622
6rH3dc5bGzqrJv6ZARFfJX,5Vo1hnCRmCM6M4thZCInCj,OFFICIAL HIGE DANDISM,バッドフォーミー,353,0,36,34764,7244151
1rfofaqEpACxVEHIZBJe6W,4nDoRrQiYLoBzwC5BhVJzF,Camila Cabello,Havana,654,153,1,28393,7241318
4p0uVFAXKUISu8yp9gNtWE,36cgvBn0aadzOijnjjwqMN,ILLIT,Billyeoon Goyangi (Do the Dance),92,0,36,144602,7229335
46r7xisTxx58n3tVPS1LIz,5Vo1hnCRmCM6M4thZCInCj,OFFICIAL HIGE DANDISM,50%,111,0,64,86420,7225309
41P1hFCw1uLYt25JKktlst,0hOOhY33adbUdYjrzJHYlX,SIX LOUNGE,リカ,105,0,51,108384,7200475
4nYtqZDscX8TLvR4p0ON1s,7lbSsjYACZHn1MSDXPxNF2,Hikaru Utada,道,227,0,69,76513,7181666
4feDzcxtXRU8clyOluco5Y,3vVDusnDA0LcPH3NvZpoyM,Noriyuki Makihara,どんなときも。,719,0,22,25832,7119200
3ftr8VIFtTJq2pscGtRUli,3z8diLlUCkN1j9N9ZdnfBJ,NiziU,HEARTRIS,73,0,19,169970,7112189
2ot7Di8yxbJ01vGdJmdQ4L,5VxQzcVrakID2E4UxaDPNs,Kvi Baba,"Friends, Family & God",105,0,55,89603,7100528
6tCssnvTUREcperDOUTqvA,2KC9Qb60EaY0kW4eH68vr3,ITZY,WANNABE,270,0,54,40504,7080451
18AMT576rBlQFMzUTS7WBa,7n2Ycct7Beij7Dj7meI4X0,TWICE,THIS IS FOR,78,0,19,165392,7067051
53rB05bAi7JdNbUfgz72I1,1VwDG9aBflQupaFNjUru9A,NAYEON,ABCD,87,0,36,152464,7038167
5p2NSsBiaKK1CJwM7Rc1Yp,1XYuC1vxinTjHCNd5clB8C,ARASHI,Happiness,316,0,12,75913,7029932
154Jycdld9dX9rBLE6L3v4,6LesPuO1nhgJ2acJ4MjyBI,和ぬか,寄り酔い,207,0,66,58072,7023944
6bfjEGSR7DyC8MK8cp3ZCp,449AEgfeOxqAuRn0uX6l3u,UNISON SQUARE GARDEN,シュガーソングとビターステップ,335,0,97,27074,6999049
0X5j6Fw8077d74Q1WtyiqF,4hg5WX4ro6OVIg66dcYUk4,kZm,TEENAGE VIBE,196,0,79,51449,6997563
1Ej4gvxiMMXtD8uDnADCTT,7jiFTNRWSw8zYgUj9wNJld,neguse.,日常革命,155,0,82,66075,6959337
6uqewERWZ1vzfCcin1zFIp,2IUl3m1H1EQ7QfNbNWvgru,Vaundy,おもかげ -self cover-,138,0,72,65530,6919040
082OJUNr9ZO4cApGqYouUx,3vQ2DVwzWWorNTS3kObltH,Rake,100万回の「I love you」,498,0,74,20316,6897695
6IP3GvRj6Rc65rly1rIHq5,6mEQK9m2krja6X1cfsAjfl,Ado,レディメイド,230,0,92,42752,6895065
5B7hOlz4fU7LV5i6sfFBx2,5kVZa4lFUmAQlBogl1fkd6,Aimyon,さよならの今日に,244,0,51,44668,6828539
0VJjfALZ6SuIQumrTgF3tJ,5Vo1hnCRmCM6M4thZCInCj,OFFICIAL HIGE DANDISM,Vintage,189,0,34,64660,6796175
69jrtjVjyzRyPCDg0dHYCX,5kVZa4lFUmAQlBogl1fkd6,Aimyon,生きていたんだよな,461,0,19,23110,6779454
5bTgpL0eRxUX8BLl0ZlGpL,3R3WEsfL1WC1zLiz3XG9K5,miwa,Reboot,336,0,22,43517,6754126
7AsWduh1mkB8uKOox5NH0X,0FnDCrmcQT8qz5TEsZIYw5,Awich,GILA GILA,174,0,56,64364,6741536
4umIPjkehX1r7uhmGvXiSV,1uNFoZAHBGtllmzznpCI3s,Justin Bieber,Intentions,178,0,33,58575,6740199
5eWgDlp3k6Tb5RD8690s6I,04gDigrS5kc9YWfZHwBETP,Maroon 5,Sugar,1088,0,52,51743,6695398
77m6PiiPEQGUxjNELzMyiF,08lN7bm4Etec8ETFxaTUmq,Nogizaka46,Synchronicity,603,0,11,19920,6692157
7b7U8EnH4gB3a9qphGYVoj,03E7w8NrBr4lNCK33TQyil,Keyakizaka46,Silent Majority,672,0,51,20079,6680789
0AtZkwQcZmhVzQCEJga3ni,0bAsR2unSRpn6BQPEnNlZm,Aimer,太陽が昇らない世界 - A World Where the Sun Never Rises,86,0,53,101086,6604509
4vUvtcTa96RiDyCqyG7wrf,19FI3bwyW062xAmEy3rzsk,(sic)boy,Heaven's Drive,222,0,75,45135,6594359
4zYWl3eovDB7WWtbqoZH22,7JthQ6zwNzfxRfIEjp6wUs,HIRAIDAI,僕が君に出来ること,229,0,81,43703,6556757
3pvo8rUdUMc3X3cthkTX6g,2IUl3m1H1EQ7QfNbNWvgru,Vaundy,life hack,235,0,121,48527,6552043
26OxcplUEuMjoqkjwVLcPq,5jQa0f5MIMPEK7udL7UpI6,PornoGraffitti,サウダージ,160,0,123,66301,6503333
6I3mqTwhRpn34SLVafSH7G,1uNFoZAHBGtllmzznpCI3s,Justin Bieber,Ghost,198,0,86,44311,6497421
6eRs5SaiDOaGJ5AceBnrsk,6wxfx1yhyqjCPYwwxJktR2,King Gnu,Small Planet,183,0,12,91670,6495759
19D8LNpWwIPpi6hs9BG7dq,6HvZYsbFfjnjFrWF950C9d,NewJeans,Bubble Gum,91,0,56,110112,6480958
6p8SZOytmthKLKfB95viaY,4DDoAL8n6ob19r3jOZEbJI,Kana Nishino,EYES ON YOU,63,0,27,166734,6477827
0U9vBvoG3LN1PnuVl47E3W,5Vo1hnCRmCM6M4thZCInCj,OFFICIAL HIGE DANDISM,ビンテージ,186,0,27,60557,6466075
5xDrO9DEDJGUQGfyoHvgDJ,66CXWjxzNUsdJxJ2JdwvnR,Ariana Grande,Last Christmas,109,2,6,240229,6462041
2kIUILBPlz4exX9xIFS275,36cgvBn0aadzOijnjjwqMN,ILLIT,Lucky Girl Syndrome,109,0,76,81043,6452377
0SiX8tNiIZskZrPiAh6XxX,7n2Ycct7Beij7Dj7meI4X0,TWICE,Kura Kura,132,0,51,86293,6436342
1m2PksrrMpIev63uPxT1V0,28ot3wh4oNmoFOdVajibBl,NMIXX,O.O,151,0,59,59277,6435012
5rfUCmoI7axj6mjpu1Rto5,4FyAgiZa3q0eeljDvcOXFh,Ketsumeishi,さくら,533,0,21,51459,6395717
3pzjHKrQSvXGHQ98dx18HI,1uNFoZAHBGtllmzznpCI3s,Justin Bieber,What Do You Mean?,990,0,18,13812,6373750
0dSPApaBoWn6SA4GKWq9QK,64tJ2EAv1R6UaZqc4iOCyj,YOASOBI,Romance,168,0,53,65933,6346926
3J34JtfZNylVXSKN4TDf12,0blbVefuxOGltDBa00dspv,LiSA,明け星,143,0,52,71668,6339398
2IPqNqkVIs2BHdwNys44lY,5Vo1hnCRmCM6M4thZCInCj,OFFICIAL HIGE DANDISM,ESCAPADE,348,0,62,28656,6331032
0bcZS6ifbiPHNFZNX71fiK,02hwDSWEF0JdOgdIBw1gRT,Cho Tokimeki Sendenbu,超最強,90,0,54,101170,6328741
5DLqCKIi1lquKvGTIjlf6I,7k73EtZwoPs516ZxE72KsO,ONE OK ROCK,Broken Heart of Gold,89,0,29,137742,6325017
55JlyXw6KeFeVC9d9uCZ2K,7zVOa12T0RhNRzpbwZ4OCt,Che'Nelle,Happiness,209,0,104,50979,6312534
5RKDnMLQdvkk4OLxF0uBj6,4UK2Lzi6fBfUi9rpDt6cik,Yorushika,火星人,67,0,25,163701,6299634
3JrxNi0sQ1Lnx8eGonp3Ma,22FsmLO3ZyvgWBy5QbfcQi,ayaka,にじいろ,770,0,39,48560,6269365
5pg2M78HkonLV5EMddMEYy,4wCW8kZ8LL7QIdcE8EOKPP,BE:FIRST,Spacecraft,82,0,35,153864,6249453
1LwSnnsoKcAUv9TPFEZ7iQ,7kOrrFIBIBc8uCu2zbxbLv,yama,麻痺,161,0,57,62623,6245580
2J0TRU2EDG29qlmxdGa4xa,7n2Ycct7Beij7Dj7meI4X0,TWICE,SCIENTIST,159,0,53,76579,6235859
79f5CcWzdkkDVD4XAIQgKr,2dIgFjalVxs4ThymZ67YCE,Stray Kids,LALALALA,92,0,27,144760,6234224
5ydjxBSUIDn26MFzU3asP4,3JsHnjpbhX4SnySpvpa9DK,V,Rainy Days,104,0,52,95293,6205488
1Zr1SoGePJ3iKKakmmZaMR,7n2Ycct7Beij7Dj7meI4X0,TWICE,SET ME FREE,118,0,57,73060,6190677
60nwK1iMgnFCznF6FiNfts,2nvl0N9GwyX69RRBMEZ4OD,kessoku band,青春コンプレックス,126,0,64,71975,6139735
2jTXs5PwRmPRWyJQ4lKfIR,5FGlhIQqewJRV8fx24toG0,Masaharu Fukuyama,想望,103,0,72,79323,6139625
2ekn2ttSfGqwhhate0LSR0,6M2wZ9GZgrQXHCFfjv46we,Dua Lipa,New Rules,594,161,4,17829,6116498
02wk5BttM0QL38ERjLPQJB,6HvZYsbFfjnjFrWF950C9d,NewJeans,Cool With You,70,0,19,161290,6103734
7kRKlFCFLAUwt43HWtauhX,2Qqrew4ZcEwf9NY7UqWGfU,ALI,LOST IN PARADISE,181,0,69,46134,6091539
4Eb5cLWxKQUoUQaKUYSRgI,7n2Ycct7Beij7Dj7meI4X0,TWICE,LIKEY,589,41,5,16359,6051494
1eYWPiHNH5xpZMZ4z6BlyZ,5Vo1hnCRmCM6M4thZCInCj,OFFICIAL HIGE DANDISM,Amazing,334,0,52,28817,6035608
3ySFBoxNHK3YgU1D9AyMl3,2vjeuQwzSP5ErC1S41gONX,CHANMINA,SAD SONG,71,0,28,165266,6020803
3iPbmpKBMflYd7UjdYftoj,7n2Ycct7Beij7Dj7meI4X0,TWICE,Alcohol-Free,134,0,51,92660,6018004
4FidnSkTNEEQLmPpueLPd7,1snhtMLeb2DYoMOcVbb8iB,Kenshi Yonezu,Machigai Sagashi,94,1,9,176888,6005207
4ey3mwkvUkUfssLTX6s3P6,1upcOMqQPeePrD1BmZV6vm,swetty,junkie,101,0,67,85806,5993426
2PeCrMLUayMPZnLZPkJxOJ,3x621ItlHMtX7mrJ8QnEjM,HY,NAO,665,0,34,18055,5990276
5KLL3cZEyuSJRvyS84o4Df,7Il739Q5W4yJUYC3hfnX6z,ano,ちゅ、多様性。,129,0,54,73191,5972202
4FdpXwtpJfRltvFuTcpNL6,0hCWVMGGQnRVfDgmhwLIxq,sakanaction,モス,301,0,23,38507,5964521
04mHr76sMR8RSqVIgWl785,6RHTUrRF63xao58xh9FXYJ,IVE,ATTITUDE,91,0,69,85313,5960316
2r31qQymHkEhfXlaBewBNb,2Ss73LwiIQQRLr9OoLQfuy,WILYWNKA,Our Style,132,0,54,73388,5935676
1jtlHteF4y7FFHKgYFld4f,6RHTUrRF63xao58xh9FXYJ,IVE,REBEL HEART,95,0,75,82637,5934581
2CGNAOSuO1MEFCbBRgUzjd,2YZyLoL8N0Wb9xBt1NhZWg,Kendrick Lamar,luther,107,0,72,78047,5915526
1DOZa2VoazIiDjGYlUQTlW,1S2S00lgLYLGHWA44qGEUs,Gen Hoshino,SUN,341,0,21,35307,5882676
0Sc93x1NGL4SbWFlMOvDkN,1AhjOkOLkbHUfcHDSErXQs,88rising,GBAD (Number_i Remix),48,3,9,212761,5880110
0PAyiPTz8gL0udQnSasc5G,7n2Ycct7Beij7Dj7meI4X0,TWICE,TT - Japanese ver.,547,87,3,19599,5831860
22x5EpcJkfE3SHBONJG6FS,6tQMcZAnZhztsJfTeZ5UYY,CHEHON,韻波句徒,141,0,70,53978,5824026
7pk2Mx1LnlaEpxfzNhgRuz,4UK2Lzi6fBfUi9rpDt6cik,Yorushika,へび,92,0,54,96192,5812693
4YMukCV1BsdK8V9kZoQpT6,6le80R1opKnTlP4o3KvA2k,Uru,プロローグ,190,0,126,42903,5788336
5SDVaYU4nfaIV0rNSlWSCa,22FsmLO3ZyvgWBy5QbfcQi,ayaka,三日月,568,0,84,54635,5787124
1eHYGHFXcU9famSIBWZL3l,0EmfXhT2Bhc53cyK3hrZM5,8LOOM,Come Again,117,0,57,70225,5780400
6laUIsJKwTQMXAAEKnCwES,0LOK81e9H5lr61HlGGHqwA,XG,GALA,68,0,29,155866,5758920
715zVQ20f3WWRwQ9HAIkmP,393fHru9HcKGQIf6T0P7Nh,Charm Holic,TOXIC,74,0,35,136969,5748877
2FVpOsjT1iquZ3SpCjZ9Ne,3Nrfpe0tUJi4K4DXYWgMUX,BTS,Telepathy,191,0,57,70608,5736314
7nWkch2lxmVbHOgKabM8qd,6bDWAcdtVR3WHz2xtiIPUi,Fujii Kaze,燃えよ,155,0,52,73160,5735145
3IelG5zYpWWCZIH4cqWlPV,0LOK81e9H5lr61HlGGHqwA,XG,SHOOTING STAR,58,0,22,146078,5717659
70eFcWOvlMObDhURTqT4Fv,6eUKZXaKkcviH0Ku9w2n3V,Ed Sheeran,Beautiful People,227,2,8,44742,5708233
3TpD7kfsRSbXYzYvug4yey,6rs1KAoQnFalSqSU4LTh8g,back number,チェックのワンピース,100,0,61,89464,5699735
0iuZMy88H6vxDA2oaJNhJg,7n2Ycct7Beij7Dj7meI4X0,TWICE,Perfect World,127,0,54,73300,5698513
4Ybp3UvVXvraRNwOCWnrNq,6YqdtpUutxodni6lUD4stM,WANIMA,シグナル,344,0,67,58502,5694933
6CGZ8022XXhjSU5qndKB5V,4XFkDALFTsSHVnRtJSsaMN,Number_i,No-Yes,68,0,26,184477,5692992
67O5aJpFGwY3fWTZR7dYF4,7JthQ6zwNzfxRfIEjp6wUs,HIRAIDAI,栄光の扉,127,0,59,64548,5681587
4e1aewX6ATPcdfQIqr7gqO,4TEK9tIkcoxib4GxT3O4ky,KISS OF LIFE,Sticky,87,0,61,87547,5660168
3u1S1OmAUhx5DRlLrXqyp3,1HBjj22wzbscIZ9sEb5dyf,Jonas Blue,Rise,454,21,6,19606,5657809
69xohKu8C1fsflYAiSNbwM,3Nrfpe0tUJi4K4DXYWgMUX,BTS,Run BTS,116,0,22,141335,5627313
0i8TzBtwbHjkYNZWhux80x,2KpK4apOMD6evPHoPggSVF,LEX,なんでも言っちゃって,126,0,54,67647,5624807
7MAibcTli4IisCtbHKrGMh,0du5cEVh5yTK9QJze8zA0C,Bruno Mars,Leave The Door Open,159,0,70,53789,5583437
0ZNbXoRUhaSMhYcL4LWDg9,1S2S00lgLYLGHWA44qGEUs,Gen Hoshino,Eureka,72,0,27,164505,5570201
6CMjaUiyl7WLPop2AoLbn6,2llRPLPOCvnAiUozItvPsU,PEOPLE 1,DOGLAND,87,0,49,106589,5556899
5IAESfJjmOYu7cHyX557kz,3Nrfpe0tUJi4K4DXYWgMUX,BTS,Take Two,58,5,6,221568,5546210
2N9miXnewVmUrgl6JSK1FI,4SpbR6yFEvexJuaBpgAU5p,LE SSERAFIM,SPAGHETTI,38,0,20,170325,5541263
281tmNk46TBQS9ACYMLYyA,7n2Ycct7Beij7Dj7meI4X0,TWICE,Dance The Night Away,441,4,8,22750,5499476
1fooGB6yJLKiOk8jW3thn6,4UK2Lzi6fBfUi9rpDt6cik,Yorushika,負け犬にアンコールはいらない,114,0,130,57485,5491770
2YbNZLoiREBYZo4HeKB8Np,64tJ2EAv1R6UaZqc4iOCyj,YOASOBI,ミスター,115,0,51,91319,5474540
3DarAbFujv6eYNliUTyqtz,5cj0lLjcoR7YOSnhnX0Po5,Doja Cat,Kiss Me More,156,0,77,45417,5465698
5gZkspRLEDGfqKKKlW0zcv,1snhtMLeb2DYoMOcVbb8iB,Kenshi Yonezu,パプリカ,92,1,10,174098,5453588
3Dah48XTdzVtbIl4dUn6l4,2jOm3cYujQx6o1dxuiuqaX,RIIZE,Get A Guitar,115,0,125,55974,5434151
3Qa1rG4kSuGnmVHChIJUtU,6wxfx1yhyqjCPYwwxJktR2,King Gnu,SO BAD,75,0,22,146945,5427453
6EJDyT2T7pEeLLhNRR416r,4wCW8kZ8LL7QIdcE8EOKPP,BE:FIRST,Smile Again,62,0,20,159085,5421704
5vCNAauCaecW0tT2mZDLG9,1k5LyiTCRzPjORzcgHqJxF,Kanaria,KING,206,0,139,32379,5416244
3nYe3TNoETmeXkseSdnUFz,7lNFzeAXmSIKexINNgO6bu,YUZU,夏色,282,0,96,62732,5409801
70xcWRujaf34LOu0Vdubtp,1qma7XhwZotCAucL7NHVLY,Mr.Children,innocent world,475,0,16,31859,5399795
4itdOvg6V8hjTOQUeaGHWt,1XYuC1vxinTjHCNd5clB8C,ARASHI,Whenever You Call,121,0,32,115513,5399523
4ef665KqgZWRooxhSwtQtH,1Fe6FA7A57suR2KAaERpqH,¥ellow Bucks,Yessir,193,0,125,39406,5391525
0ZAt0b8007aMpb8yLVFNw5,1XErHyc10VN8bfGKma1Yyc,Leo Ieiri,空と青,145,0,66,55503,5379422
2ttzli3A7SOXUvMv69xEKs,7CifQjntMwkU4kfV85zTnS,Def Tech,My Way,208,0,115,32481,5359151
4qyGU4DyGaRobLMhpZxEMX,7HwzlRPa9Ad0I8rK0FPzzK,SEKAI NO OWARI,MAGIC,188,0,94,37715,5343844
3Gj9gaVfc3HHyqcIFaSa70,0ixzjrK1wkN2zWBXt3VW3W,Yuuri,インフィニティ,131,0,59,65400,5341658
1rgncjmlpHMP3DBhpagyVb,2nvl0N9GwyX69RRBMEZ4OD,kessoku band,ギターと孤独と蒼い惑星,114,0,72,64278,5334687
3e9HZxeyfWwjeyPAMmWSSQ,66CXWjxzNUsdJxJ2JdwvnR,Ariana Grande,"thank u, next",271,77,2,34824,5321623
7sDkXyDikXhpRz715MdiEp,0LOK81e9H5lr61HlGGHqwA,XG,PUPPET SHOW,74,0,51,101420,5318257
1mzn53qwArYj52lIGpXXlD,2IUl3m1H1EQ7QfNbNWvgru,Vaundy,mabataki,97,0,51,91439,5316133
0n2moJpAEWHwaPYYjkzMDl,3Nrfpe0tUJi4K4DXYWgMUX,BTS,Blue & Grey,180,0,52,77391,5310695
4ZtFanR9U6ndgddUvNcjcG,1McMsnEElThX1knmY4oliG,Olivia Rodrigo,good 4 u,147,0,83,52765,5299347
16wAOAZ2OkqoIDN7TpChjR,1uNFoZAHBGtllmzznpCI3s,Justin Bieber,Yummy,136,0,19,62198,5298401
5SxkdsY1ufZzoq9iXceLw9,66CXWjxzNUsdJxJ2JdwvnR,Ariana Grande,no tears left to cry,383,70,3,23616,5298381
7wqSzGeodspE3V6RBD5W8L,137W8MRPWKqSmrBGDBFSop,Wiz Khalifa,See You Again,811,0,61,26636,5275546
35m8Dt5Pnnth0k17UIgEZ3,2koP6FEfIEVk4l2Fe6jFhu,JO1,Handz In My Pocket,66,0,53,107959,5274174
2dpaYNEQHiRxtZbfNsse99,64KEffDW9EtZ1y2vBYgq8T,Marshmello,Happier,370,21,6,21930,5273980
4fouWK6XVHhzl78KzQ1UjL,2VSHKHBTiXWplO8lxcnUC9,GAYLE,abcdefu,151,0,100,42919,5270597
3qik29BKjJFcucGkhGbhHj,6mEQK9m2krja6X1cfsAjfl,Ado,RuLe,87,0,76,74926,5269753
2CspwnypzT7rcWI9RfsoSb,250b0Wlc5Vk0CoUsaCY84M,JENNIE,Mantra,74,0,52,113635,5265439
6PO8T4qt3FHfauSs98zO9j,2ZjWbNQAjL74Pf4aqikIz2,Shota Shimizu,Dream,785,0,14,13591,5264666
1ULdASrNy5rurl1TZfFaMP,6YVMFz59CuY7ngCxTxjpxE,aespa,Spicy,107,0,63,72010,5259567
0KKkJNfGyhkQ5aFogxQAPU,0du5cEVh5yTK9QJze8zA0C,Bruno Mars,That's What I Like,707,96,5,55627,5254055
6aPDcQqxHILkKLqDdtIKu7,6wxfx1yhyqjCPYwwxJktR2,King Gnu,The hole,324,0,62,36073,5247353
1kPhV0KQui1phEpjnWIqUN,1oSPZhvZMIrWW5I41kPkkY,Jimin,Smeraldo Garden Marching Band,47,0,19,177228,5239264
350qYJAxfxX6v1CODl3Guq,0FnDCrmcQT8qz5TEsZIYw5,Awich,Bad Bitch 美学 Remix,98,0,58,81057,5202690
67BtfxlNbhBmCDR2L2l8qd,7jVv8c5Fj3E9VhNjxT4snq,Lil Nas X,MONTERO (Call Me By Your Name),168,0,100,44266,5193111
5SvmqYmtWdOffFcYg21IhJ,3z8diLlUCkN1j9N9ZdnfBJ,NiziU,Boom Boom Boom,136,0,12,115911,5188465
0xzI1KAr0Yd9tv8jlIk3sn,5CiGnKThu5ctn9pBxv7DGa,benny blanco,Bad Decisions,115,0,54,76464,5183568
1aZ8imSK44D2IMwaDjS4gP,3x621ItlHMtX7mrJ8QnEjM,HY,恋をして,75,0,52,104731,5183397
50tPNAlIyAbQtixQQ0huP5,7lbSsjYACZHn1MSDXPxNF2,Hikaru Utada,何色でもない花,70,0,45,117834,5181634
7MLRXVVgkCGHJFa81dRnW7,1t17z3vfuc82cxSDMrvryJ,Macaroni Empitsu,然らば,87,0,79,79007,5173362
2SL6pRmKNyug2DqhoVjVXq,2UMMVk4WPg6pKXQGvufnuG,TOMONARI SORA,睨めっ娘,84,0,80,80464,5170379
0q5UAd2D2ZC8lGZcKXdyEg,6wxfx1yhyqjCPYwwxJktR2,King Gnu,Humor,126,1,9,100977,5162942
47N81NMkB488fuOwOC3Oip,5Pwc4xIPtQLFEnJriah9YJ,OneRepublic,Nobody - from Kaiju No. 8,87,0,75,82235,5149428
1NKf7YQ4jsRc5zCPzqbexT,1qma7XhwZotCAucL7NHVLY,Mr.Children,足音 ~Be Strong,342,0,60,22038,5142263
5CtI0qwDJkDQGwXD1H1cLb,4V8Sr092TqfHkfAA5fXXqG,Luis Fonsi,Despacito - Remix,575,184,2,16411,5134012
6NsZYSKBD30LvrB25yAZ2v,4WqXqPmUuenMIr4QaFrZXN,Saucy Dog,今更だって僕は言うかな,129,0,135,64615,5131873
0V3wPSX9ygBnCm8psDIegu,06HL4z0CvFAxyc27GXpf02,Taylor Swift,Anti-Hero,116,0,58,65506,5123751
43fEF597yI17Hh9ikhqED2,6VuxycWaTHHrz5ZP5sNSsd,Yamazaru,名前の無い歌,204,0,133,30711,5107090
02X171LzwfnxmzcMn2BYuG,3VVMRDGpbQR2SK9nHX3DW5,yangskinny,ベランダ feat. 戦慄かなの,89,0,78,72896,5090146
0rjYoo3fuxtMWqzRSlwuFN,4XFkDALFTsSHVnRtJSsaMN,Number_i,SQUARE_ONE,61,0,23,186653,5086642
6hasQfFdygcQow58WNA614,7lbSsjYACZHn1MSDXPxNF2,Hikaru Utada,Gold　～また逢う日まで～,70,0,51,99867,5085363
6Flllj0iIJPwXUpxL9KdxC,0bAsR2unSRpn6BQPEnNlZm,Aimer,Choucho Musubi,769,0,58,14968,5078799
1WutVejYvP7220sofj3xId,6rs1KAoQnFalSqSU4LTh8g,back number,僕は君の事が好きだけど君は僕を別に好きじゃないみたい,104,0,110,64391,5078248
0OF09VIq0rwxFoRRfI0lg2,5kVZa4lFUmAQlBogl1fkd6,Aimyon,3636,113,0,59,59115,5072703
0nrRP2bk19rLc0orkWPQk2,1vCWHaC5f2uS3yhpwWbIA6,Avicii,Wake Me Up,683,12,1,42662,5069126
17oTdCFRG5Vp4381jehV3U,726WiFmWkohzodUxK3XjHX,Hoshimachi Suisei,もうどうなってもいいや,83,0,57,90226,5064911
7ejMg5qYeZbikO3a4u3kZ2,6n4SsAp5VjvIBg3s9QCcPX,SUDA MASAKI,Mitakotomonaikeshiki,460,0,72,18535,5059827
2YaWdN5tieE4Ntorawbbvq,1S2S00lgLYLGHWA44qGEUs,Gen Hoshino,異世界混合大舞踏会,97,0,55,67011,5048516
3hBBKuWJfxlIlnd9QFoC8k,04gDigrS5kc9YWfZHwBETP,Maroon 5,What Lovers Do,531,141,2,19809,5048392
5AEtlRudpgdT5FtNiuly6Y,5p7f24Rk5HkUZsaS3BLG5F,Hailee Steinfeld,Let Me Go,555,44,6,18625,5047056
0dKJGmhY4Hh40bOkPz9n6N,5Vo1hnCRmCM6M4thZCInCj,OFFICIAL HIGE DANDISM,SWEET TWEET,298,0,68,22758,5042450
3qEFqbP7UiyJZx6g5C3LSd,7oQ6zxSp4eQjvVkk9rGIDV,Marcy,プレゼント,84,0,69,82054,5018664
3tw4Jysd48kMcKsdnGYLee,1snhtMLeb2DYoMOcVbb8iB,Kenshi Yonezu,死神,119,0,53,74232,5005935
2N2qxWPU60swo6fm1SnOgr,0hBYSjDjcAaAuSZcpN8jk9,JP THE WAVY,WAVEBODY,145,0,76,56210,5005878
5AUqOlLEL6ZmJnsezOHGqd,7LuHX3X7qR5K8ft7ilZKUj,Mom,あかるいみらい,135,0,65,59141,4995364
16OYugyNRr5pxjWZEfkU6b,5u1MCRvQ3cA2Y9BpLSZIeg,DURDN,Drink!,108,0,101,59196,4977850
3l2O4IuJ4DFEfUwDdWyPnf,45ft4DyTCEJfQwTBHXpdhM,milet,Walkin' In My Lane,113,0,61,61798,4957819
0cqRj7pUJDkTCEsJkx8snD,06HL4z0CvFAxyc27GXpf02,Taylor Swift,Shake It Off,781,0,50,15866,4947478
1SbEt51pN80q1cphFOqIPL,2sd5k8N8cAOm6Q8OCcePw4,Rin音,snow jam,80,0,13,97064,4934336
4oYymXPo7QPsO3iZi4P0wv,1EowJ1WwkMzkCkRomFhui7,RADWIMPS,賜物,83,0,79,73969,4926929
4rcAJoljlgzkYsisGJ1NsT,1mN9lPKzTRTOop4u7S1Uy9,iri,Season,94,0,73,67351,4911884
6Pjzy9avwlVr4UAbxkQQmh,0LOK81e9H5lr61HlGGHqwA,XG,NEW DANCE,56,0,29,142508,4895862
6I2tqFhk8tq69iursYxuxd,7nqOGRxlXj7N2JYbgNEjYH,SEVENTEEN,HOT,134,0,65,55324,4893000
7zbsxhqTb3yDICWuNBCodY,4QvgGvpgzgyUOo8Yp8LDm9,Mrs. GREEN APPLE,Attitude,189,0,114,56747,4888830
4CTkQljbP19RftsQVJ8oxv,7mvhRvEAHiCTQHUnH7fgnv,Tatsuya Kitani,いらないもの,81,0,69,78951,4886473
4Ls20opS0EzPb7NuA6F8VI,0aD7NQx7yauKlVDnqOxk6q,AI,ハピネス,382,0,45,131534,4884232
0HwDv2bXxdQnGUJhAuGAqG,2vjeuQwzSP5ErC1S41gONX,CHANMINA,I hate this love song,78,0,61,83737,4884202
0x8t2rGCJq3FWZ7sSr9ZOH,2Sw8snRnez7gVPNd9UU07o,NEWS,チャンカパーナ,76,0,59,94481,4866837
7537JfhvVpEqkrY2CIY7zu,64tJ2EAv1R6UaZqc4iOCyj,YOASOBI,好きだ,109,0,54,72153,4836551
0E5FxZ0spndv7NZGQdrJaZ,0psEe4IooMjolOPMrz9A5M,YOAKE,なぁ,136,0,109,44410,4836013
7facNrW6VRW8s3ICZ8G1uW,7HwzlRPa9Ad0I8rK0FPzzK,SEKAI NO OWARI,RPG,140,0,121,64001,4832762
3fxaN9pj6g4crVCzMTqRd0,4muJrGMndyYWqZtfk8OWy4,BoA,メリクリ,107,0,26,169994,4820156
74Cc2tYo3flxhnCHl2Ggra,6wxfx1yhyqjCPYwwxJktR2,King Gnu,Sorrows,315,0,56,39060,4819373
2f5A8BVFTbX9feDNseHfrB,4wCW8kZ8LL7QIdcE8EOKPP,BE:FIRST,Blissful,76,0,55,87876,4818081
0tvPnYDLySJL9g7OHNJeyb,0hSFeqPehe7FtCNWuQ6Bsy,BUMP OF CHICKEN,アカシア,121,0,52,66371,4798736
2rTmZHTXWo9YfIRAxbdkpG,7ipRKwjoASGW04QLVsDg3g,マキシマム ザ ホルモン 一部のアニメテーマ専用仮設チャンネル,刃渡り2億センチ(TV edit),60,0,27,137429,4770522
24nK8tW7Pt3Inh2utttuoG,0XATRDCYuuGhk0oE7C0o5G,MAMAMOO,HIP,255,0,102,22944,4760643
144pIQC3mpmUkZXMt8fIwb,26ZBeXl5Gqr3TAv2itmyCU,indigo la End,夏夜のマジック,191,0,107,60836,4745638
4bDFucME4JFCU9CD8Nhzer,4wCW8kZ8LL7QIdcE8EOKPP,BE:FIRST,GRIT,56,0,26,152629,4692334
69bp2EbF7Q2rqc5N3ylezZ,1uNFoZAHBGtllmzznpCI3s,Justin Bieber,Sorry,901,0,22,9693,4692197
2wrJq5XKLnmhRXHIAf9xBa,7z5WFjZAIYejWy0NI5lv4T,Dan + Shay,"10,000 Hours",226,0,19,42219,4688929
2XlTBc7XOzyunDf3Oqsfpk,64tJ2EAv1R6UaZqc4iOCyj,YOASOBI,Watch me!,67,0,51,108686,4681122
0afhq8XCExXpqazXczTSve,6eUKZXaKkcviH0Ku9w2n3V,Ed Sheeran,Galway Girl,683,47,3,12265,4661246
1rdr5D1dSqbEmLa97l36NZ,1snhtMLeb2DYoMOcVbb8iB,Kenshi Yonezu,POP SONG,91,0,31,115947,4655850
1Xj5ZS6bpYPt87m09JbFPb,4QvgGvpgzgyUOo8Yp8LDm9,Mrs. GREEN APPLE,慶びの種,48,0,27,151562,4637900
3jKhYB78kmpIxMHQXrDUaj,3z8diLlUCkN1j9N9ZdnfBJ,NiziU,Beyond the Rainbow,122,0,14,112259,4633792
7mxgPTMcACB1iAKKRq9Ebf,71UIOLnsacxQHlU55TvfiH,Da-iCE,ノンフィクションズ,71,0,69,82377,4575657
1B04DTxiZUA5QW9Zxe1IEJ,7k73EtZwoPs516ZxE72KsO,ONE OK ROCK,Save Yourself,79,0,31,113042,4568009
0tgVpDi06FyKpA1z0VMD4v,6eUKZXaKkcviH0Ku9w2n3V,Ed Sheeran,Perfect,677,4,10,14348,4567603
42lDvdAmBr7H5hLzvr882L,64tJ2EAv1R6UaZqc4iOCyj,YOASOBI,舞台に立って,68,0,51,115637,4565549
3kk5I0NtYAUesPqlzDFkKd,6wxfx1yhyqjCPYwwxJktR2,King Gnu,千両役者,110,0,35,110995,4564313
2nRMW95dnOILirpjbksLTs,6HaGTQPmzraVmaVxvz6EUc,Jung Kook,Never Let Go,49,0,29,164662,4550929
4ydI1PBgOZvwLScf5eR0kw,7HwzlRPa9Ad0I8rK0FPzzK,SEKAI NO OWARI,栞,38,0,23,170445,4543772
4wjephTaBH2vOoRz4vlPnE,1t17z3vfuc82cxSDMrvryJ,Macaroni Empitsu,忘レナ唄,80,0,73,74394,4523624
2WI2is2NtH0WTs7zfKNpcE,1snhtMLeb2DYoMOcVbb8iB,Kenshi Yonezu,Campanella,82,0,13,159225,4506825
35mvY5S1H3J2QZyna3TFe0,66CXWjxzNUsdJxJ2JdwvnR,Ariana Grande,positions,133,0,55,56309,4487137
0jSHwhowInP7AgP9BkWudl,6wxfx1yhyqjCPYwwxJktR2,King Gnu,):阿修羅:(,69,0,47,109725,4471457
1XT0cpl9g0GuRQJao2nqXd,7k73EtZwoPs516ZxE72KsO,ONE OK ROCK,Kanzen kankaku Dreamer,854,0,36,13070,4468923
79cuOz3SPQTuFrp8WgftAu,7n2wHs1TKAczGzO7Dd2rGr,Shawn Mendes,There's Nothing Holdin' Me Back,529,7,9,49400,4457002
1nMbZ9OsVNSLEyijI80EST,7n2Ycct7Beij7Dj7meI4X0,TWICE,TT,756,0,12,10419,4441580
4qjpey2aljl28C40NmTcgQ,0pWR7TsFhvSCnbmHDjWgrE,Creepy Nuts,かつて天才だった俺たちへ,165,0,70,41239,4399200
3xIy1bAkKbLtXdzHKwCjqE,1j2WhcTW00Zd2SjFYsJVc6,=LOVE,ラブソングに襲われる,66,0,82,80175,4388684
34avdJEtWpD7TCRV3j0wZI,4wCW8kZ8LL7QIdcE8EOKPP,BE:FIRST,Stare In Wonder,53,0,51,120168,4388376
017PF4Q3l4DBUiWoXk4OWT,6M2wZ9GZgrQXHCFfjv46we,Dua Lipa,Break My Heart,178,0,60,29660,4384382
6BkEiNQdMlwxPMgFDLkZtV,0hBYSjDjcAaAuSZcpN8jk9,JP THE WAVY,What’s Poppin,84,0,106,59305,4377462
7Mfgvi0WG4y7YDxknVOIS9,7kOrrFIBIBc8uCu2zbxbLv,yama,a.m.3:21,162,0,59,45686,4374370
24SMQ3rO4edaTk9ySaMTqI,64tJ2EAv1R6UaZqc4iOCyj,YOASOBI,ツバメ,115,0,60,56803,4366605
7BqBn9nzAq8spo5e7cZ0dJ,0du5cEVh5yTK9QJze8zA0C,Bruno Mars,Just the Way You Are,706,0,54,57137,4362978
7M9E7w9tskTz1Bf2VrNfKy,7KSbqXHO0xzNQhzaIWILIo,Masanori Otoda,ベガとアルタイル,76,0,56,95959,4357827
1M1jLhhnhXRoM4yHd4vAuW,7lbSsjYACZHn1MSDXPxNF2,Hikaru Utada,Time,130,0,19,73486,4352037
3jywRizW6a1F3JROwRG0qd,7k73EtZwoPs516ZxE72KsO,ONE OK ROCK,Puppets Can't Control You,62,0,52,97669,4330699
3DXncPQOG4VBw3QHh3S817,0QHgL1lAIqAw0HtD7YldmP,DJ Khaled,I'm the One,543,127,2,17437,4327626
0olDaDIw7wgrfAuBhF1vkm,14T8NkbwXVZgbOvwnuGV89,GReeeeN,星影のエール,190,0,96,32363,4319962
1nahzW3kfMuwReTka28tH5,1uNFoZAHBGtllmzznpCI3s,Justin Bieber,Hold On,119,0,68,54712,4311491
6ocbgoVGwYJhOv1GgI9NsF,66CXWjxzNUsdJxJ2JdwvnR,Ariana Grande,7 rings,243,38,4,37736,4311211
2YtGffDs1z9VOZRLW1Iv5J,1EowJ1WwkMzkCkRomFhui7,RADWIMPS,いいんですか?,374,0,61,75535,4309918
3X9N36jB8FtTkzTCkIFi4u,64tJ2EAv1R6UaZqc4iOCyj,YOASOBI,Biri-Biri,63,0,52,102360,4286491
21jGcNKet2qwijlDFuPiPb,246dkjvS1zLTtiykXe5h60,Post Malone,Circles,239,0,51,23312,4267151
3LCwQoTrdQgHsGJE5gGVqx,6uNxlIP5lzPFf0BHuELOuX,GOT the beat,Step Back,110,0,72,53713,4266677
4XdzCpY4Ekv5SezuuFpBDG,7HwzlRPa9Ad0I8rK0FPzzK,SEKAI NO OWARI,Dragon Night,93,0,109,65403,4264940
5xrTkg0cv5l8pF1C42NSon,2ZjWbNQAjL74Pf4aqikIz2,Shota Shimizu,恋唄,136,0,91,42681,4258850
185espHo2bItrvYrUUkDhe,0ySFZq3Wd0SQUyJUzmJAeb,sumika,Fanfare,227,0,109,23856,4258601
4u7EnebtmKWzUH433cf5Qv,1dfeR4HaWDbWqFHLkxsg1d,Queen,Bohemian Rhapsody - Remastered 2011,221,71,2,34482,4240371
0s3QkjmkfUELLZl2WxQ9Od,2JT0j7bIpVTyhyv4h9aEOe,PRODUCE 101 JAPAN THE GIRLS,LEAP HIGH! 〜明日へ、めいっぱい〜,71,0,51,105378,4231755
5ALRT96oaGuX7VHySBLbQu,3b7jPCedJ2VH4l4rcOTvNC,PinocchioP,神っぽいな,135,0,116,36346,4228679
7zC66d7FERcogZkgW7lgnq,08lN7bm4Etec8ETFxaTUmq,Nogizaka46,Route 246,137,0,53,56956,4213295
2pPZuMAbrKIxxRCYhhOojm,7z8eFxohsIg2Tu5evbNXXo,YZERR,Miss Luxury,72,0,81,74329,4208050
0NiXXAI876aGImAd6rTj8w,1HBjj22wzbscIZ9sEb5dyf,Jonas Blue,Mama,524,122,5,13361,4205978
0235CQ0hquNPhCvcDVPj0Y,6mEQK9m2krja6X1cfsAjfl,Ado,Elf,79,0,96,65027,4201356
6orDsQsMy7BaqGoRWw3fVN,1luOe8HkZQ7zwuaO2wuJqI,[Alexandros],閃光,132,0,76,49114,4196338
7zFBtYAVURF3bUVqEQ6UUu,2KC9Qb60EaY0kW4eH68vr3,ITZY,ICY,161,0,76,37432,4190566
5xoar7MhzRUVqJvGpAtxfP,1snhtMLeb2DYoMOcVbb8iB,Kenshi Yonezu,月を見ていた,39,0,12,174825,4188802
6P2IZsIyNVeOl712sFg4lc,5R7AMwDeroq6Ls0COQYpS4,Kep1er,Up!,96,0,63,67118,4176492
3rUGC1vUpkDG9CZFHMur1t,45dkTj5sMRSjrmBSBeiHym,Tate McRae,greedy,93,0,150,49627,4173666
2hPBIYQeqpbQWSMAM9ln1w,6le80R1opKnTlP4o3KvA2k,Uru,心得,70,0,64,74117,4173253
1w3837OMA0xxpFqqMtL7B5,4UK2Lzi6fBfUi9rpDt6cik,Yorushika,ルバート,55,0,52,109291,4168270
70uJr9I7fSA0DUrnSzyCvZ,0UZq6vAHrwGgctvxTzzxYm,Tokyo Ska Paradise Orchestra,紋白蝶,84,0,58,69268,4163654
06Dyf27hoaHiVugKgL7K2Z,64tJ2EAv1R6UaZqc4iOCyj,YOASOBI,もしも命が描けたら,89,0,61,61871,4162397
1iNhNmEwrd2TP4XrV7pQBI,2nvl0N9GwyX69RRBMEZ4OD,kessoku band,星座になれたら,80,0,58,73920,4162044
6b8Be6ljOzmkOmFslEb23P,0du5cEVh5yTK9QJze8zA0C,Bruno Mars,24K Magic,738,133,1,14355,4147562
3k6q0O9JnO2GhvD6C8fs20,1oSPZhvZMIrWW5I41kPkkY,Jimin,Closer Than This,63,0,57,95063,4146237
5h5ACEliQ9toZ3fJwVc09f,4upiYMjsFfLRieGo8RVRzD,ORANGE RANGE,花,72,0,84,71050,4145213
4iLqG9SeJSnt0cSPICSjxv,6VuMaDnrHyPL1p4EHjYLi7,Charlie Puth,Attention,480,43,6,15567,4131007
0GU5GuJQQEnnREO2FxnVPT,2KC9Qb60EaY0kW4eH68vr3,ITZY,달라달라 (DALLA DALLA),214,0,44,33196,4126268
42XeicjBjdyu7boDDtHkvu,64tJ2EAv1R6UaZqc4iOCyj,YOASOBI,モノトーン,54,0,52,102928,4103264
6i8MbzVn4nzyjUcSoVcz7B,6YVMFz59CuY7ngCxTxjpxE,aespa,Armageddon,66,0,64,83727,4094813
4CqQqMqOQKuvAUDyTDRvtv,0jWCX6zp4RjWrmZRxJ2uri,Novelbright,夢花火,164,0,80,34470,4087513
0C7VgMgDuyOEku3sslCbyC,0ixzjrK1wkN2zWBXt3VW3W,Yuuri,タイムマシン,105,0,66,55354,4077732
1GHRempxln5XiNEYYvPz7f,48apiuEaHdddhdRvfFjPB7,Chilli Beans.,rose,76,0,55,74541,4073334
5EBsireOwbvRqFb0md9BDu,4sh0yr2z7vdKqzahUgQ5Oi,GeG,I gotta go,193,0,79,28714,4064874
2j1Es5qEl4pD8GEe2WsYgP,7nqOGRxlXj7N2JYbgNEjYH,SEVENTEEN,Darl+ing,106,0,68,52162,4064467
0rSMzlAKNapoat4NdZYmi3,7n2Ycct7Beij7Dj7meI4X0,TWICE,BETTER,100,0,53,66578,4043334
2RYRnaB7ekhnBpRFl3nZdG,2aoUBwmHWln0JSEZbi9E70,nishina,ヘビースモーク,124,0,83,47575,4030377
2U0RKuknHTQPIuKw2gDTHI,7r3FkquAY1tv1roZs3unJ1,Ryota Fujimaki,3月9日,303,0,20,23322,4030152
1di1C0QI6Y92yZPYn6XYAZ,3PWp9R5HvbQgxI5KBx5kVd,KANA-BOON,シルエット,39,0,33,168663,4022764
2DwUdMJ5uxv20EhAildreg,6HvZYsbFfjnjFrWF950C9d,NewJeans,Cookie,95,0,122,49101,4020763
6VDqgFHGHZhLWuT5vq0BnM,0EmfXhT2Bhc53cyK3hrZM5,8LOOM,君の花になる,86,0,73,65143,4003801
69CrOS7vEHIrhC2ILyEi0s,6UZ0ba50XreR4TM8u322gs,JISOO,FLOWER,74,0,59,78222,4003274
02ZsOeVtenrP80YpRPSonZ,0jWCX6zp4RjWrmZRxJ2uri,Novelbright,Sunny drop,159,0,81,40073,3971904
4ko0h3V5HpSI2LqzFeBXUN,1ZFfhzyXjPvbzSYPlCIwo3,timelesz,RUN,51,0,35,153007,3960735
6mVPXi1jaOFgDkJNkTZJk4,2vjeuQwzSP5ErC1S41gONX,CHANMINA,命日,63,0,61,74298,3959202
3tjFYV6RSFtuktYl3ZtYcq,6fWVd57NKTalqvmjRd2t8Z,24kGoldn,Mood,142,0,79,38993,3956593
5ofnFjLvOgZP94zmDXi3HT,08lN7bm4Etec8ETFxaTUmq,Nogizaka46,Influencer,472,0,13,15068,3953903
3QH8rQGNFX8VLbCgZ7uPTS,3Nrfpe0tUJi4K4DXYWgMUX,BTS,Fly To My Room,108,0,32,115511,3951772
797EOD68bmVFiyalgBGeOZ,4UK2Lzi6fBfUi9rpDt6cik,Yorushika,左右盲,79,0,56,66007,3944071
68OYaxreTGmAuD9cAztr2p,4UK2Lzi6fBfUi9rpDt6cik,Yorushika,風を食む,128,0,76,40826,3943980
6NffEVuGbmTvIpfSS93aMU,0bAsR2unSRpn6BQPEnNlZm,Aimer,地球儀,90,0,64,58068,3942034
5u1n1kITHCxxp8twBcZxWy,1uNFoZAHBGtllmzznpCI3s,Justin Bieber,Holy,109,0,54,55016,3930886
6C734SmqoIYuRWo2qSCnpC,28ot3wh4oNmoFOdVajibBl,NMIXX,DICE,91,0,58,62172,3928919
1k1zTwX433BlwP6FLOPBpD,0hSFeqPehe7FtCNWuQ6Bsy,BUMP OF CHICKEN,なないろ,100,0,65,59390,3925969
0J8JXuvQADkec6AThPGzjR,1Y5vJqABeI6QI6R95EDV6o,tuki.,ひゅるりらぱっぱ,72,0,104,64467,3910367
1jXkl4Jv3iiX0Maj77witN,6RHTUrRF63xao58xh9FXYJ,IVE,HEYA,54,0,52,98735,3908263
5oH4DQAuu1J1800RzUsBWa,2dd5mrQZvg6SmahdgVKDzh,PSY,That That (prod. & feat. SUGA of BTS),73,0,52,79878,3901541
4CTpFqhfQo6zKmJhDUM5g5,6d52B4mojZZNq9HEQ6plF1,トキメッキー,AtoZ,58,0,52,100296,3899189
4MsUsFfWseB9M2plGJyuIw,06HL4z0CvFAxyc27GXpf02,Taylor Swift,ME!,246,0,21,28881,3895705
2VRcLEvQCMByWBuvM9gaJ2,7kOrrFIBIBc8uCu2zbxbLv,yama,Oz.,108,0,75,53163,3890739
1lZgpaHTGgMh6Nr0ABNyh0,16E27V4q0TPZXIriwMYTWV,SANARI,Prince,160,0,105,31698,3859946
4QXpGTmnWwftsbcSVhBeAm,3v8Gnj6Kvl1fShyGgacgu1,My Little Lover,"Hello,Again~昔からある場所~",445,0,51,47774,3859155
0albLGvYx6ftOUJ7KF0i5I,0O0hxUrO2PKxZknken3R24,Suchmos,STAY TUNE,698,15,4,10920,3856696
7hZ2wV0F3Ca17GTSYHH2f1,4TaSvnT5o4REFwhqfrmK27,imase,メトロシティ,66,0,86,69976,3826562
3J99JXowSczha1Cp0LtFoc,64tJ2EAv1R6UaZqc4iOCyj,YOASOBI,HEART BEAT,55,0,58,86103,3823468
1g6Elo93E6SecrU4iVJXpA,0ixzjrK1wkN2zWBXt3VW3W,Yuuri,クリスマスイブ,43,0,13,189727,3810518
0HrgcrtGZ3ycIFwcQIsl7Y,4XFkDALFTsSHVnRtJSsaMN,Number_i,OK Complex,50,0,29,179733,3806953
2tgWF9EZzqiq4Qzdzeow1A,5kVZa4lFUmAQlBogl1fkd6,Aimyon,ら、のはなし,246,7,6,28716,3802572
3l88VGmIhhQPJQGBTkstJS,2N19kPGlqKY8GiyE4DkAtp,Little Glee Monster,Echo,213,0,89,25239,3798634
5cRKj1kynNFqiliT2ndZ3y,4GxWcui9BlMJH9VOOK5wav,Ai Higuchi,Akuma no Ko,97,0,73,49051,3781342
3A0VFRUxhqpJeOxo0rklqC,4FyAgiZa3q0eeljDvcOXFh,Ketsumeishi,友よ 〜 この先もずっと・・・,462,0,107,34199,3777995
7cl2rrUX3x8GVDF7Du2Bnf,7n2Ycct7Beij7Dj7meI4X0,TWICE,I GOT YOU,60,0,52,104449,3770225
7fa9MBXhVfQ8P8Df9OEbD8,04gDigrS5kc9YWfZHwBETP,Maroon 5,Girls Like You,320,3,5,18209,3763043
46IZ0fSY2mpAiktS3KOqds,4dpARuHxo51G3z768sgnrY,Adele,Easy On Me,107,0,62,53193,3755621
6QwaEXysPmB6OOSEym0xVP,4XFkDALFTsSHVnRtJSsaMN,Number_i,iLY,62,0,52,119820,3744957
70wZzWaUH4kcprY60c6tDu,4QvgGvpgzgyUOo8Yp8LDm9,Mrs. GREEN APPLE,"Love me, Love you",74,0,131,59890,3728617
5VDFdX4rP5EN3U7UKSZiE7,1J6OD7vLbjEuFVgVRlusmS,Riria.,浮気されたけどまだ好きって曲。,146,0,81,33914,3727577
42JrgapwGBuPHG9YKjR6dj,1qma7XhwZotCAucL7NHVLY,Mr.Children,Tomorrow never knows,366,5,5,38031,3725611
4yJgSqf89poSNC6zIAwMQP,6rs1KAoQnFalSqSU4LTh8g,back number,幕が上がる,52,0,56,92686,3724410
1sUjTLLCJzcxC15GUBrOlg,6YVMFz59CuY7ngCxTxjpxE,aespa,Rich Man,49,0,51,105717,3718033
3K9RzumH1VCDgIZuwuT9bq,40oxjbVm3kdeyJEiGsKrmd,HoneyWorks,可愛くてごめん,83,0,67,64321,3717986
4fZg2tFkmln0lraBWvpCzV,0hSFeqPehe7FtCNWuQ6Bsy,BUMP OF CHICKEN,I,48,0,51,114564,3714287
6h1ry3Eb2gPMSi2mIhmBP6,4WqXqPmUuenMIr4QaFrZXN,Saucy Dog,魔法が解けたら,76,0,75,63366,3712697
4HBZA5flZLE435QTztThqH,66CXWjxzNUsdJxJ2JdwvnR,Ariana Grande,Stuck with U,134,0,51,47664,3708701
59hBR0BCtJsfIbV9VzCVAp,1oSPZhvZMIrWW5I41kPkkY,Jimin,Set Me Free Pt.2,55,0,53,100248,3685702
0DCUrM5omLum9e4UXCKhEM,6S8w5rLsEwjN21jQeRES0n,Hitsujibungaku,Burning,66,0,82,74175,3676605
22vgEDb5hykfaTwLuskFGD,7gOdHgIoIKoe4i9Tta6qdD,Jonas Brothers,Sucker,220,0,23,24860,3669767
3hB5DgAiMAQ4DzYbsMq1IT,1uNFoZAHBGtllmzznpCI3s,Justin Bieber,Love Yourself,803,0,46,31460,3657162
0qkYuCno3SoU8vxkCdx0iJ,7nqOGRxlXj7N2JYbgNEjYH,SEVENTEEN,THUNDER,34,0,17,179135,3656717
3VESewT7ERH2wtE5OyuKWH,7k73EtZwoPs516ZxE72KsO,ONE OK ROCK,In the Stars,260,1,10,28871,3650383
1vYXt7VSjH9JIM5oRRo7vA,6M2wZ9GZgrQXHCFfjv46we,Dua Lipa,Dance The Night (From Barbie The Album),81,0,122,51408,3647106
6sUsZUvJ1RxXK80EG3DQM2,3NSKTb4t386KNoI3bP9XVV,Shuta Sueyoshi,HACK,125,0,56,45116,3636426
61AZsmFB3VoJdmraMk5ZSn,6udveWUgX4vu75FF0DTrXV,TAEYANG,VIBE,71,0,53,91316,3634208
7eBpUuPnDTfbeP1P4P93CS,1uAT5bTSp6dWbNmixIUP5t,BSS,Fighting (Feat. Lee Young Ji),72,0,61,72405,3631475
3jlz3hv1rjQZSrrAtoRlXR,4dEHIhldHT2U8CMQ6nNgDT,LANA,L7 Blues,74,0,77,62774,3630762
0PvuVoqa1IHCnTrNnltS70,6MMLp7FXx1mewrxMaLr85Y,Hikaru Utada,First Love - 2022 Mix,59,0,48,112758,3623803
5icOoE6VgqFKohjWWNp0Ac,64KEffDW9EtZ1y2vBYgq8T,Marshmello,Here With Me,222,0,15,25236,3615825
1Vimcaq6kgTq6xgHSnr4pS,4Yz1LjHwgQ5DFWJrZL8bC8,Remioromen,粉雪,127,0,75,86593,3613241
7a3LbQFgp7NCuNcGlTgSsN,0hCWVMGGQnRVfDgmhwLIxq,sakanaction,忘れられないの,192,8,5,50834,3613141
1ic3Thr0mG0IsBE98pPcQ2,6YVMFz59CuY7ngCxTxjpxE,aespa,Dirty Work,38,0,25,148837,3606373
0i2M5m2D1CYl3X1VKhmfW9,2koP6FEfIEVk4l2Fe6jFhu,JO1,WHERE DO WE GO,62,0,55,93698,3599674
7DGDZ5zGzqgMp3LNBVOBX3,4XFkDALFTsSHVnRtJSsaMN,Number_i,i,48,0,34,166232,3582743
2NNFiHgLUutYTLVAvX4JKv,6S8w5rLsEwjN21jQeRES0n,Hitsujibungaku,声,66,0,105,64184,3571256
6k90ibcH1z8Mx9684nfuLW,38WbKH6oKAZskBhqDFA8Uj,ZUTOMAYO,お勉強しといてよ,134,0,57,36177,3563405
3TxjMrMGWFP0jkIy0tVvVn,7lbSsjYACZHn1MSDXPxNF2,Hikaru Utada,BADモード,78,0,51,91258,3562785
5wPltFGxoCje2DSLG3WA1G,4XFkDALFTsSHVnRtJSsaMN,Number_i,透明になりたい,59,0,51,127744,3558164
7fru0rxutpi08K7Q112saF,6oued35Hkg7GIEXqVfBrQK,WurtS,Talking Box,108,0,94,45376,3557698
7ylpphbW8jf5bh7NKJnO8s,1qM11R4ylJyQiPJ0DffE9z,Lilas,レンズ,80,0,59,68344,3547237
3Bkg2Jge2dDowdgpjJTz8N,2vjeuQwzSP5ErC1S41gONX,CHANMINA,Angel,100,0,73,54966,3535518
2VKwa5aHsNu0ZGQg77kdBd,4wCW8kZ8LL7QIdcE8EOKPP,BE:FIRST,Betrayal Game,77,0,51,82855,3531699
3R6oFy7EQiWhqJagxIblHM,4wCW8kZ8LL7QIdcE8EOKPP,BE:FIRST,I Want You Back,36,0,51,112693,3527591
68wBvZVbf4w9mWgnGBpt4R,5Vo1hnCRmCM6M4thZCInCj,OFFICIAL HIGE DANDISM,FIRE GROUND,219,0,84,22371,3525818
5dCWwd6RUQPxVZZ1igVvn6,0aD7NQx7yauKlVDnqOxk6q,AI,アルデバラン,108,0,106,40671,3525411
6CQ5WvprBENUd53lv9UzAh,257kEbQnBziYfmtmqiNuNE,CHEMISTRY,Pieces of a Dream,427,0,30,14064,3513169
696DnlkuDOXcMAnKlTgXXK,0vRvGUQVUjytro0xpb26bs,Arizona Zervas,ROXANNE,178,0,60,27046,3503426
24nTgzIrn2dHN3WvZPyLwO,2IUl3m1H1EQ7QfNbNWvgru,Vaundy,前前前世,13,11,3,381917,3501664
3blWd9ZEt4VSY5udhugpRs,5jQa0f5MIMPEK7udL7UpI6,PornoGraffitti,アゲハ蝶,36,0,20,191966,3489545
0aZG8KWrpRnsGL0loUkfSj,4GgBKgxhc649frZDHcXIEz,TWS,plot twist,70,0,115,60445,3483920
5yeXw1L7CqKXkHaJ0W4RrT,5Vo1hnCRmCM6M4thZCInCj,OFFICIAL HIGE DANDISM,Tell Me Baby,263,0,134,18663,3478967
7a7rtAGLudCpQnaKp4zgwG,6wxfx1yhyqjCPYwwxJktR2,King Gnu,Flash!!!,208,0,70,28467,3478178
2oLFvIUF0qfyLybZwQOPUe,5Vo1hnCRmCM6M4thZCInCj,OFFICIAL HIGE DANDISM,最後の恋煩い,200,0,69,26229,3460395
12jwNYJiHCSnXwbCmOm8Up,2vjeuQwzSP5ErC1S41gONX,CHANMINA,NG,56,0,79,81041,3451455
3xg2Q6IbJMfRkkOQxjygXo,2JT0j7bIpVTyhyv4h9aEOe,PRODUCE 101 JAPAN THE GIRLS,想像以上,48,0,28,145158,3448132
4R6yPy83vDEZtwJsBavUfo,3sE3971KYAw7t9ENx8Eqwk,Who-ya Extended,VIVID VICE,105,0,94,41634,3444008
6gcuJpHu0Ey30D5WR76y98,250b0Wlc5Vk0CoUsaCY84M,JENNIE,You & Me,39,0,38,133173,3435090
7ovHL4kRsRy03qG8E93R2k,1XYuC1vxinTjHCNd5clB8C,ARASHI,IN THE SUMMER,93,0,53,56838,3433418
5iTyiE1jAfmjorzFLc4Frg,0SMhG4gXGD4gzLMMz08cQU,SUPER BEAVER,名前を呼ぶよ,116,0,119,33699,3433350
30qO2rZlw1ZTLWOpCGuuGI,2IUl3m1H1EQ7QfNbNWvgru,Vaundy,置き手紙,63,0,52,75484,3432423
4WVJeRP6hjMMBkmWsV4TtF,7k73EtZwoPs516ZxE72KsO,ONE OK ROCK,Make It Out Alive,53,0,50,101176,3430015
5zFglKYiknIxks8geR8rcL,04gDigrS5kc9YWfZHwBETP,Maroon 5,Beautiful Mistakes,109,0,94,40306,3428181
7FbrGaHYVDmfr7KoLIZnQ7,4GJ6xDCF5jaUqD6avOuQT6,FIFTY FIFTY,Cupid - Twin Ver.,78,0,111,55770,3427453
3dreSfXDAs97mmSmXAObc0,2N19kPGlqKY8GiyE4DkAtp,Little Glee Monster,Itsuka Kono Namidaga,227,0,134,20769,3427432
4j3ZYby4xNDuqfHb3Crm4k,3z8diLlUCkN1j9N9ZdnfBJ,NiziU,Paradise,49,0,53,91882,3414176
02MWAaffLxlfxAUY7c5dvx,4yvcSjfu4PC0CYQyLy4wSq,Glass Animals,Heat Waves,114,0,134,33858,3410633
3A7qX2QjDlPnazUsRk5y0M,1Cs0zKBU1kc0i8ypK3B9ai,David Guetta,2U,443,101,1,21623,3402868
6Im9k8u9iIzKMrmV7BWtlF,66CXWjxzNUsdJxJ2JdwvnR,Ariana Grande,34+35,125,0,87,37396,3400982
4wsKw43OnCzoDqfhcxBvRf,6mEQK9m2krja6X1cfsAjfl,Ado,ビンクスの酒,66,0,54,71315,3376508
6AEEo4hAPdoeoIRS9TSmG5,0ixzjrK1wkN2zWBXt3VW3W,Yuuri,おにごっこ,73,0,58,64639,3371887
4pdPtRcBmOSQDlJ3Fk945m,540vIaP2JwjQb9dm3aArA4,DJ Snake,Let Me Love You,665,88,2,9696,3360320
3r4kSAvYtaJVwOMZlRbz9r,4wCW8kZ8LL7QIdcE8EOKPP,BE:FIRST,Set Sail,56,0,54,91819,3354355
0cSG1OS8sQpcT0PEXvUSzT,6jIhEiXcCAyBsuEI7qZ9vc,Ken Hirai,Pop Star,177,0,78,27627,3346742
2tInxej0SuDFc5c94x4GBB,0wsE3L0l083t6bxC8jJefC,ME:I,Hi-Five,57,0,79,73699,3338982
4h0bg0R9tG0OplMXy9SVM2,7HwzlRPa9Ad0I8rK0FPzzK,SEKAI NO OWARI,ターコイズ,75,0,101,62505,3335554
7ImXxPecExYBbjmDEvdd4z,2IUl3m1H1EQ7QfNbNWvgru,Vaundy,瞳惚れ,60,0,51,95049,3330410
37BZB0z9T8Xu7U3e65qxFy,1Xyo4u8uXC1ZmMpatF05PJ,The Weeknd,Save Your Tears,106,0,88,42291,3328685
6gxF4ibm6S95UUC6vyIiln,7n2Ycct7Beij7Dj7meI4X0,TWICE,Heart Shaker,445,0,26,11302,3325956
077Erf4RnkjumF791VOBnE,6rs1KAoQnFalSqSU4LTh8g,back number,秘密のキス,62,0,53,85303,3323789
0Cu8JdYvV9DdmzLzhxaZLH,30b9WulBM8sFuBo17nNq9c,G-DRAGON,HOME SWEET HOME,44,0,44,139733,3286949
1LFDJayKmDC8eGnDHWbLjv,0qC4CNzOUtgdmdVzRqCa1d,STUTS,Presence I,79,0,62,65909,3283595
0Whfa8wikSDUvtB5mzYOGH,6bDWAcdtVR3WHz2xtiIPUi,Fujii Kaze,Workin' Hard,50,0,51,101968,3282433
32DGGj6KlNuBr6WaqRxpxi,6VuMaDnrHyPL1p4EHjYLi7,Charlie Puth,How Long,384,26,6,15438,3274818
2Qcbspnftnon37jibwyvMU,5vV3bFXnN6D6N3Nj4xRvaV,Jin,I'll Be There,25,0,27,161699,3271804
1SS0WlKhJewviwEDZ6dWj0,4XpUIb8uuNlIWVKmgKZXC0,ZICO,SPOT!,50,0,62,88056,3271434
34gCuhDGsG4bRPIf9bb02f,6eUKZXaKkcviH0Ku9w2n3V,Ed Sheeran,Thinking out Loud,727,0,55,12934,3270278
6BEnpVB7g2j8mzWs3MC2kh,6mEQK9m2krja6X1cfsAjfl,Ado,Value,53,0,56,83536,3268892
4QVS8YCpK71R4FsxSMCjhP,2ZRQcIgzPCVaT9XKhXZIzh,Gryffin,Tie Me Down,101,0,93,43959,3259705
6AXTD0tYIpbONDaTOlM7C8,5Vo1hnCRmCM6M4thZCInCj,OFFICIAL HIGE DANDISM,Chessboard,49,0,53,88211,3258714
0RiRZpuVRbi7oqRdSMwhQY,246dkjvS1zLTtiykXe5h60,Post Malone,Sunflower - Spider-Man: Into the Spider-Verse,275,0,24,16773,3257594
7wa1cHqTRdjXZuqo4iigj1,1snhtMLeb2DYoMOcVbb8iB,Kenshi Yonezu,Loser,76,0,22,114860,3255605
5knuzwU65gJK7IF5yJsuaW,6MDME20pz9RveH9rEXvrOM,Clean Bandit,Rockabye,693,7,9,8764,3249354
3Wrjm47oTz2sjIgck11l5e,0lAWpj5szCSwM4rUMHYmrr,Måneskin,Beggin',98,0,89,41088,3237608
2iQeswvPmr9pAlBjx6Ilyb,5lTGqFmlTng9jPrs7c2dRA,Kome Kome Club,浪漫飛行,432,0,51,12341,3236870
5p60RKa26wTuUbEYRraE1r,7hflj6zifcC4waqD6JIL7U,Repezen Foxx,XOXO,82,0,115,48548,3231499
7DSAEUvxU8FajXtRloy8M0,5YGY8feqx7naU7z4HrwZM6,Miley Cyrus,Flowers,73,0,83,60995,3227851
5K1thEZHOgjE89mxwA01T9,2dIgFjalVxs4ThymZ67YCE,Stray Kids,Hollow,29,0,14,190235,3215621
7gpVG8fQjh5YLViIWy3HHh,5FGlhIQqewJRV8fx24toG0,Masaharu Fukuyama,桜坂,392,0,51,12817,3206541
0PoAZ7SLFpqpYR9LSCYAo8,7n2Ycct7Beij7Dj7meI4X0,TWICE,CRY FOR ME,114,0,91,39669,3199946
5T1WB7ybJEf90xPUR0Yqa7,1t17z3vfuc82cxSDMrvryJ,Macaroni Empitsu,悲しみはバスに乗って,65,0,81,61253,3193801
7w1taFiEu8GGQJkzQaEWpx,4UK2Lzi6fBfUi9rpDt6cik,Yorushika,チノカテ,69,0,50,103044,3193388
7dNxxkapvf5eRkw24PHSpy,6bDWAcdtVR3WHz2xtiIPUi,Fujii Kaze,damn,79,0,58,59871,3193145
59bPgyrdKgjWkcjxcYoaox,6mEQK9m2krja6X1cfsAjfl,Ado,夜のピエロ,76,0,57,68678,3192433
5wANPM4fQCJwkGd4rN57mH,1McMsnEElThX1knmY4oliG,Olivia Rodrigo,drivers license,104,0,92,36540,3185230
6UelLqGlWMcVH1E5c4H7lY,6KImCVD70vtIoJWnq6nGn3,Harry Styles,Watermelon Sugar,152,0,103,27603,3181123
3NxuezMdSLgt4OwHzBoUhL,72nLe76yBFSlP6VBzME358,SHAUN,Way Back Home,131,0,126,29623,3175297
2EjXfH91m7f8HiJN1yQg97,4cPHsZM98sKzmV26wlwD2W,Brenda Lee,Rockin' Around The Christmas Tree,113,1,8,174888,3169279
7vQbuQcyTflfCIOu3Uzzya,38EmEgXkgK51MT2tPY0EoC,Bobby Helms,Jingle Bell Rock,86,0,15,178496,3169223
0wlDkrRdZxCLHxJJQKdM4w,4QvgGvpgzgyUOo8Yp8LDm9,Mrs. GREEN APPLE,狭心症,13,9,2,384989,3153314
3ZDeWNiSmXUFr98iTQKf0p,4UK2Lzi6fBfUi9rpDt6cik,Yorushika,修羅,48,0,50,112162,3145109
1TKmCpLf269seZfKoNP8xu,7K3bqkZs0SVUS9K13bnwHL,KEIJU,Money Baby,52,0,84,69197,3128174
1zVsw1SqQKgtzE4aqmE8nE,64tJ2EAv1R6UaZqc4iOCyj,YOASOBI,Idol,53,0,62,81278,3114885
04niDJQ3mzjkwzvid0Otoi,0HZLpOSMHpalBlUnONhynN,TOOBOE,錠剤,63,0,57,66670,3111822
31qCy5ZaophVA81wtlwLc4,1uNFoZAHBGtllmzznpCI3s,Justin Bieber,Anyone,104,0,78,37497,3110003
4UfLvlSUTBVn5imuzf87kj,7HwzlRPa9Ad0I8rK0FPzzK,SEKAI NO OWARI,タイムマシン,58,0,79,70881,3105285
0oWEKdOaSIKqI5uzxvXs1u,6wxfx1yhyqjCPYwwxJktR2,King Gnu,Overflow,96,0,15,82017,3102937
1vj2fZ0MW8kcHG6lHoFRJW,6YIqgghQqnkNne8BKQpW6v,Keisuke Kuwata,波乗りジョニー [2022 Remaster],57,0,82,73695,3102129
1Wrvk37yFyc31RUbzCmI3r,3eR0Jeo212WCF0Yyi46Pzj,C&K,ドラマ,184,0,141,22198,3100737
4pLwZjInHj3SimIyN9SnOz,66CXWjxzNUsdJxJ2JdwvnR,Ariana Grande,Side To Side,697,49,6,8265,3094786
2zrhoHlFKxFTRF5aMyxMoQ,6YVMFz59CuY7ngCxTxjpxE,aespa,Next Level,108,0,153,32458,3077285
2J194R0KIKbK7bTHfUHPDB,2jOm3cYujQx6o1dxuiuqaX,RIIZE,Boom Boom Bass,51,0,72,81284,3077135
0NtfH5RUt4V3Vzh18Wuc23,6mEQK9m2krja6X1cfsAjfl,Ado,MIRROR,46,0,70,81822,3071636
0c6PVOqHNDuhH6uNfA13IX,4SpbR6yFEvexJuaBpgAU5p,LE SSERAFIM,DIFFERENT,46,0,56,92440,3064790
1IX47gefluXmKX4PrTBCRM,7n2Ycct7Beij7Dj7meI4X0,TWICE,What is Love,139,0,113,25435,3061345
2DB4DdfCFMw1iaR6JaR03a,4nDoRrQiYLoBzwC5BhVJzF,Camila Cabello,Bam Bam,94,0,98,40279,3054865
6kPJZM97LwdG9QIsT7khp6,6MDME20pz9RveH9rEXvrOM,Clean Bandit,Solo,284,1,10,17305,3044648
14OcSHjrsHoZBJHwaYefH7,2xfxRiKxoHl5tI0MKyvqV7,&TEAM,Under the skin,46,0,52,86428,3035141
6YtmVjtDWDbac5tcto0BAn,7unNuvk3OEqGmegHTaxRA9,JUDY AND MARY,Sobakasu,447,0,51,11480,3026730
3ZCTVFBt2Brf31RLEnCkWJ,6qqNVTkY8uBg9cP3Jd7DAH,Billie Eilish,everything i wanted,114,0,32,47200,3026218
1xQ6trAsedVPCdbtDAmk0c,56mfhUDKa1vec6rSLZV5Eg,Jawsh 685,Savage Love (Laxed - Sired Beat),123,0,107,31046,3021585
2fAL0rrCcyh2Hfh5idC4Ha,2JT0j7bIpVTyhyv4h9aEOe,PRODUCE 101 JAPAN THE GIRLS,CHOPPY CHOPPY,45,0,43,128094,3020344
1ScnuKJ4IaoRmJD8xYJfjM,0yFTQM79Y12E6J6aOPRoZg,satomoka,魔法,61,0,57,68371,2988164
0IAX0LbVY440WWJyOyuLw7,5kVZa4lFUmAQlBogl1fkd6,Aimyon,双葉,68,0,59,62295,2986715
2x0RZdkZcD8QRI53XT4GI5,1vCWHaC5f2uS3yhpwWbIA6,Avicii,SOS,150,9,7,36733,2975123
6SSFrvijK2HjByYwRO8Rob,7gcQfJbjZ2W440kQ2wmqzk,THE BEAT GARDEN,Start Over,74,0,75,53814,2974598
36ZL5cyG69Y8asuzxGQZpX,1nzId6SLDDTUTRV7lNbgxp,King & Prince,moooove!!,48,0,66,85489,2968619
6rVCUwfnuYTAsX4P9fIdIu,6YVMFz59CuY7ngCxTxjpxE,aespa,Dreams Come True,92,0,115,37566,2959173
5cgAh7vXzSLenjobNszFqB,4XFkDALFTsSHVnRtJSsaMN,Number_i,Frisco,32,0,21,176700,2955205
4PKIhZHuWGlELcxyvV8Oxb,4vN78fN1iEh83Pgaesw2jU,HENTAI SHINSHI CLUB,溜め息,70,0,67,54648,2953161
0QHEIqNKsMoOY5urbzN48u,6JL8zeS1NmiOftqZTRgdTz,Meghan Trainor,Made You Look,74,0,117,46952,2944535
2Voyeocqa1y0nOWGdNrqM6,3NTbOmzlj2cL86XFuDVFvZ,MAN WITH A MISSION,Remember Me,177,0,31,27313,2943916
2pn8dNVSpYnAtlKFC8Q0DJ,3eVa5w3URK5duf6eyVDbu9,ROSÉ,On The Ground,72,0,64,60162,2929050
7Di6C0eNJYr8vNCd5LWGOl,4XFkDALFTsSHVnRtJSsaMN,Number_i,i_DOG,31,0,16,193078,2928931
3AchaKyy2z6K85YGR729JQ,6mEQK9m2krja6X1cfsAjfl,Ado,リベリオン,68,0,59,61327,2916662
51pREVFJeAJGvhJ1rYCKZH,36cgvBn0aadzOijnjjwqMN,ILLIT,jellyous,51,0,96,64383,2915217
0eugehjJoipmZqpnp40ME4,0d4XqzcMpgP6eQZ6TIW2pI,My Hair is Bad,いいんですか?,13,6,5,359791,2913650
7p2X86CP7JrIjbVEsZHU0h,2IUl3m1H1EQ7QfNbNWvgru,Vaundy,トドメの一撃,43,0,54,92200,2908797
7Bc96fVAoMggWutAjjb1fG,2vjeuQwzSP5ErC1S41gONX,CHANMINA,PAIN IS BEAUTY,62,0,109,64296,2906917
1Qrg8KqiBpW07V7PNxwwwL,7tYKF4w9nC0nq9CsPZTHyP,SZA,Kill Bill,73,0,124,48017,2900927
3nAp4IvdMPPWEH9uuXFFV5,3BmGtnKgCSGYIUhmivXKWX,Kelly Clarkson,Underneath the Tree,86,2,4,172301,2894077
7nZmah2llfvLDiUjm0kiyz,1uNFoZAHBGtllmzznpCI3s,Justin Bieber,Friends,319,81,3,17476,2888993
1fYW8fLtQnp5ARJaQsUmGg,6WmXWHmfBMhupyIs8MSqtu,natori,Sleepwalk,55,0,108,59064,2885361
2P91MQbaiQOfbiz9VqhqKQ,5JZ7CnR6gTvEMKX4g70Amv,Lauv,I Like Me Better,503,0,26,9453,2885006
74zARC4MuJSrlq0QaaE13j,6MGHit7sV38BhpChZYByFv,SHISHAMO,君と夏フェス,50,0,94,69412,2880523
56ISW3rNZJHEkUfVbZ61bq,5kjGRHClVacSyllOUqU1S0,SPITZ,春の歌,154,0,52,55247,2878460
5ZpYanxEoJRJjfWJORq2Jf,2vieV6ozoaMtYS6QsuScfn,KERENMI,boy,58,0,74,63567,2869970
437NTuFyPIGPZOySU5xS1n,7nDfh01E30OkhgsPKSQzCx,舐達麻,FEEL OR BEEF BADPOP IS DEAD,30,0,29,141616,2867518
7sqoUXFIrcdyDtTjdekx8P,5Vo1hnCRmCM6M4thZCInCj,OFFICIAL HIGE DANDISM,ラストソング,181,0,109,20949,2864926
6BV77pE4JyUQUtaqnXeKa5,4UK2Lzi6fBfUi9rpDt6cik,Yorushika,藍二乗,74,0,106,52966,2863223
56y1jOTK0XSvJzVv9vHQBK,5cj0lLjcoR7YOSnhnX0Po5,Doja Cat,Paint The Town Red,60,0,103,54050,2860543
3ObSLLg2RNv3vhL2fIB5EK,4UK2Lzi6fBfUi9rpDt6cik,Yorushika,DARMA GRAND PRIX,13,8,6,320103,2850508
118KEprYqS3XNWdBoKzkEH,7JthQ6zwNzfxRfIEjp6wUs,HIRAIDAI,Anniversary,76,0,60,55628,2840558
3Hfata4DJDmrXRZEc8sXWC,1YLxQZIGsaZq9rvFu8zeRz,Sayuri,花の塔,78,0,63,75867,2837533
4vUmTMuQqjdnvlZmAH61Qk,6eUKZXaKkcviH0Ku9w2n3V,Ed Sheeran,South of the Border,148,0,36,27633,2827466
3TJPkm6FGLjAgtoF3SiVyK,4XFkDALFTsSHVnRtJSsaMN,Number_i,ロミジュリ,29,0,14,195939,2820510
7GOIrZTegzVty8mhNhRuA0,4hnHLgMSOiqERWBL4jINP1,BOYNEXTDOOR,"IF I SAY, I LOVE YOU",44,0,56,98483,2818928
0yXPq30NX877h69S8vFF39,64tJ2EAv1R6UaZqc4iOCyj,YOASOBI,会心の一撃,13,6,6,301617,2812504
1z4lnvupPn8fvR1zR36K18,1S2S00lgLYLGHWA44qGEUs,Gen Hoshino,Star,43,0,50,113404,2809369
1ZAf544wBzejgwnvenHYLU,4vN78fN1iEh83Pgaesw2jU,HENTAI SHINSHI CLUB,すきにやる,104,0,122,36133,2807568
2FUtiVlT3BnqzHYd21Gy2e,5kVZa4lFUmAQlBogl1fkd6,Aimyon,ざらめ,51,0,73,72783,2805627
5jrEReDFUjifSCR28hcfBP,4XFkDALFTsSHVnRtJSsaMN,Number_i,Banana (Take It Lazy),39,0,38,159706,2798700
6vkks9YI9rY9lhP2CsJKGo,2IUl3m1H1EQ7QfNbNWvgru,Vaundy,忘れる前に,39,0,55,99804,2794065
5iSNxrAoctBnFfyz8J9bDO,6ecCVdF55fHdbVlAu1lJXU,FUNKY MONKEY BABYS,ヒーロー,301,0,59,12969,2788938
3JR0ducCexKbeK47g6AHm5,3Nrfpe0tUJi4K4DXYWgMUX,BTS,Butter,76,0,65,53923,2786427
6NfbsJouzE4184pvhjYVFR,7oOEez2der8GAv2uDddxbr,TENBLANK,旋律と結晶,48,0,92,68190,2780775
4MSCgvCx2X24vwBQM9fmGV,4vN78fN1iEh83Pgaesw2jU,HENTAI SHINSHI CLUB,GOOD and BAD,100,0,133,32029,2772405
6M1dettnY9hHsFZr7qV6FG,4XFkDALFTsSHVnRtJSsaMN,Number_i,Psycho,29,0,18,187437,2771145
5oA6WuNqODuCtRF3YCSoka,7HwzlRPa9Ad0I8rK0FPzzK,SEKAI NO OWARI,最大公約数,13,4,7,323646,2770563
7yXwERf5YbjCXkVqU1fZvA,2N19kPGlqKY8GiyE4DkAtp,Little Glee Monster,世界はあなたに笑いかけている,268,0,54,16783,2767190
549zkJFZcpg2AtwwvzdhDy,4XFkDALFTsSHVnRtJSsaMN,Number_i,ICE,42,0,51,111688,2766570
6xUSwo6S2euQqUe98Euv6m,6sX1XKgDIiAcVZof0SgWUe,Koresawa,♡人生♡,54,0,95,67474,2765728
5wfKPYODAr3aCGpOAopNZK,6YIqgghQqnkNne8BKQpW6v,Keisuke Kuwata,白い恋人達,63,0,31,133512,2765077
2OALaHcDdKkjYEpAr0Qzab,1vCWHaC5f2uS3yhpwWbIA6,Avicii,Lonely Together,329,11,5,35820,2763225
2UE9XGbAzicJIyo4bB6sqM,7nqOGRxlXj7N2JYbgNEjYH,SEVENTEEN,MAESTRO,39,0,53,105613,2758789
7jqRTdBUqNhJaI0fKdOClO,1XYuC1vxinTjHCNd5clB8C,ARASHI,Monster,127,0,18,72057,2748166
6WbADFqMvR8N5u0BvtsWQE,1vCWHaC5f2uS3yhpwWbIA6,Avicii,Without You,381,24,2,48091,2741622
7BoobGhD4x5K96Me0hqC8Q,26cMerAxjx9GedFt0lMDjm,Bella Poarch,Build a Bitch,78,0,94,46017,2738655
5jc5WQlrri3B5MkLByPsuv,22FsmLO3ZyvgWBy5QbfcQi,ayaka,みんな空の下,338,0,99,11836,2735812
60ZBZn5Oy1envlLHd2s7Od,03E7w8NrBr4lNCK33TQyil,Keyakizaka46,Garasu Wo Ware!,295,8,6,17970,2734017
1tonXoW6dcb7GGNpec3PTl,1SIocsqdEefUTE6XKGUiVS,BABYMONSTER,WE GO UP,43,0,74,83019,2732067
15vzANxN8G9wWfwAJLLMCg,69GGBxA162lTqCwzJG5jLp,The Chainsmokers,Paris,456,118,1,14234,2720313
7xwmx6snj1GphKH9ihzo8e,38WbKH6oKAZskBhqDFA8Uj,ZUTOMAYO,花一匁,45,0,51,104430,2713417
5cjjWH34eymyinmFKaAEEC,0ixzjrK1wkN2zWBXt3VW3W,Yuuri,うぉ,65,0,62,58498,2702419
4hQ6UGyWQIGJmHSo0J88JW,0C8ZW7ezQVs4URX5aX7Kqx,Selena Gomez,Back To You,255,31,2,20878,2695942
24NuEDgyRIljwSyY0lsr7b,3Nrfpe0tUJi4K4DXYWgMUX,BTS,Black Swan,85,0,26,66304,2685502
1vvcEHQdaUTvWt0EIUYcFK,46SHBwWsqBkxI7EeeBEQG7,Kodak Black,Angel Pt. 1,47,0,65,74766,2684005
3m660poUr1chesgkkjQM7P,6S2OmqARrzebs0tKUEyXyp,Demi Lovato,Sorry Not Sorry,328,18,4,13675,2683669
5D16E22MJJyKesh9PrJf2L,1t17z3vfuc82cxSDMrvryJ,Macaroni Empitsu,たましいの居場所,70,0,84,49551,2682832
4jVHvArqYm2nDCUNq2OOAK,2IUl3m1H1EQ7QfNbNWvgru,Vaundy,走馬灯,56,0,54,73649,2681550
1JvRvRDp7JfqUWvjdpLOci,6wxfx1yhyqjCPYwwxJktR2,King Gnu,It's a small world,165,0,73,27682,2673525
39GvWlUAF4Y3qzboUyvBkg,7n2Ycct7Beij7Dj7meI4X0,TWICE,Candy Pop,281,6,5,18552,2669668
5N3hjp1WNayUPZrA8kJmJP,74KM79TiuVKeVCqs8QtB0B,Sabrina Carpenter,Please Please Please,48,0,79,75169,2667868
5xJgF12zKoxMqayN8YldLB,5kVZa4lFUmAQlBogl1fkd6,Aimyon,ふたりの世界,250,0,51,15825,2667369
25uU7huzrh4M91FXJvHWhY,6wxfx1yhyqjCPYwwxJktR2,King Gnu,MASCARA,31,0,51,119703,2666022
0eio2xxlLcgMCSMPgJseeI,1g51NlHKUXlgfvGP22m0uD,J SOUL BROTHERS III,R.Y.U.S.E.I.,465,0,44,13162,2660950
7cvxrDu7VIhVSOFRNgPegv,66CXWjxzNUsdJxJ2JdwvnR,Ariana Grande,Break Free,609,0,72,8548,2655502
2OlWBmSjf1aUPGLNf0UI5A,66CXWjxzNUsdJxJ2JdwvnR,Ariana Grande,One Last Time,535,0,57,11374,2655352
4NBTZtAt1F13VvlSKe6KTl,69GGBxA162lTqCwzJG5jLp,The Chainsmokers,This Feeling,266,0,12,18474,2652760
6MzEXh13iE5RV4mmL1jcq6,08EO45FsrKqyDaVHocLjug,MARY,アスノヨゾラ哨戒班,134,0,109,25207,2642768
30GGgQDoRSBsjck9tMmDDP,64tJ2EAv1R6UaZqc4iOCyj,YOASOBI,PLAYERS,41,0,62,84787,2640834
1tpk0IGfeMshahOQgQQWb5,2ZjWbNQAjL74Pf4aqikIz2,Shota Shimizu,Fallin,59,0,135,50687,2639381
1YJhvLLaF3gyFQoFGrawoI,6n4SsAp5VjvIBg3s9QCcPX,SUDA MASAKI,ラストシーン,70,0,66,51039,2627470
3PBsyDUyJNvQouc1zzD9Ei,6jIhEiXcCAyBsuEI7qZ9vc,Ken Hirai,瞳をとじて,157,0,123,21337,2626638
6aeEYLO194bhR0hN4qCes9,4QvgGvpgzgyUOo8Yp8LDm9,Mrs. GREEN APPLE,Carrying Happiness - Tokyo Disney Resort Version,22,0,25,153476,2621145
3Dv1eDb0MEgF93GpLXlucZ,5cj0lLjcoR7YOSnhnX0Po5,Doja Cat,Say So,128,0,66,28660,2620324
4eg2pQu51SsltJSWKoRpSy,3uyDATzOGjbGCts7v2eszk,MISIA,Everything,365,0,78,60861,2616696
4hWI3r78IDOhPXSHd2f0Az,2XjqKvB2Xz9IdyjWPIHaXi,Sheena Ringo,長く短い祭,182,0,123,57970,2612887
2WTHLEVjfefbGoW7F3dXIg,6YVMFz59CuY7ngCxTxjpxE,aespa,Girls,67,0,66,56885,2609344
4rVpueOWFM9jUjZSWt1eNu,1t17z3vfuc82cxSDMrvryJ,Macaroni Empitsu,はしりがき,59,0,67,55659,2605976
2ruHYPN3a77Ra8WvvPyfwb,5M8AXrOifBT8elkLKbGPQZ,Superfly,Beautiful,42,0,87,75662,2595342
2QLzS7wXcelJaUZ5LdzmUk,7voEy17zvlQojgmQYUlKDK,あれくん,好きにさせた癖に,106,0,137,29737,2594769
7GNRUsU3M4XNDDB9xle5Dz,2dd5mrQZvg6SmahdgVKDzh,PSY,That That (prod. & feat. SUGA of BTS),77,0,117,38440,2589743
0ClMqh2ePTEvPY8OnvL3SB,1nzId6SLDDTUTRV7lNbgxp,King & Prince,WOW,44,0,52,115748,2586032
3Z8FwOEN59mRMxDCtb8N0A,64KEffDW9EtZ1y2vBYgq8T,Marshmello,Be Kind,97,0,54,35262,2585735
7bmAgiUc4W4bfyZRCc6lOh,6mEQK9m2krja6X1cfsAjfl,Ado,私は最強 - ウタ from ONE PIECE FILM RED,49,1,8,190960,2571882
3AVXwaOGCEL8cmBecfcsFJ,6VuMaDnrHyPL1p4EHjYLi7,Charlie Puth,Light Switch,86,0,119,34903,2571507
3NdDpSvN911VPGivFlV5d0,5ZsFI1h6hIdQRw2ti0hz81,ZAYN,I Don’t Wanna Live Forever (Fifty Shades Darker),503,82,2,9674,2570014
6ERrZ4qND7JFoqNCnVBSKV,7k73EtZwoPs516ZxE72KsO,ONE OK ROCK,Puppets Can’t Control You,32,0,55,95558,2558575
0wTDvm3s5COanWlqf91hdS,6YqdtpUutxodni6lUD4stM,WANIMA,GONG,162,0,51,21128,2556136
1N7SNqZRZsQzwJNtq2lV6O,6oued35Hkg7GIEXqVfBrQK,WurtS,どうかしてる,46,0,95,68961,2548833
63EaBEMlwYv55V7YXO7LQv,4SJ7qRgJYNXB9Yttzs4aSa,Ryokuoushoku Shakai,ミチヲユケ,56,0,93,53860,2539818
4w8niZpiMy6qz1mntFA5uM,540vIaP2JwjQb9dm3aArA4,DJ Snake,Taki Taki,210,17,4,22612,2538426
1rqqCSm0Qe4I9rUvWncaom,20JZFwl6HVl6yg8a4H3ZqK,Panic! At The Disco,High Hopes,210,0,66,22736,2535098
2n7RsaMrg4IrKeSmPlBNxF,0wsE3L0l083t6bxC8jJefC,ME:I,Sugar Bomb,42,0,79,75792,2534373
5U1xJmlRimUm6DtRd0kM6f,0q7KOr99MYmwKxivChxpSd,Ai Otsuka,さくらんぼ,50,0,91,73272,2528381
5WvAo7DNuPRmk4APhdPzi8,0QHgL1lAIqAw0HtD7YldmP,DJ Khaled,No Brainer,202,47,1,27673,2521068
6uFsE1JgZ20EXyU0JQZbUR,06HL4z0CvFAxyc27GXpf02,Taylor Swift,Look What You Made Me Do,278,71,1,21916,2516887
0znsc67nMhP4X9hjhvoyeP,36cgvBn0aadzOijnjjwqMN,ILLIT,Tick-Tack,48,0,128,61948,2507201
3eR23VReFzcdmS7TYCrhCe,23fqKkggKUBHNkbKtXEls4,Kygo,It Ain't Me,410,102,2,10994,2505372
488BRQDxWjQvasYBSnlf53,1snhtMLeb2DYoMOcVbb8iB,Kenshi Yonezu,Spirits of the Sea,48,0,23,122146,2502280
5f0N60WTFye6mIxkIRPuBM,7JthQ6zwNzfxRfIEjp6wUs,HIRAIDAI,愛しき日々の真ん中で,70,0,68,53986,2498096
2VxeLyX666F8uXCJ0dZF8B,1HY2Jd0NmPuamShAr6KMms,Lady Gaga,Shallow,223,0,14,22919,2494307
2PwOOgg8PavBNIWsPLIkr3,0PYPjvZaOa7bsCq26JOX8d,VK Blanka,まっしろ,198,0,17,19087,2494100
4je3QjYSt5H7QmSV5zO0Qo,0llYwFIMgF9Jzmp4ZY7wbr,KOBUKURO,蕾(つぼみ),200,0,105,67499,2492973
3DL6F8sLqcL3y0zJClSdIg,5kVZa4lFUmAQlBogl1fkd6,Aimyon,ノット・オーケー,42,0,65,78905,2489885
6Qs4SXO9dwPj5GKvVOv8Ki,2wY79sveU1sp5g7SokKOiI,Sam Smith,Dancing With A Stranger,160,0,16,23545,2479761
6CMttvDEA7Sku1dDuiucdo,1snhtMLeb2DYoMOcVbb8iB,Kenshi Yonezu,トレモロ,12,4,6,324392,2478894
5JptX8WFwejyeb6OuKL7wG,0hCWVMGGQnRVfDgmhwLIxq,sakanaction,ショック!,60,0,62,57353,2474562
4cKEW1EDlagnqmExM6lVcm,5kVZa4lFUmAQlBogl1fkd6,Aimyon,あした世界が終わるとしても,174,1,9,27790,2474336
0p07bRejRNjkMkjwEKqYJy,38WbKH6oKAZskBhqDFA8Uj,ZUTOMAYO,有心論,13,1,10,301437,2467263
08xsN4IJlXiJOc3C7jWNaZ,01O1K2of8wkNZJhWRlRFcT,舟津真翔,一目惚れ,45,0,109,67581,2462061
54bFM56PmE4YLRnqpW6Tha,6qqNVTkY8uBg9cP3Jd7DAH,Billie Eilish,Therefore I Am,91,0,74,41700,2458313
3tAdTGraj8pxbFnycDLMke,7n2Ycct7Beij7Dj7meI4X0,TWICE,Strategy,40,0,59,88034,2456673
6EjGsUuJmyxdHjKzGN8kPy,5RSxs4Rb82wINvjv5KJ7JK,Taro Urashima,海の声,381,0,83,10837,2456301
08bNPGLD8AhKpnnERrAc6G,64KEffDW9EtZ1y2vBYgq8T,Marshmello,FRIENDS,262,0,16,14462,2455966
2c6xH9usslUoHnOzsRhpcP,6RHTUrRF63xao58xh9FXYJ,IVE,XOXZ,35,0,55,94292,2448022
2xGjteMU3E1tkEPVFBO08U,7HV2RI2qNug4EcQqLbCAKS,Keala Settle,This Is Me,292,27,2,21583,2447902
2N8p4NIVVVpe74sz2Fp4yA,6mEQK9m2krja6X1cfsAjfl,Ado,会いたくて,75,0,84,44382,2437972
0U9l1OZ0DAJB6ScLKl9iQ6,4XFkDALFTsSHVnRtJSsaMN,Number_i,ピンクストロベリーチョコレートフライデー,36,0,51,116676,2436983
78qd8dvwea0Gosb6Fe6j3k,5cj0lLjcoR7YOSnhnX0Po5,Doja Cat,Boss Bitch,87,0,55,36731,2436915
1UQkdcHjg13HiAXeVfOjmk,4SJ7qRgJYNXB9Yttzs4aSa,Ryokuoushoku Shakai,Party!!,49,0,117,56904,2433810
6PIvQFdqqyWkEZ1ZEFTuzk,6n4SsAp5VjvIBg3s9QCcPX,SUDA MASAKI,Ito,101,0,102,33023,2423765
3BFx3IfjwIaUr0W5Bl1LED,64tJ2EAv1R6UaZqc4iOCyj,YOASOBI,劇上,34,0,54,101013,2415456
2Ttoq33zOFH1eMmDhSgvQ0,6sX1XKgDIiAcVZof0SgWUe,Koresawa,浮気したらあかんで,45,0,108,64345,2409009
1x8BxQZ7JpGLPfqiP0H6WC,1EowJ1WwkMzkCkRomFhui7,RADWIMPS,人間ごっこ,64,0,104,44330,2406558
3zbnQviVqJD0RZ0v9vBmNH,0EmfXhT2Bhc53cyK3hrZM5,8LOOM,HIKARI,57,0,98,55299,2400842
4c2W3VKsOFoIg2SFaO6DY5,5CCwRZC6euC8Odo6y9X8jr,Rita Ora,Your Song,353,0,11,11502,2399283
67seLhibwW3OAyZcEw5Ijh,7LTiBdByoaUd329wCpmMcM,MAISONdes,アイタリナイ,55,0,109,50257,2381053
4HJNGbmQomaeZoh6aOYDIT,0LOK81e9H5lr61HlGGHqwA,XG,MILLION PLACES,38,0,63,85203,2373908
78sejdPUvDGFRwT6rdcJ3t,3z8diLlUCkN1j9N9ZdnfBJ,NiziU,AlwayS,40,0,101,70731,2373510
6EpRaXYhGOB3fj4V2uDkMJ,5pUo3fmmHT8bhCyHE52hA6,Liam Payne,Strip That Down,358,11,7,11272,2372164
13t6ysw3FUR0yJvTx4qCIU,4XFkDALFTsSHVnRtJSsaMN,Number_i,Is it me?,35,0,41,126559,2367159
40LZpCt554ozJayGUrQw1P,1mN9lPKzTRTOop4u7S1Uy9,iri,ふたりごと,13,0,12,275501,2362410
0KBawRsiH5aUNgFy6H4mIv,0wsE3L0l083t6bxC8jJefC,ME:I,MUSE,37,0,77,75879,2357027
0iniTNHwqBiP4UDE1dgUpD,1snhtMLeb2DYoMOcVbb8iB,Kenshi Yonezu,馬と鹿,84,0,115,36181,2353643
5GXYKnnzBlHvrzBQ5WoxME,6mEQK9m2krja6X1cfsAjfl,Ado,逆光 - ウタ from ONE PIECE FILM RED,35,2,4,212183,2349626
6uvfHyztTfI1JxIx8OWkhI,7HwzlRPa9Ad0I8rK0FPzzK,SEKAI NO OWARI,サラバ,50,0,87,61257,2346851
7AMGgAPFczs3wJgMqu6Eqi,6bDWAcdtVR3WHz2xtiIPUi,Fujii Kaze,Matsuri,49,0,85,60433,2343916
5p7ujcrUXASCNwRaWNHR1C,26VFTg2z8YR0cCuwLzESi2,Halsey,Without Me,238,0,51,13773,2340967
3UJIq4L2TI6vdKyW0ed0e4,2XjqKvB2Xz9IdyjWPIHaXi,Sheena Ringo,獣ゆく細道,205,11,4,23524,2338185
6cFZ4PLC19taNlpl9pbGMf,1dfeR4HaWDbWqFHLkxsg1d,Queen,Somebody To Love - Remastered 2011,156,0,11,24661,2335826
0CnpSTdL9l5vQM4YnzXtyo,5r1tUTxVSgvBHnoDuDODPH,IZ*ONE,Panorama,74,0,69,44681,2334504
57sk9X1fPLXRfkw74XNrmK,7k73EtZwoPs516ZxE72KsO,ONE OK ROCK,We Are,495,0,12,11014,2334139
7xQ6sGNHbL7Vq8QY4gZocM,1luOe8HkZQ7zwuaO2wuJqI,[Alexandros],Baby's Alright,74,0,108,39293,2333761
7iy5CzNNrpJD3i0hx8t83n,0qC4CNzOUtgdmdVzRqCa1d,STUTS,99 Steps,39,0,97,70440,2333473
4QOTrPksb0oe1d7iJ8VZ89,1S2S00lgLYLGHWA44qGEUs,Gen Hoshino,光の跡,38,0,50,104508,2331150
3uTffiZnTs9Zwfg0uIQ4Zw,3qQKrWwcqJlE4OS4e1ox7x,Kocchi no Kento,もういいよ,44,0,114,61371,2328339
02UiqEqUA1BwuYjgyCYLzg,7vVwkqasOrNxS54dU4tate,CLAW-me,小悪魔 (Baddie),40,0,76,75968,2315689
1RtxMS6dcQuxK5y8TKh4Md,45ft4DyTCEJfQwTBHXpdhM,milet,コイコガレ,52,0,115,52793,2315029
4rtJHOlUnGem3BQCVWfrjD,2vjeuQwzSP5ErC1S41gONX,CHANMINA,花火,44,0,114,66629,2300229
1HfMVBKM75vxSfsQ5VefZ5,0C8ZW7ezQVs4URX5aX7Kqx,Selena Gomez,Lose You To Love Me,112,0,25,35639,2298642
60dKF6s6HZfSvFrEG3r3UG,6rs1KAoQnFalSqSU4LTh8g,back number,ある未来より愛を込めて,39,0,77,72409,2297428
2QdH0rKlV3d9Y6lWzcnlBH,2KC9Qb60EaY0kW4eH68vr3,ITZY,In the morning,64,0,65,54053,2292453
4Sns2THJnBHYlSFFfYinbV,7HwzlRPa9Ad0I8rK0FPzzK,SEKAI NO OWARI,umbrella,101,0,111,25633,2281330
6aOoUkiQ9rLweL8IkPBN0L,7lbSsjYACZHn1MSDXPxNF2,Hikaru Utada,Beautiful World,63,0,62,68910,2278709
0XVSvtGEnZcWjNhiCPIkkT,6nSuZnV95BSjZ5kWaCXjdV,new F7avors,Popcorn,38,0,62,83734,2274877
4kHAsfbvQDYhrF3GzVkH9J,7k73EtZwoPs516ZxE72KsO,ONE OK ROCK,Dystopia,41,0,52,107118,2270074
7iDa6hUg2VgEL1o1HjmfBn,64M6ah0SkkRsnPGtGiRAbb,Bebe Rexha,Meant to Be,267,0,22,13952,2265663
4pbJqGIASGPr0ZpGpnWkDn,1dfeR4HaWDbWqFHLkxsg1d,Queen,We Will Rock You - Remastered,176,0,16,21448,2265446
2dQ4alICWrgs9gyYUOWlEg,3vVDusnDA0LcPH3NvZpoyM,Noriyuki Makihara,もう恋なんてしない,68,0,84,60455,2264831
3DMz5XiVasCKSHXgYrSc9i,1mN9lPKzTRTOop4u7S1Uy9,iri,Wonderland,190,0,64,17120,2264198
7FGq80cy8juXBCD2nrqdWU,5CiGnKThu5ctn9pBxv7DGa,benny blanco,Eastside,251,0,19,16176,2264074
2CWnuF7ht55Ajyeg4WPvWu,41MozSoPIsD1dJM0CLPjZF,BLACKPINK,DDU-DU DDU-DU - KR Ver.,229,8,4,20172,2254419
0R8JLNP107Hr7V7lL9oh13,38WbKH6oKAZskBhqDFA8Uj,ZUTOMAYO,ミラーチューン,61,0,58,59688,2251382
4Qoy76tEOBaCEvuydNQ2ep,1qma7XhwZotCAucL7NHVLY,Mr.Children,Sign,269,0,36,14193,2240342
1YTnoQVLzQrXR1gu6Hdzz1,2ZjWbNQAjL74Pf4aqikIz2,Shota Shimizu,Good Life,279,0,21,14107,2239079
5OqMZ8In8CkCa0SbknnDPl,0LOK81e9H5lr61HlGGHqwA,XG,GRL GVNG,39,0,52,91153,2235539
5sNFmrc2sbS3LZ4WNxHFej,22wa94PJF9zyFJMTp2BYus,ReN,あーあ。,79,0,137,35842,2232216
7I8CmmrqsTgCjHPeSkkkIY,14T8NkbwXVZgbOvwnuGV89,GReeeeN,アカリ,73,0,87,45105,2215813
6ukg2JG0EUiX3yxv8rlyCG,7JthQ6zwNzfxRfIEjp6wUs,HIRAIDAI,Symphony,42,0,68,68038,2215365
5N61UhnB7krCVaThWoWN8s,5WBO8UyOuJ1l7ZBqqBimpO,YUI,CHE. R. RY,125,0,110,22531,2213997
2jUMhjwi5VZ6GqKGZlVg6F,4wCW8kZ8LL7QIdcE8EOKPP,BE:FIRST,Scream,48,0,54,74681,2208544
7aiClxsDWFRQ0Kzk5KI5ku,2cFrymmkijnjDg9SS92EPM,blackbear,hot girl bummer,128,0,70,21413,2206250
6PBBGlTEVfUyfnmemrnhbp,5WBO8UyOuJ1l7ZBqqBimpO,YUI,CHE.R.RY,45,0,133,56720,2203724
6IxWbmElUUj7AstEEzIgtl,1AyWsgtaIgXbzjJlTx2ZDp,AAA,LIFE,318,0,34,10532,2199387
6ceKChoZYLdw24Ph1CDFUJ,7n2Ycct7Beij7Dj7meI4X0,TWICE,BDZ,188,24,4,27222,2194737
5gU52B9mqwvxi0XD8bfKWJ,1Ypw6Y7ks3rw8EUPIE1Iqi,MON7A,おやすみTaxi,34,0,61,86234,2190135
2wTP562D8SY3ZHPVMivgHp,0jJmZHZHNe8n24Y33z5Nil,DISH//,しわくちゃな雲を抱いて,62,0,110,40500,2185826
6b2RcmUt1g9N9mQ3CbjX2Y,2wY79sveU1sp5g7SokKOiI,Sam Smith,How Do You Sleep?,139,0,56,20199,2183559
06KyNuuMOX1ROXRhj787tj,6VuMaDnrHyPL1p4EHjYLi7,Charlie Puth,We Don't Talk Anymore,593,0,14,7475,2182848
2J0X46UkpfLlWbuCXFgDLr,77AiFEVeAVj2ORpC85QVJs,Steve Aoki,Waste It On Me,185,14,4,24657,2182446
2E0zCVEO5yKPlWPSY7Rk5e,0bp9CvkjQYhUJvWRHjFRWI,WEDNESDAY CAMPANELLA,マーメイド,38,0,64,70749,2180612
0dcnrLo8s1rhjm8euGjI4n,3KonOYiLsU53m4yT7gNotP,TREASURE,DARARI,69,0,113,36328,2180400
7oCZ1O1L4TuLRnmt8Io4IU,1qma7XhwZotCAucL7NHVLY,Mr.Children,永遠,59,0,69,53707,2179819
7ef4DlsgrMEH11cDZd32M6,7CajNmpbOovFoOoasH2HaY,Calvin Harris,One Kiss,193,9,7,18300,2176082
3fshlrCmxxXJ0syaTO81yO,38WbKH6oKAZskBhqDFA8Uj,ZUTOMAYO,嘘じゃない,33,0,60,89668,2172548
4x3D2HXv8CbtJKRPSI6RhS,7HwzlRPa9Ad0I8rK0FPzzK,SEKAI NO OWARI,sasanqua,242,0,34,14351,2167742
6RCM11KBFLJUtRcKG8l796,6rs1KAoQnFalSqSU4LTh8g,back number,怪獣のサイズ,47,0,65,65939,2166188
5NJKIFLOLa6Oc9auYeJmtx,08EO45FsrKqyDaVHocLjug,MARY,DAYBREAK FRONTLINE,101,0,154,26443,2165880
7rbTeA7y5uf8hM0LBhuW04,6wxfx1yhyqjCPYwwxJktR2,King Gnu,Kazarijanainoyo Namidawa,107,0,51,35102,2159358
5QO79kh1waicV47BqGRL3g,1Xyo4u8uXC1ZmMpatF05PJ,The Weeknd,Save Your Tears,78,0,101,34579,2157312
0oSNOJEcBIKNcQzRc5TfyR,3Nrfpe0tUJi4K4DXYWgMUX,BTS,Blood Sweat & Tears,444,0,95,38398,2155938
5vdp5UmvTsnMEMESIF2Ym7,1dfeR4HaWDbWqFHLkxsg1d,Queen,Another One Bites The Dust - Remastered 2011,153,0,13,22289,2154614
5T8EDUDqKcs6OSOwEsfqG7,1dfeR4HaWDbWqFHLkxsg1d,Queen,Don't Stop Me Now - Remastered 2011,169,0,23,18728,2152240
4xfYAFR8CCXdFr9mxPmHXL,7JthQ6zwNzfxRfIEjp6wUs,HIRAIDAI,HOPE,62,0,95,42872,2149794
7ecWzYoWecy0fiUu6FKZ3T,7kOrrFIBIBc8uCu2zbxbLv,yama,slash,44,0,68,62633,2143029
6z1TvLTR0oOsWSJfDrERmj,4UK2Lzi6fBfUi9rpDt6cik,Yorushika,言って。,44,0,120,54843,2134197
4cYN64J3v6mcDLlTEsayvW,1snhtMLeb2DYoMOcVbb8iB,Kenshi Yonezu,Yasashii Hito,39,0,19,132935,2133076
4pW4sNCWGUG9D9EjACfkvK,2koP6FEfIEVk4l2Fe6jFhu,JO1,SuperCali,50,0,60,70619,2131445
1m0RfmsLgUUf0AB1zyObXc,7kOrrFIBIBc8uCu2zbxbLv,yama,真っ白,84,0,111,29510,2130515
6Mq4q5OIMO25vBsKpFdlnH,0bAsR2unSRpn6BQPEnNlZm,Aimer,朝が来る,59,0,77,45139,2129909
2wAf64UF5cK7mlAUfvVPl9,6zGmypGQUBXD4ZC9EbfMme,EXILE,Tda'''Aitakute,387,0,61,9096,2127552
0loZ1KfQSLJxYR0Y7dImKN,64tJ2EAv1R6UaZqc4iOCyj,YOASOBI,海のまにまに,48,0,75,57798,2122626
1vtxgfTp6CDMobV5Fc15FF,1r0lz3aAi4jYLSZwOh9F4L,J SOUL BROTHERS III,Rat-tat-tat,122,0,65,23186,2112870
1fRaznZsAB2i63TtmYv2Hc,5r1tUTxVSgvBHnoDuDODPH,IZ*ONE,La Vie en Rose,218,0,45,15493,2112715
2OCtw3vaD0urZuYOeuNw4V,0ySFZq3Wd0SQUyJUzmJAeb,sumika,ファンファーレ,173,0,114,18082,2112016
0JyJVPi4IBCgj2wTRKb0yN,64tJ2EAv1R6UaZqc4iOCyj,YOASOBI,Into The Night,65,0,60,57118,2108106
5dH4asCl80Mvbsoz6zJVyZ,2QgdUzpKFNxey5IuwvsGBL,Fujifabric,若者のすべて,213,0,52,53185,2098865
2XW4DbS6NddZxRPm5rMCeY,3TVXtAsR1Inumwj472S9r4,Drake,God's Plan,242,0,18,13986,2097546
3Nf9zRNwzPWmZ3cG5wxdq5,1snhtMLeb2DYoMOcVbb8iB,Kenshi Yonezu,Himawari,39,0,20,129055,2096261
2P7T4KMNrQ7mLXERZHhWYE,4wCW8kZ8LL7QIdcE8EOKPP,BE:FIRST,Glorious,32,0,55,84821,2094766
1tI8Ubt5VEMWDoGL08pomF,4SpbR6yFEvexJuaBpgAU5p,LE SSERAFIM,Come Over,37,0,94,68974,2087423
0YGiwqpEM6z2poUTqtLKAd,6oued35Hkg7GIEXqVfBrQK,WurtS,キケンナアソビ,29,0,55,90311,2086719
4u3qi4mgvCQzeTSIuUWHzl,7k73EtZwoPs516ZxE72KsO,ONE OK ROCK,Take What You Want,500,0,36,8831,2080531
7ytR5pFWmSjzHJIeQkgog4,4r63FhuTkUYltbVAg5TQnk,DaBaby,ROCKSTAR,96,0,84,28002,2079385
5ktv7hUwijL8vobQxaV804,0jJmZHZHNe8n24Y33z5Nil,DISH//,携帯電話,13,0,15,228251,2073905
22LAwLoDA5b4AaGSkg6bKW,5zctI4wO9XSKS8XwcnqEHk,Lil Mosey,Blueberry Faygo,114,0,107,22097,2072477
51ZQ1vr10ffzbwIjDCwqm4,66CXWjxzNUsdJxJ2JdwvnR,Ariana Grande,we can't be friends (wait for your love),40,0,116,60047,2069980
6amRvd3cJjQXJUnfjNboLU,7JthQ6zwNzfxRfIEjp6wUs,HIRAIDAI,ily…,48,0,63,53250,2068969
65AmrrbvmkhGCYWk9xfXPW,4wCW8kZ8LL7QIdcE8EOKPP,BE:FIRST,Gifted.,49,0,56,67106,2066942
76cy1WJvNGJTj78UqeA5zr,6M2wZ9GZgrQXHCFfjv46we,Dua Lipa,IDGAF,222,0,20,14526,2066481
6q2cJXwzu89N8okT69L7KC,7n2Ycct7Beij7Dj7meI4X0,TWICE,One More Time,226,29,3,16816,2061727
5fpyAakgFOm4YTXkgfPzvV,6HvZYsbFfjnjFrWF950C9d,NewJeans,ASAP,37,0,56,89864,2057788
45Qz90khfSW8AnaH9vNg5j,1EowJ1WwkMzkCkRomFhui7,RADWIMPS,05410-(ん),66,0,122,53518,2057542
0Imzg052WsTbxUNDMnZhmp,6YqdtpUutxodni6lUD4stM,WANIMA,眩光,61,0,106,40937,2054538
6ZpoRaO2cfXR1dti2N4TLs,0ghlgldX5Dd6720Q3qFyQB,TOMORROW X TOGETHER,Over The Moon,31,0,64,84776,2054249
52HrZG4pwtYxTUuu6qlTWf,0mZbFsWo9tHccJsYkrIczQ,Good Gas,Bushido,64,0,100,38568,2051351
7znz9Gm1qXs5wOXwOGQqZR,58oPVy7oihAEXE0Ott6JOf,Eve,藍才,54,0,86,46979,2046154
4wYCZ6QS5EClBXqjakTieR,38WbKH6oKAZskBhqDFA8Uj,ZUTOMAYO,消えてしまいそうです,45,0,58,60567,2045929
3UQ7ucO3jNFqldwHjg5cW2,6wxfx1yhyqjCPYwwxJktR2,King Gnu,Danjo,75,0,21,71151,2043637
3VCvZY3Jwnb5Bod84FHNhV,0B1ce3uNrzkdm76NXI4mhX,Tani Yuuki,運命,38,0,61,72565,2039060
21JQaUURrZvW2SutiOtX1Y,1t17z3vfuc82cxSDMrvryJ,Macaroni Empitsu,月へ行こう,34,0,77,73563,2031731
3r6Am8NvUDbuS2Yqv76ivi,1XYuC1vxinTjHCNd5clB8C,ARASHI,One Love,83,0,31,73794,2027568
0D2ZQ5DKyys3UPAfeKpvwp,1EowJ1WwkMzkCkRomFhui7,RADWIMPS,セプテンバーさん,110,0,59,55114,2024883
0oWj7v21R5YMIJCHVCADUp,68TWc4rraWK3C522KFdt0b,Mone Kamishiraishi,25コ目の染色体,13,0,14,240317,2024881
1zGwY3vlObKdHD1OB3KPK4,4PFC7IPuGWwwYQUuuvSnrw,Berry Goodman,アイカタ,83,0,129,31489,2024658
145tqlcE6YFsjNfxi9K3AE,7nqOGRxlXj7N2JYbgNEjYH,SEVENTEEN,"LOVE, MONEY, FAME",33,0,58,94698,2019830
59c0HrzmHfyQs6LgDw5cHe,2KC9Qb60EaY0kW4eH68vr3,ITZY,LOCO,56,0,66,55456,2019550
3g1ybLuXM0DpbiVe6mvWzn,4v5IVXt3oH0iNuxW9O36BV,FRUITS ZIPPER,フルーツバスケット,37,0,104,64977,2019521
0cGpKQ8RxxLOFqhktEURIj,4ClziihVpBeFXNyDH83Lde,UMI,wherever u r,37,0,83,64267,2015961
2xmrfQpmS2iJExTlklLoAL,6MDME20pz9RveH9rEXvrOM,Clean Bandit,I Miss You,256,0,13,14062,2014310
1nX1b7kRg5a6XKAq7uQOpr,2KC9Qb60EaY0kW4eH68vr3,ITZY,SNEAKERS,57,0,105,43479,2011427
4VM4T6Z6q7A829uMSptSGF,1XYuC1vxinTjHCNd5clB8C,ARASHI,Party Starters,55,0,52,57509,2008864
3aAnwyBJY9OLNLqSgd4fZU,0ghlgldX5Dd6720Q3qFyQB,TOMORROW X TOGETHER,Deja Vu,33,0,67,81254,2004362
1GfRjLG3DivFZEr85b6k7G,2dIgFjalVxs4ThymZ67YCE,Stray Kids,CEREMONY,21,0,21,148190,2003856
6IghCx6jRj5VHEmXKQH2pR,7k73EtZwoPs516ZxE72KsO,ONE OK ROCK,Re:make,584,0,46,9674,1996318
4vKqFdyIEKkbXdAdGESLJq,3yzQHdj9G34CVZ5rVUDrOM,Crystal Kay,恋におちたら,191,0,99,13828,1994304
2pfu1oCILxjP2ijdX6PDuJ,38WbKH6oKAZskBhqDFA8Uj,ZUTOMAYO,勘冴えて悔しいわ,141,0,53,18699,1993156
58Q3FZFs1YXPpliWQB5kXB,6HvZYsbFfjnjFrWF950C9d,NewJeans,Right Now,28,0,55,98329,1990896
3ndCsZfq8OVwwkz9mmZvUz,3Nrfpe0tUJi4K4DXYWgMUX,BTS,Stay,62,0,56,71178,1985398
6wo37KVqFJhtuxPTpLCcfe,69GGBxA162lTqCwzJG5jLp,The Chainsmokers,Takeaway,114,0,47,24399,1983554
5aF7JEshjhV8gsg8INAOYX,7fD1pCIsnPsUt6mHizHGnt,CHIAKI SATO,夜をループ,41,0,61,61593,1982014
3PEgB3fkiojxms35ntsTgs,2XnBwblw31dfGnspMIwgWz,Axwell /\ Ingrosso,More Than You Know,307,0,11,10143,1980871
3WtIXrla0ovC9MOIY78Vr8,4UK2Lzi6fBfUi9rpDt6cik,Yorushika,又三郎,51,0,62,66322,1979608
43PlsJn27zRG2KjpL12eb7,4SJ7qRgJYNXB9Yttzs4aSa,Ryokuoushoku Shakai,陽はまた昇るから,57,0,101,39616,1976251
1qAPA8TooLVEqAZ58fhcrt,41MozSoPIsD1dJM0CLPjZF,BLACKPINK,BOOMBAYAH - KR Ver.,388,0,56,10208,1973633
7xapw9Oy21WpfEcib2ErSA,1uNFoZAHBGtllmzznpCI3s,Justin Bieber,Mistletoe,84,1,9,113250,1972347
3ptuizoGnY4grg6IBHha2G,1snhtMLeb2DYoMOcVbb8iB,Kenshi Yonezu,Stray Sheep,37,0,25,118212,1970910
41GHAXwcqJcmP3Y1U4CoiJ,6POfB0fHdzXFLWL3RHxLv8,Creep Hyp,ナイトオンザプラネット,65,0,121,34771,1970730
7sLxvJ2Lj4Kf2K6Wa7OEk1,4UK2Lzi6fBfUi9rpDt6cik,Yorushika,月に吠える,53,0,58,56922,1969341
1tcEqPHAQCOKIHwUMQ2POT,2mJOGcLR3aCHkM1uAF93or,DREAMS COME TRUE,Love Love Love,316,0,79,35685,1966627
2G7V7zsVDxg1yRsu7Ew9RJ,3TVXtAsR1Inumwj472S9r4,Drake,In My Feelings,144,41,3,22853,1964136
1NDxZ7cFAo481dtYWdrUnR,0uGk2czvcpWQA383Im6ajf,Maggie Lindemann,Pretty Girl - Cheat Codes X CADE Remix,345,4,8,10384,1955431
2b9qZ9JVxMD8DJJeSa35Gm,3z8diLlUCkN1j9N9ZdnfBJ,NiziU,CLAP CLAP,46,0,65,60258,1954081
4MTNimMDRyFZv37Thcktwa,7nqOGRxlXj7N2JYbgNEjYH,SEVENTEEN,God of Music,34,0,51,94097,1950998
2mfUa8bLs2s5N4VaqJZ4lZ,5p7f24Rk5HkUZsaS3BLG5F,Hailee Steinfeld,Most Girls,392,0,32,7612,1947355
3GVNp2UgIp2TN3ra67cxdg,0pWR7TsFhvSCnbmHDjWgrE,Creepy Nuts,Mirage (OP Theme to Call of the Night Season 2),34,0,85,69351,1947183
74GJbmNHys47ZfdoQCySpM,5kVZa4lFUmAQlBogl1fkd6,Aimyon,リズム64,40,0,99,61451,1946983
2UMPCpsjMKDYiMujse9C0h,0ixzjrK1wkN2zWBXt3VW3W,Yuuri,かごめ,72,0,117,33381,1945938
4q64nWPqTWIVHGHidRaSUm,0eg7sMst2b9wLVyMgtRFpY,クボタカイ,ピアス,44,0,61,61052,1944749
7ne4VBA60CxGM75vw0EYad,4tuJ0bMpJh08umKkEXKUI5,Gracie Abrams,That’s So True,39,0,129,57454,1944465
3AzjcOeAmA57TIOr9zF1ZW,6M2wZ9GZgrQXHCFfjv46we,Dua Lipa,Physical,103,0,87,23479,1944408
71fU9EO0k1dPBk8fCUB3VK,1S2S00lgLYLGHWA44qGEUs,Gen Hoshino,いきどまり,17,0,42,144412,1943492
5JfeYlgSeR5Vk8Q4fwOJO8,4XFkDALFTsSHVnRtJSsaMN,Number_i,Midnight City,29,0,47,122780,1937679
6PCUP3dWmTjcTtXY02oFdT,6eUKZXaKkcviH0Ku9w2n3V,Ed Sheeran,Castle on the Hill,421,69,3,11717,1937143
6RRNNciQGZEXnqk8SQ9yv5,06HL4z0CvFAxyc27GXpf02,Taylor Swift,You Need To Calm Down,95,0,12,34808,1926515
6Sj1YUpoWn3IsE0VlHCmMU,73kxDUq2Hl7Upy4o0yFxXv,INI,Present,24,0,62,103732,1923735
0ky07Oq85l9zx7e427XGgC,3B9O5mYYw89fFXkwKh7jCS,TK from Ling tosite sigure,first death,38,0,56,74146,1922914
3dcr43MF38OMFo5qMUcLMt,6TNooB9HDJ9Xs1GFPl2Fiv,SHE'S,Letter,95,0,127,25145,1922388
6IYvOX6K6tbBmj00JRU5Rw,0ghlgldX5Dd6720Q3qFyQB,TOMORROW X TOGETHER,Beautiful Strangers,27,0,56,101740,1916354
6zp11UWyqX164jctHntN49,0ixzjrK1wkN2zWBXt3VW3W,Yuuri,桜晴,55,0,78,46540,1914416
4XkqVSWIPb07iLEDvAPq93,7sl3PZyhzAqUpL3M6WVD8G,Kazuyoshi Saito,やさしくなりたい,283,0,79,16728,1912484
456rgV2smcOpAhhSlQVPK8,1Y5vJqABeI6QI6R95EDV6o,tuki.,一輪花,36,0,100,65495,1911567
1yFeci9dMqBobDPGJroWAZ,2IUl3m1H1EQ7QfNbNWvgru,Vaundy,odoriko,40,0,115,58148,1909449
54ezuGQj5s0ot4J7ktWb2h,49sPDY14qlYMAdi6WDsvva,balloon,シャルル,141,0,130,17130,1907578
4Oun2ylbjFKMPTiaSbbCih,4kYSro6naA4h99UJvo89HB,Cardi B,WAP,77,0,114,29545,1904509
5vvPsaBmCB5YAbpi2xMZox,2IUl3m1H1EQ7QfNbNWvgru,Vaundy,融解sink,48,0,65,54486,1894777
2OzhQlSqBEmt7hmkYxfT6m,06HL4z0CvFAxyc27GXpf02,Taylor Swift,Fortnight,30,0,55,85250,1888398
5bcTCxgc7xVfSaMV3RuVke,7CajNmpbOovFoOoasH2HaY,Calvin Harris,Feels,216,84,3,15841,1882075
7hU3IHwjX150XLoTVmjD0q,5L1lO4eRHmJ7a0Q6csE5cT,LISA,MONEY,57,0,95,41470,1881032
0k0zcBRE3StKssNhEF86rW,4UK2Lzi6fBfUi9rpDt6cik,Yorushika,盗作,63,0,60,43455,1879073
6JmTrd6VvMOWZFBk439e28,094Hm9iuxQNa81vKcyedCr,Sui,可愛い君が愛おしい!,78,0,125,30739,1876740
02oFGFjrPwJ0FhPCctRi0K,37yA8FvkJWnXZXbRg4IQaT,Hiroji Miyamoto,おしゃかしゃま,13,0,12,276556,1874866
5G2f63n7IPVPPjfNIGih7Q,74KM79TiuVKeVCqs8QtB0B,Sabrina Carpenter,Taste,35,0,107,60685,1873969
5EoV2HmAlkqN1XvsIjOBZZ,1ZLU77nRzQIaP23mVSYpCQ,Hearts2Hearts,STYLE,31,0,65,79059,1872706
1louJpMmzEicAn7lzDalPW,7DMveApC7UnC2NPfPvlHSU,Cheat Codes,No Promises,357,0,14,9225,1869470
2VJOpzv5sBpstCX9venJr5,7t5H3uQv0Zw6cQUnSTF5BB,Brave Girls,Rollin',66,0,122,32736,1864346
2vznAtq5wtn4D7U6WCwu5l,7KSbqXHO0xzNQhzaIWILIo,Masanori Otoda,ペアリング,39,0,146,52209,1862719
7pgbDdy7ax962o9d2xJceV,3JsHnjpbhX4SnySpvpa9DK,V,Slow Dancing (Piano Ver.),36,0,69,67265,1861898
0tu73VStd4PNxbF37Y6YSD,5kjGRHClVacSyllOUqU1S0,SPITZ,灯を護る,29,0,83,78078,1859478
3Vo4wInECJQuz9BIBMOu8i,0du5cEVh5yTK9QJze8zA0C,Bruno Mars,Finesse - Remix; feat. Cardi B,161,37,3,20669,1858648
7CjzBV5sLZVetxFmQrgkxs,5kjGRHClVacSyllOUqU1S0,SPITZ,紫の夜を越えて,58,0,75,46542,1854391
2cT06UlzGqsv38XqpRPk0o,3z8diLlUCkN1j9N9ZdnfBJ,NiziU,Super Summer,49,0,73,53331,1850176
4tCtwWceOPWzenK2HAIJSb,1l8Fu6IkuTP0U5QetQJ5Xt,Fifth Harmony,Work from Home,555,0,21,6177,1846867
5035nfb8l177pkVOPgxhc0,3rTxb36W3M1BCxx00iiwMU,SORANE,Hug feat. kojikoji (Fantasy club ver.),86,0,157,26468,1845945
1qosh64U6CR5ki1g1Rf2dZ,6OwKE9Ez6ALxpTaKcT5ayv,AKMU,Love Lee,40,0,145,51182,1843035
0nbXyq5TXYPCO7pr3N8S4I,757aE44tKEUQEqRuT6GnEB,Roddy Ricch,The Box,107,0,103,22144,1838185
3du1NqFvvqJhqzssK5GPAB,4dEHIhldHT2U8CMQ6nNgDT,LANA,BASH BASH,42,0,115,53292,1838180
0OyjinjxQAJM1UV3WgqRYe,4QvgGvpgzgyUOo8Yp8LDm9,Mrs. GREEN APPLE,StaRt,156,0,125,18477,1837976
1IWNylpZ477gIVUDpJL66u,1HY2Jd0NmPuamShAr6KMms,Lady Gaga,Sour Candy,62,0,51,48184,1835467
6kex4EBAj0WHXDKZMEJaaF,07YZf4WDAMNwqr4jfgOZ8y,Jason Derulo,Swalla,352,0,20,8719,1833852
0e7ipj03S05BNilyu5bRzt,246dkjvS1zLTtiykXe5h60,Post Malone,rockstar,244,0,11,11642,1832968
2nFTFVO6MCKPrV7SSUtnHw,6wxfx1yhyqjCPYwwxJktR2,King Gnu,Tokyo Rendez-Vous,122,0,75,27049,1831933
1rDgAHDX95RmylxjgVW9tN,6mEQK9m2krja6X1cfsAjfl,Ado,Show,11,6,5,251305,1830595
2FNgoGLkE4AAOtYkQfiVL4,6RHTUrRF63xao58xh9FXYJ,IVE,WAVE,40,0,84,62031,1829913
0wOkiindak4Dx5e4CuylaP,1NdpjvRYsY6cwAVX9YWzAB,Genie High,華奢なリップ,48,0,74,52055,1829763
3yOlyBJuViE2YSGn3nVE1K,4nDoRrQiYLoBzwC5BhVJzF,Camila Cabello,My Oh My,101,0,80,22442,1827550
6kXO7IRJUSVSzbUEhXdqJs,1EowJ1WwkMzkCkRomFhui7,RADWIMPS,うたかた歌,53,0,67,51376,1825848
1vone5YS9zGooFsnUml2LI,0bp9CvkjQYhUJvWRHjFRWI,WEDNESDAY CAMPANELLA,赤ずきん,42,0,103,52085,1825546
2rRJrJEo19S2J82BDsQ3F7,7uaIm6Pw7xplS8Dy06V6pT,Trevor Daniel,Falling,103,0,97,23034,1821671
3n4p9wJEgt4szBc92wPwmu,7Il739Q5W4yJUYC3hfnX6z,ano,絶絶絶絶対聖域,26,0,55,95916,1820896
1HbA4N1MiOsPthALesGFR1,7n2wHs1TKAczGzO7Dd2rGr,Shawn Mendes,Monster (Shawn Mendes & Justin Bieber),68,0,77,40548,1817637
3xWRjOUp8oDOByEJbOVh6U,6mEQK9m2krja6X1cfsAjfl,Ado,いばら,38,0,76,67912,1814084
5qI5EUqfDJpQ7w6sMECK7U,2AfmfGFbe0A0WsTYm0SDTx,i-dle,Super Lady,36,0,101,60810,1811390
0pfjlc96u3vv2cJkXEnrPC,2fpbR8VQWHUivTaeLTR5MJ,PRINCESS PRINCESS,DIAMONDS (ダイアモンド),219,0,61,11524,1810822
0ct6r3EGTcMLPtrXHDvVjc,1vCWHaC5f2uS3yhpwWbIA6,Avicii,The Nights,252,3,7,47338,1809387
6DNtNfH8hXkqOX1sjqmI7p,738wLrAtLtCtFOLvQBXOXp,Major Lazer,Cold Water,462,79,4,8459,1808126
6kFeAaicIz6Z3w3mwuPbu4,2koP6FEfIEVk4l2Fe6jFhu,JO1,Be brave!,32,0,108,66845,1805684
5eCSuo6fXYTzm6WyWkeOxV,6mEQK9m2krja6X1cfsAjfl,Ado,行方知れず,40,0,67,64388,1803933
39lq5gU4lPc0rYVaRo0stH,7lbSsjYACZHn1MSDXPxNF2,Hikaru Utada,PINK BLOOD,42,0,52,78705,1800654
0b7KwwNxPh1VtxGBLRMmR9,45ft4DyTCEJfQwTBHXpdhM,milet,Who I Am,74,0,130,28417,1795922
0tKcYR2II1VCQWT79i5NrW,53XhwfbYqKCa1cC15pYq2q,Imagine Dragons,Thunder,310,0,14,9300,1793453
0wu7L2JkRqx2nFCSiYqcKy,0IwZVmMMGE7nNXS7vN9SIo,MISAMO,Identity,28,0,71,77013,1788974
4aecodVhhW19bmWjveVgJR,3PWp9R5HvbQgxI5KBx5kVd,KANA-BOON,サクラノウタ,29,0,62,72125,1788110
4nn13XYaEBdzcwQPYkbxzx,4XFkDALFTsSHVnRtJSsaMN,Number_i,夢の続き,24,0,47,135125,1786360
466cKvZn1j45IpxDdYZqdA,3TVXtAsR1Inumwj472S9r4,Drake,Toosie Slide,79,0,62,28141,1781941
6AyErTw94FC8ZF339m24Vm,3ZWE1TnryM03rfzVin17K0,Tamio Okuda,さすらい,32,0,110,62463,1780307
6PM8wi7Z9LnM426pJT47kY,7k73EtZwoPs516ZxE72KsO,ONE OK ROCK,Let Me Let You Go,40,0,52,73434,1779377
2gkVEnpahpE3bQuvGuCpAV,6HaGTQPmzraVmaVxvz6EUc,Jung Kook,Yes or No,31,0,60,81496,1779257
3FmTrTjnEZ9ZX7b0LUPZYW,4TaSvnT5o4REFwhqfrmK27,imase,Have a nice day,54,0,105,49683,1775217
1H6SLuE3e50BS0V8Na1XzQ,1nzId6SLDDTUTRV7lNbgxp,King & Prince,I Know,29,0,54,98853,1773030
1p4EbJLS0jdWX3tOHdru8S,4kmKTxjchPXGEcnpiW8iTx,柊マグネタイト,Tetoris,36,0,160,55189,1772435
2FymmKBuog0loCuNXMwQID,7nqOGRxlXj7N2JYbgNEjYH,SEVENTEEN,Ready to love,59,0,98,42546,1768038
7GqWnsKhMtEW0nzki5o0d8,1dfeR4HaWDbWqFHLkxsg1d,Queen,Killer Queen - Remastered 2011,136,0,16,20906,1766318
7uQZVznj0uQOGC9KhV2Mg6,5L1lO4eRHmJ7a0Q6csE5cT,LISA,LALISA,39,0,58,59882,1755955
0Ryd8975WihbObpp5cPW1t,66CXWjxzNUsdJxJ2JdwvnR,Ariana Grande,boyfriend,85,0,29,31437,1755445
3B54sVLJ402zGa6Xm4YGNe,6vXTefBL93Dj5IqAWq6OTv,French Montana,Unforgettable,263,0,11,10667,1754668
5Hi4IAtdFZzg6IfAVMd6lZ,0llYwFIMgF9Jzmp4ZY7wbr,KOBUKURO,桜,175,0,52,17186,1750233
7fumKCLGohbOKbXhCXD3md,2XjqKvB2Xz9IdyjWPIHaXi,Sheena Ringo,公然の秘密,102,0,64,22451,1748776
5PYQUBXc7NYeI1obMKSJK0,6jJ0s89eD6GaHleKKya26X,Katy Perry,Never Really Over,101,0,34,27299,1748276
2kxp3ZUOXssozAGMEXshLO,79nkC8XZ5ohEVU0Xlf5Ael,SOUTHERN ALL STARS,盆ギリ恋歌,38,0,73,65373,1743864
2Os0vzke5CakbU3dkSHckx,6TDMbiQCWeMClsMr9ORLRK,aiko,カブトムシ,38,0,39,50095,1743687
4WZdUTYAUwMG63GCNA5jtk,7lbSsjYACZHn1MSDXPxNF2,Hikaru Utada,traveling - Re-Recording,31,0,96,64279,1740725
3GIhgMadHu26VHLEeXviGD,0jJmZHZHNe8n24Y33z5Nil,DISH//,No.1,56,0,121,36004,1731730
47QP509sXnE54NwhzoMHAi,1SIocsqdEefUTE6XKGUiVS,BABYMONSTER,FOREVER,31,0,115,64336,1729326
2RZ34MuLUy5xmdnv2iDnvW,7kOrrFIBIBc8uCu2zbxbLv,yama,Sleepless Night,56,0,101,39057,1723758
4eWQlBRaTjPPUlzacqEeoQ,4nDoRrQiYLoBzwC5BhVJzF,Camila Cabello,Never Be the Same,172,13,5,18578,1719222
3wBeIjb0vtiTwIQPce2stZ,0ghlgldX5Dd6720Q3qFyQB,TOMORROW X TOGETHER,Love Language,26,0,62,87938,1713196
7eJMfftS33KTjuF7lTsMCx,6bmlMHgSheBauioMgKv2tn,Powfu,death bed,89,0,118,22424,1707702
4IJsVXbSeGPUrgwpVoHmlg,3Nrfpe0tUJi4K4DXYWgMUX,BTS,The Planet,30,0,54,90429,1706975
1PvDnTxwVndr7bOrbtI2Zx,3fakwzQVQaFb8QNhRNttmt,池田智子 × TENDRE,水星 × 今夜はブギー・バック nice vocal,50,0,103,39881,1706371
4Ji17AjAdjf83FsIDcXe0J,2nvl0N9GwyX69RRBMEZ4OD,kessoku band,あのバンド,40,0,117,51013,1703911
7vPjcqFUBCHeGlZQFijnIc,6wxfx1yhyqjCPYwwxJktR2,King Gnu,泡,41,0,56,72831,1699747
6Sa5NyKHX0gikNuG4t3CZr,1mN9lPKzTRTOop4u7S1Uy9,iri,渦,53,0,90,46269,1699296
4rdmyc70mJQEfhKeiFDLFZ,3z8diLlUCkN1j9N9ZdnfBJ,NiziU,ASOBO,41,0,58,57669,1697485
448NEM9R9EBaZ4ifcO1L7B,1snhtMLeb2DYoMOcVbb8iB,Kenshi Yonezu,TEENAGE RIOT,33,0,29,108224,1696732
0R96nqU10shRzLcbpPiNA7,0hSFeqPehe7FtCNWuQ6Bsy,BUMP OF CHICKEN,窓の中から,34,0,65,68772,1690354
38tzEkb3dsy5qZ3foZz1ky,4WtTy7k6gCfuRxlVZ9ETzf,Inessa Lee,Love Gun,14,1,10,208421,1689144
6hQdLMHZXPGJV8oJdr2zsL,5kgH3qVSSDPPmKnQfrkblH,RIP SLYME,熱帯夜,36,0,126,59832,1688228
0K4Wg6Pwx0cOuJkN8xvuto,1AyWsgtaIgXbzjJlTx2ZDp,AAA,MAGIC,445,0,29,7252,1686416
3Tez2fjO4jnPpsLqrl1Zj6,1ZFfhzyXjPvbzSYPlCIwo3,timelesz,ぎゅっと,27,0,55,111110,1685908
0rKWJnmo6Q0ovoPOLoLm0t,2tIP7SsRs7vjIcLrU85W8J,The Kid LAROI,TOO MUCH,25,0,52,90304,1684507
6DG2g1UhROp5pnM8fx7zH2,5p7f24Rk5HkUZsaS3BLG5F,Hailee Steinfeld,Starving,481,0,12,9485,1682439
5aOOHwpcSGL9gHc5dEv6wg,4gwWRJBdufvMEHUuyjBDOs,大森元貴,絵画,28,0,53,103299,1678922
6ddbslC9nFUFgscup9R2j3,2FTUpyPZ3hqBPLwmaEH14B,Hideaki Tokunaga,壊れかけのRadio,230,0,64,10234,1673811
1hRnUi0XA1ZovLaM9s4ken,6wxfx1yhyqjCPYwwxJktR2,King Gnu,Don't Stop the Clocks,101,0,82,25943,1670274
2xD9nEfXbHxa5nVXQjHb33,5Vo1hnCRmCM6M4thZCInCj,OFFICIAL HIGE DANDISM,Rowan,106,0,79,21181,1668560
0qcQhdiBI6mRhVm8haSw2Y,1iw2iFU0Tpq7xvkX4VZyfZ,STARGLOW,Moonchaser,24,0,72,90099,1667001
3PPiVAQnUOQ2w0EcpxJhIK,4UK2Lzi6fBfUi9rpDt6cik,Yorushika,都落ち,33,0,58,70380,1666973
0vDqNzQqEhl7boeRS3Joli,4jhJ8cnJ9vYKyCh289nuwQ,M!LK,好きすぎて滅！,22,0,57,107242,1664147
2NgQV5lmGPPTTlrHXeAPJ7,0VPLGnexd8K6BGbpLiPPVj,Flower,Yasashisade Afureruyouni,323,0,44,10632,1663920
46AAVTHrvm4Dt9Kwk2uGKo,5VLVogbPeBgFHXQPZQzBej,JUJU,こたえあわせ,46,0,86,44671,1661682
3hdd3WJLagemc3ynu6LyKE,1XYuC1vxinTjHCNd5clB8C,ARASHI,A・RA・SHI,85,0,16,63957,1660600
17DfKcV1gBdfMBdzsf4NQx,3R3WEsfL1WC1zLiz3XG9K5,miwa,Kataomoi,295,0,48,8999,1658744
7sJgtz5Te1pA09ot2UEHWs,03E7w8NrBr4lNCK33TQyil,Keyakizaka46,Kuroi Hitsuji,129,0,17,23669,1651779
3b7ejK9HytsRwa1Wne277w,7cjg7EkeZy3OI5o9Qthc6n,ZEROBASEONE,ICONIK,21,0,52,107598,1649212
2iIWIiSKpKzuDuxmGt05S1,2KpK4apOMD6evPHoPggSVF,LEX,明るい部屋,31,0,122,61421,1646974
46LSraL1efyLHbM5DehGtN,6bDWAcdtVR3WHz2xtiIPUi,Fujii Kaze,Casket Girl,20,0,52,121690,1644666
2ILz4eU7UCTv0Wup7F5lVt,6ggtLFRSvZsS61lbxLujd9,meiyo,なにやってもうまくいかない,55,0,123,37335,1641919
3BPoSr2pO34Aan6alFfVto,5RR0MLwcjc87wjSw2JYdwx,MOMOLAND,BBoom BBoom,273,0,76,8882,1637023
76hJ3vEgb6jUiYUEkiTmuQ,1XYuC1vxinTjHCNd5clB8C,ARASHI,The Music Never Ends,52,0,82,37794,1636667
4oGe0AT9wDhwHfDTifSw0e,0SMhG4gXGD4gzLMMz08cQU,SUPER BEAVER,儚くない,35,0,114,54744,1635385
25sgk305KZfyuqVBQIahim,4npEfmQ6YuiwW1GpUmaq3F,Ava Max,Sweet but Psycho,172,0,62,12014,1635361
4uZ4KU2Odt65sTlOF2yJsz,1EowJ1WwkMzkCkRomFhui7,RADWIMPS,鋼の羽根,55,0,103,37220,1628760
3TTTu92boD1Tqa4cuH0Hxx,1AU9Y5Y2Taxe4yh7AI6JRD,Thelma Aoyama,そばにいるね,240,0,85,9346,1626668
3pA7Zp3qRuAJOy7AqV7zcH,03E7w8NrBr4lNCK33TQyil,Keyakizaka46,Ambivalent,180,0,15,15748,1626422
3GCdLUSnKSMJhs4Tj6CV3s,2YZyLoL8N0Wb9xBt1NhZWg,Kendrick Lamar,All The Stars,153,2,10,16858,1626175
629DixmZGHc7ILtEntuiWE,6qqNVTkY8uBg9cP3Jd7DAH,Billie Eilish,LUNCH,28,0,64,85337,1616386
6vvPecFTmWxDfEJ6cYT1wa,5L1lO4eRHmJ7a0Q6csE5cT,LISA,Rockstar,27,0,94,74794,1614205
5dy1QO156l2ct1MVPzc8px,1m9ZvxLFfX9avls54a0y40,Belle,歌よ,46,0,66,53013,1612679
2D7Bqzfa2pJqa0LUftrVgx,6bDWAcdtVR3WHz2xtiIPUi,Fujii Kaze,I Need U Back,22,0,55,112533,1612342
5QiNbIilmMiMBXvaAlf7lN,69GGBxA162lTqCwzJG5jLp,The Chainsmokers,Who Do You Love,128,0,19,22220,1612163
7LzouaWGFCy4tkXDOOnEyM,4nDoRrQiYLoBzwC5BhVJzF,Camila Cabello,Liar,99,0,64,20617,1610076
7dwaamkVTLD92ac3Oc7C9v,6wxfx1yhyqjCPYwwxJktR2,King Gnu,Interlude,61,0,19,71935,1609729
5KxTHd0r8eM6T2K65zxt2L,0LOK81e9H5lr61HlGGHqwA,XG,WINTER WITHOUT YOU,25,0,61,98056,1605547
7gaA3wERFkFkgivjwbSvkG,66CXWjxzNUsdJxJ2JdwvnR,Ariana Grande,"yes, and?",29,0,75,74330,1604725
5CifiKtU7pNzCQ9GdV3xfE,1eoddE8A9kEX2amRoYSZJr,Secondbacker,犬とバカ猫,26,0,85,87075,1603442
1iWHabUgUuuKLBa0TzTHfk,5ZsFI1h6hIdQRw2ti0hz81,ZAYN,A Whole New World (End Title),91,1,8,45103,1601506
117quLEpL8CQIAhjF3u0G9,4wCW8kZ8LL7QIdcE8EOKPP,BE:FIRST,Kick Start,45,0,61,55392,1596754
6bLZ6JV1mAGz4xfS1ZwOMV,5t5FqBwTcgKTaWmfEbwQY9,ENHYPEN,Always,46,0,81,44301,1594431
4tuaME3Py58eaeIEMOvzID,6YqdtpUutxodni6lUD4stM,WANIMA,夏のどこかへ,112,0,59,19358,1592499
7vGuf3Y35N4wmASOKLUVVU,64KEffDW9EtZ1y2vBYgq8T,Marshmello,Silence,208,0,23,10919,1589549
0bcTxNXi8c0IUY0PhNYItd,4wCW8kZ8LL7QIdcE8EOKPP,BE:FIRST,Salvia,30,0,60,75327,1589223
27RYrbL6S02LNVhDWVl38b,4x1nvY2FN8jxqAFA0DA02H,John Lennon,Happy Xmas (War Is Over) - Remastered 2010,28,0,21,162830,1587070
7gt133qlpTGjgttb8HNEwF,6jIhEiXcCAyBsuEI7qZ9vc,Ken Hirai,怪物さん feat.あいみょん,33,0,28,61961,1586925
2iUXsYOEPhVqEBwsqP70rE,5Rl15oVamLq7FbSb0NNBNy,5 Seconds of Summer,Youngblood,217,0,51,11271,1582747
6LnEoRQKMcaFTR5UvaKuBy,7nqOGRxlXj7N2JYbgNEjYH,SEVENTEEN,Rock with you,42,0,61,58895,1581541
7LXjgEPK0QDh2yAZDRwVTs,7kOrrFIBIBc8uCu2zbxbLv,yama,憧れのままに,28,0,85,63788,1576607
6VfMXMW0vm2vKMKzZJXEmN,3z8diLlUCkN1j9N9ZdnfBJ,NiziU,Blue Moon,39,0,124,45854,1575582
6JgazBWIYH1tHOuGEcxLes,1Y5vJqABeI6QI6R95EDV6o,tuki.,星街の駅で,26,0,93,71199,1572587
4QE3csw0rsqxoIQNoMUgsU,1UDGHCGnWyikwidtaymNpz,Takako Matsu,Into the Unknown,76,0,53,29217,1572335
02sy7FAs8dkDNYsHp4Ul3f,0BJ2EjOqcfgFvlZXNKrNbE,Saja Boys,Soda Pop,30,0,151,56314,1568904
7lidXGPXPYLNThITAOTlkK,26VFTg2z8YR0cCuwLzESi2,Halsey,You should be sad,77,0,80,25087,1564273
1hTReyVBNVvDqssrJMBGyz,6MGHit7sV38BhpChZYByFv,SHISHAMO,君の目も鼻も口も顎も眉も寝ても覚めても超素敵!!!,35,0,131,50066,1563625
7C8zDcBTD0HtYAnolSRZm3,7HwzlRPa9Ad0I8rK0FPzzK,SEKAI NO OWARI,Dropout,68,0,65,28197,1557203
4iLUPXEEu3NfwZLmqmDqwF,1qma7XhwZotCAucL7NHVLY,Mr.Children,turn over?,53,0,84,38586,1551720
5COO2JgOmHIJ2jsXFwflz8,7n2Ycct7Beij7Dj7meI4X0,TWICE,Breakthrough,90,0,42,25855,1547282
2zCBWfCGK52pjBx7vTbW4y,1snhtMLeb2DYoMOcVbb8iB,Kenshi Yonezu,Canary,31,0,42,100549,1545521
7CscXR0ITTTL5ChwCElwTr,4HfuyMMy295oBvbIuXr0v8,GENERATIONS from EXILE TRIBE,One In a Million,84,0,78,23126,1543228
2fuCquhmrzHpu5xcA1ci9x,1dfeR4HaWDbWqFHLkxsg1d,Queen,Under Pressure - Remastered,129,0,24,18761,1542926
65LUiqfnSGLbOrUnAzXfpW,58oPVy7oihAEXE0Ott6JOf,Eve,平行線,47,0,73,49766,1536570
7r6pHYnNYqxSZr8e40VF8T,6whFEcaV75AmQMiwlfaxvc,QUEEN BEE,01,32,0,115,56024,1535602
27dTB2lvWsqFeTdtPYtVT3,2IUl3m1H1EQ7QfNbNWvgru,Vaundy,忘れ物,30,0,53,70937,1534983
3b0Brvnhx5kfCy06Ct0tTu,6wxfx1yhyqjCPYwwxJktR2,King Gnu,Hitman,96,0,81,25960,1531464
7KXjTSCq5nL1LoYtL7XAwS,2YZyLoL8N0Wb9xBt1NhZWg,Kendrick Lamar,HUMBLE.,289,9,9,8777,1531405
53iuhJlwXhSER5J2IYYv1W,06HL4z0CvFAxyc27GXpf02,Taylor Swift,The Fate of Ophelia,25,0,71,81297,1531130
68EkhVWIeULhHxcbi1QhzK,6s22t5Y3prQHyaHWUN1R1C,AJR,World's Smallest Violin,47,0,101,44677,1525426
6rcPP3eWwKcUrIEWb1bR5S,7i9bNUSGORP5MIgrii3cJc,B'z,LOVE PHANTOM,28,0,53,74207,1525331
6MmOpSGiXnjjvpBFFCxnBM,03E7w8NrBr4lNCK33TQyil,Keyakizaka46,誰がその鐘を鳴らすのか?,53,0,58,50588,1523909
1BduWmGXpjUAbunc1hrOr0,19FI3bwyW062xAmEy3rzsk,(sic)boy,君がいない世界,34,0,71,53449,1521977
08mZXLDUeuv1wz4ZunfIC2,7lbSsjYACZHn1MSDXPxNF2,Hikaru Utada,Flavor Of Life,241,0,67,10645,1516466
4LewLSh92SzKMFuiQNFbhL,7lNFzeAXmSIKexINNgO6bu,YUZU,Koushikondou,52,0,85,40021,1516295
4dd01wnNAC8vg8BfFoJjqA,4XFkDALFTsSHVnRtJSsaMN,Number_i,Rain or Shine,25,0,51,119033,1514063
3LY9pxrkW6J3TTAL5ZwNuI,6WmXWHmfBMhupyIs8MSqtu,natori,猿芝居,36,0,118,47458,1511450
6AI3ezQ4o3HUoP6Dhudph3,2YZyLoL8N0Wb9xBt1NhZWg,Kendrick Lamar,Not Like Us,24,0,75,78906,1507582
4HAOgAnILvXCbSODMoRnmD,3JsHnjpbhX4SnySpvpa9DK,V,For Us,31,0,75,63326,1506571
0SSSCk5UpgyiuO7bGr1et0,38WbKH6oKAZskBhqDFA8Uj,ZUTOMAYO,低血ボルト,52,0,60,43739,1504828
6FdShjf7nA2cqEnpv1tIia,3paGCCtX1Xr4Gx53mSeZuQ,NCT U,Make A Wish (Birthday Song),55,0,75,39351,1502143
0wrppxeWurW1uRnxI6Ut9v,08hHTBHlv0WRXWlyrsb6Kv,MEOVV,HANDS UP,24,0,86,73246,1499627
3epGpisw6O1ygaVCc1l67w,78R3y0wqFf79YN1mRaIarX,エイトMAN,好きすぎて会いたい,49,0,115,35436,1496820
1Vw0JiY6Jk8vCypHzb3fo4,6bDWAcdtVR3WHz2xtiIPUi,Fujii Kaze,"Okay, Goodbye",21,0,64,95951,1492566
1asu90ghaTPdZ5JuLuLelc,4XFkDALFTsSHVnRtJSsaMN,Number_i,なんかHEAVEN,24,0,56,110434,1489569
3NfgdU9mbIVhcJF3XvC0c9,2019zR22qK2RBvCqtudBaI,OH MY GIRL,Dolphin,60,0,126,30838,1489539
4y4spB9m0Q6026KfkAvy9Q,1uNFoZAHBGtllmzznpCI3s,Justin Bieber,Lonely,54,0,98,34717,1488035
7Ea65yIjXDZDfg39hsvcE6,3qQKrWwcqJlE4OS4e1ox7x,Kocchi no Kento,けっかおーらい - Kekka Orai,29,0,144,55882,1486838
2VU59VkXEBNX4ZZf7SmGAy,3VVMRDGpbQR2SK9nHX3DW5,yangskinny,ゴミ人間、俺,29,0,94,59700,1481201
5MFzQMkrl1FOOng9tq6R9r,04gDigrS5kc9YWfZHwBETP,Maroon 5,Don't Wanna Know,351,119,2,9921,1476226
5Fl7lwRIxawx0KKkHjOrYv,0bAsR2unSRpn6BQPEnNlZm,Aimer,Ref:rain,209,0,45,12271,1473734
5McCZ1isTVJg3Wr5WBVoI3,1t17z3vfuc82cxSDMrvryJ,Macaroni Empitsu,夏恋センセイション,37,0,161,43277,1473215
2ipT2ARpIKXR4mlS7JEZEN,1luOe8HkZQ7zwuaO2wuJqI,[Alexandros],月色ホライズン,102,0,82,17970,1471981
7wCsUN7ZPSNGImhfc5UbnA,5ki9pRkPNIXLjuiqG1Jh84,KinKi Kids,愛のかたまり,21,0,52,110859,1465060
1Eck97uRMlprKOOJN9oO1E,02kJSzxNuaWGqwubyUba0Z,G-Eazy,Good Life,292,42,4,12818,1458962
1KT0xdIjm7t053xByACrrg,66CXWjxzNUsdJxJ2JdwvnR,Ariana Grande,美女と野獣,339,0,22,7218,1457307
1wUnuiXMMvhudmzvcCtlZP,6HvZYsbFfjnjFrWF950C9d,NewJeans,Get Up,28,0,63,75903,1456256
5tz69p7tJuGPeMGwNTxYuV,4xRYI6VqpkE3UwrDrAZL8L,Logic,1-800-273-8255,213,0,18,10517,1455771
2UU11hvjN1JIn4iihEodNT,3JsHnjpbhX4SnySpvpa9DK,V,Blue,30,0,77,63035,1454278
43CMcyGeImlZjy1oN0NVNG,6NOuhUhXshepSHcBqwwZJt,issey,モエチャッカファイア,28,0,145,58809,1454183
7rqYTYi70xZBqEMAtSVhXc,7LTiBdByoaUd329wCpmMcM,MAISONdes,アイウエ,41,0,142,38933,1452381
5lP7oqYYLpIhUv33KdS4HX,5kVZa4lFUmAQlBogl1fkd6,Aimyon,漂白,162,0,67,12854,1451676
0LXJ38MncJmqqVdeUhDIZv,1S2S00lgLYLGHWA44qGEUs,Gen Hoshino,さらしもの,69,0,18,45361,1448216
78rIJddV4X0HkNAInEcYde,02A3cEvlLLCbIMVDrK2GHV,Starley,Call On Me - Ryan Riback Extended Remix,290,72,7,8527,1445468
1uKI4JKUIUJC0aXJqKCl6y,5R7AMwDeroq6Ls0COQYpS4,Kep1er,Wing Wing,43,0,111,43786,1443177
3KR2OpCdnpM70TEj6IkU95,6n4SsAp5VjvIBg3s9QCcPX,SUDA MASAKI,Kiss Dakede,101,0,39,26609,1442484
4JzCFEc3O2UEdjKzevvFH5,3Nrfpe0tUJi4K4DXYWgMUX,BTS,For Youth,33,0,54,80688,1440479
05CwHjIk71RXVU40boRMnR,69GGBxA162lTqCwzJG5jLp,The Chainsmokers,Call You Mine,78,0,39,23879,1440466
1j4kHkkpqZRBwE0A4CN4Yv,5ZsFI1h6hIdQRw2ti0hz81,ZAYN,Dusk Till Dawn,163,0,11,12315,1438019
54DmTIv86D3sYdiawjULQ0,3Nrfpe0tUJi4K4DXYWgMUX,BTS,Dis-ease,43,0,59,67895,1431372
4sCiH4LCVfHsMUmiK6GNGS,7jiFTNRWSw8zYgUj9wNJld,neguse.,愛してみてよ減るもんじゃないし,32,0,92,55725,1430057
2yy4DaVpNEkEdqmoEiWSQT,5VLVogbPeBgFHXQPZQzBej,JUJU,Yasashisa De Afureru Youni,101,0,107,19517,1429420
6tjituizSxwSmBB5vtgHZE,1GxkXlMwML1oSg5eLPiAz3,Michael Bublé,Holly Jolly Christmas,47,0,16,132855,1429377
5ISHFvPLUqKz2JfDRtwnb2,2nvl0N9GwyX69RRBMEZ4OD,kessoku band,忘れてやらない,34,0,103,55700,1429026
19Tzt6c75W1wUrXgv2WR2W,4OfU76YhPU04wlmbVFFgTJ,ATARASHII GAKKO!,Suki Lie,30,0,104,53348,1427555
1LDxe7AgJ7DRYdV012EmyR,6rs1KAoQnFalSqSU4LTh8g,back number,日曜日,27,0,127,59835,1424461
3Xrd2febrBti5pNuRTVmra,4HfuyMMy295oBvbIuXr0v8,GENERATIONS from EXILE TRIBE,SORA,249,0,32,8133,1418135
4mHSUBNuNUQOhje74CTbBx,5VxQzcVrakID2E4UxaDPNs,Kvi Baba,Luv Myself,28,0,112,57432,1416233
5uCax9HTNlzGybIStD3vDh,4IWBUUAFIplrNtaOHcJPRM,James Arthur,Say You Won't Let Go,316,47,7,7780,1414487
24Yi9hE78yPEbZ4kxyoXAI,0H39MdGGX6dbnnQPt6NQkZ,SAINt JHN,Roses - Imanbek Remix,80,0,138,20757,1409963
4Mo0vn7a03pJ19uESUrH5a,40oxjbVm3kdeyJEiGsKrmd,HoneyWorks,Kawaikutegomen,35,0,128,49341,1409857
5KCbr5ndeby4y4ggthdiAb,7n2wHs1TKAczGzO7Dd2rGr,Shawn Mendes,Wonder,56,0,109,30276,1408111
5zBO8f5BKQX4VNR3ILfDXk,2jOm3cYujQx6o1dxuiuqaX,RIIZE,Impossible,26,0,103,67805,1406514
6NnCWIWV740gP7DQ8kqdIE,2AfmfGFbe0A0WsTYm0SDTx,i-dle,Nxde,35,0,110,47301,1406411
340zG7IKPHFjEFgzq9MFYx,6n4SsAp5VjvIBg3s9QCcPX,SUDA MASAKI,惑う糸,37,0,92,46227,1403388
2uaZaTMbYE5KAk8gbdzBgW,0LOK81e9H5lr61HlGGHqwA,XG,HOWLING,21,0,60,91176,1402493
1Cv1YLb4q0RzL6pybtaMLo,4ETSs924pXMzjIeD6E9b4u,Surfaces,Sunday Best,73,0,80,25235,1402241
7BDHDiidJ8WV349p3HTxTV,2dIgFjalVxs4ThymZ67YCE,Stray Kids,MANIAC,41,0,72,47756,1401445
6gpcs5eMhJwax4mIfKDYQk,7CajNmpbOovFoOoasH2HaY,Calvin Harris,Slide,224,28,7,12245,1400976
66KjxbYrSBdnxJcHjnLM7o,0bAsR2unSRpn6BQPEnNlZm,Aimer,ONE,164,0,16,11960,1399630
4OJnTIPQmK3OtkzbUN4LGl,7FFaFas6TD1PhMtJ1xel8J,SUSHIBOYS,OMG,31,0,130,52171,1399262
7qEHsqek33rTcFNT9PFqLf,4GNC7GD6oZMSxPGyXy4MNB,Lewis Capaldi,Someone You Loved,109,0,115,15371,1394238
5LMoKDVzW2kDneNu2UbspP,6HvZYsbFfjnjFrWF950C9d,NewJeans,Zero,25,0,55,75834,1394232
2fMulWj1t8Sg10z2DPDQDm,15NqiLfY3eOnLiiIbGAxCF,Shinnosuke,雲の上,50,0,137,32767,1393335
6nhGcCOyjnHshIJjPROEBF,6mEQK9m2krja6X1cfsAjfl,Ado,ショコラカタブラ,24,0,69,74710,1386782
630sXRhIcfwr2e4RdNtjKN,6U1dBXJhC8gXFjamvFTmHg,Zac Efron,Rewrite The Stars,161,8,7,18170,1386292
44jt5m1pRE0rI4VixZbWF6,0PgE39BqM3dTVk5lyttaBb,PSYCHIC FEVER from EXILE TRIBE,Just Like Dat feat. JP THE WAVY,29,0,145,53159,1385237
5PYwENRSNMq2fe2dL8RHjn,4UTEZqrPqLDOhBfraPNciJ,Daichi Miura,I'm Here,73,0,86,23399,1385175
4R7QVSqBN0koJHcOL7PGb5,7n2Ycct7Beij7Dj7meI4X0,TWICE,SIGNAL - Japanese ver.,256,0,26,8479,1380175
6eh0kyNpZlmJbtMb1mLHTo,6rm1uaZjykvKCobTzRPs35,TOMOO,Super Ball,27,0,95,63013,1378886
6DqYFsUAEYhvGE83OToZj1,1snhtMLeb2DYoMOcVbb8iB,Kenshi Yonezu,Décolleté,28,0,31,107181,1378458
37vujUbX37xoBmwoddMYck,58oPVy7oihAEXE0Ott6JOf,Eve,FightSong,23,0,59,77398,1378278
1Zyd6zQnC6XIIzmg3hP7Ot,41MozSoPIsD1dJM0CLPjZF,BLACKPINK,As If It's Your Last,306,0,52,8404,1368738
5hrS405iyU1OLU4BFwGWGY,1qma7XhwZotCAucL7NHVLY,Mr.Children,名もなき詩,149,0,51,31947,1368574
319hYPTY4Gaa38ZP7Vp0J3,4wCW8kZ8LL7QIdcE8EOKPP,BE:FIRST,Brave Generation,42,0,88,43926,1365503
1NabPfsC4hEMd6lSEragQE,7jiFTNRWSw8zYgUj9wNJld,neguse.,ずっと好きだから,26,0,126,59786,1365384
3zIG0WuI5RoJsFYnErkFDU,3Nrfpe0tUJi4K4DXYWgMUX,BTS,Don't Leave Me,122,0,12,18636,1364385
4zz5dSunCrg0pmNT4ZzBf5,7i9bNUSGORP5MIgrii3cJc,B'z,ultra soul,27,0,59,72881,1363308
3g1Ca8PPhR4FBN6a66wkyq,2IUl3m1H1EQ7QfNbNWvgru,Vaundy,偉生人,22,0,88,75315,1360848
2s0zIywluLoQntpl3U0T49,4gwWRJBdufvMEHUuyjBDOs,大森元貴,こたえあわせ,21,0,61,89654,1359815
5LstOEABicwr6nDmWdZ9ms,4TaSvnT5o4REFwhqfrmK27,imase,NIGHT DANCER - Yaffle Holiday Remix - Spotify Singles,22,0,70,93848,1359061
4ZHPfDmmEu8ItB795BbF9W,1S2S00lgLYLGHWA44qGEUs,Gen Hoshino,生命体,27,0,74,63719,1358835
468Jl0mOuztlhQDKMhO8Rq,4HfuyMMy295oBvbIuXr0v8,GENERATIONS from EXILE TRIBE,BIG CITY RODEO,158,0,11,12736,1352638
2sjFLSGUKxYT8qSuuLHAdx,7k73EtZwoPs516ZxE72KsO,ONE OK ROCK,Gravity,31,0,68,54453,1350696
3LPLfXuotB7yfXxK25YC7T,7JthQ6zwNzfxRfIEjp6wUs,HIRAIDAI,Beautiful Journey,106,0,98,14973,1346044
1mXVgsBdtIVeCLJnSnmtdV,2wY79sveU1sp5g7SokKOiI,Sam Smith,Too Good At Goodbyes,135,6,6,15214,1344784
3LiCxI36JZmzUxlS8KAeW2,1snhtMLeb2DYoMOcVbb8iB,Kenshi Yonezu,ゆめうつつ,27,0,55,67984,1339828
3QwiidVHfeE9y5jl4n2MTC,7nqOGRxlXj7N2JYbgNEjYH,SEVENTEEN,_WORLD,39,0,104,43463,1338507
2aI2k39nfa3KFsa4JclQzw,41MozSoPIsD1dJM0CLPjZF,BLACKPINK,DDU-DU DDU-DU,156,0,84,12130,1336902
5hnbE5BF2e8BCk9OMR1UVC,3Nrfpe0tUJi4K4DXYWgMUX,BTS,Mikrokosmos,82,4,7,35790,1336569
6qt4DNJ94JlcYw5aZJP9D1,2mGYHril2LuZodRtTX06BC,Kumi Koda,愛のうた,254,0,90,8548,1335230
7FL5iSLdKcersBgDiwijis,6KQWWzFLPQbqomJrieHAW5,Tokyo Incidents,永遠の不在証明,48,0,89,44785,1333490
6SNXEbIkap8lN8cuDdjXox,4UK2Lzi6fBfUi9rpDt6cik,Yorushika,思想犯,43,0,61,38857,1331566
1BtLaNoJo4zXGaYRLjvACo,38WbKH6oKAZskBhqDFA8Uj,ZUTOMAYO,不法侵入,24,0,71,67709,1330401
4RepvCWqsP6zBuzvwYibAS,1Xyo4u8uXC1ZmMpatF05PJ,The Weeknd,I Feel It Coming,242,87,2,8424,1324308
1wxiDD31TzWQV0tKRHIXQ7,0EmfXhT2Bhc53cyK3hrZM5,8LOOM,Forever or Never,34,0,110,50854,1324102
4SKkKCv06oN15DHpyKUnJk,4SJ7qRgJYNXB9Yttzs4aSa,Ryokuoushoku Shakai,LITMUS,48,0,136,32615,1323364
5EBkv7Vl47e674Yi6Gk7zi,7kOrrFIBIBc8uCu2zbxbLv,yama,カーテンコール,30,0,76,52801,1323146
2XxrQmdMx0zcqwQzT66QQn,4XFkDALFTsSHVnRtJSsaMN,Number_i,JELLY,21,0,57,108933,1322489
5nq1uTNIR1cBR72T87viS0,3Nrfpe0tUJi4K4DXYWgMUX,BTS,Go Go,268,0,32,9473,1318634
7GX5flRQZVHRAGd6B4TmDO,4O15NlyKLIASxsJ0PrXPfz,Lil Uzi Vert,XO TOUR Llif3,282,0,31,7770,1317658
64awLoKSPoQ5M6YulMsyCe,5FGlhIQqewJRV8fx24toG0,Masaharu Fukuyama,家族になろうよ,205,0,88,13383,1316113
5Fla3zyOCcIRqrDoKLU0DP,5CCwRZC6euC8Odo6y9X8jr,Rita Ora,Let You Love Me,151,0,28,14679,1315167
0eEaGQuEZo5sEuJzU5kwkW,2ZjWbNQAjL74Pf4aqikIz2,Shota Shimizu,Fire,345,0,23,6075,1311114
1ZrSDltUxN37qIqSLqF8E5,19FI3bwyW062xAmEy3rzsk,(sic)boy,Last Dance,42,0,93,41516,1310786
71vPAjlG1x606483GTJNhY,5r1tUTxVSgvBHnoDuDODPH,IZ*ONE,FIESTA,57,0,52,34206,1309770
662nMWgdhgj7rrU1XLNgiY,4XFkDALFTsSHVnRtJSsaMN,Number_i,Numbers,20,0,53,113901,1308506
5gmoVbsb9inh7FzT2cMZnv,5VLVogbPeBgFHXQPZQzBej,JUJU,STAYIN' ALIVE,67,0,76,24936,1307659
6rEReeuYDZdggaSMF1sybO,1S2S00lgLYLGHWA44qGEUs,Gen Hoshino,ドラえもん,88,0,30,30128,1306193
7iDC1sNnfChQhMmdBuZmBA,38WbKH6oKAZskBhqDFA8Uj,ZUTOMAYO,袖のキルト,33,0,59,60791,1305553
1QPV3QoWw3rRKPeYoX8kO8,2Mo2yHjmrDRZW7yRuJwR2w,YEONJUN,GGUM,24,0,100,67167,1303176
7COXchtUOMd6uIT6HvmRaI,5JZ7CnR6gTvEMKX4g70Amv,Lauv,i'm so tired...,117,0,54,14931,1302337
1FrbEz9LW27XebmnN3k7wa,4DDoAL8n6ob19r3jOZEbJI,Kana Nishino,GO FOR IT !!,24,0,134,63199,1300947
6gLIdsq5niNohbCT3LFT1Z,7kOrrFIBIBc8uCu2zbxbLv,yama,一寸の赤,47,0,117,34859,1299230
7fFwkEjPSEapRqQRSOH8uL,6OgsusVzVrkzCvbXpv6GWh,Furui Riho,LOA,28,0,154,52910,1295078
3SS77BL8QoIWyoK0u7pDGQ,4dEHIhldHT2U8CMQ6nNgDT,LANA,Like a Flower,23,0,132,61416,1293530
2rb5MvYT7ZIxbKW5hfcHx8,1vyhD5VmyZ7KMfW5gqLgo5,J Balvin,Mi Gente,197,0,11,10750,1291301
6oIirxkhB9RcpKvSF9ZxYh,4XFkDALFTsSHVnRtJSsaMN,Number_i,Bye 24/7,21,0,59,107656,1290587
1BjNUu608nOEvEtMETFnlB,7LTiBdByoaUd329wCpmMcM,MAISONdes,Cheers,40,0,124,36180,1290349
3Ni2arQUKlivlxbp30x9KO,1luOe8HkZQ7zwuaO2wuJqI,[Alexandros],あまりにも素敵な夜だから,78,0,61,23528,1289760
6mm6cSYXSSIChoblz9Fjwn,6POfB0fHdzXFLWL3RHxLv8,Creep Hyp,HE IS MINE,26,0,145,59940,1287575
0zNo6vxprHTeiFXNTo65ga,7nqOGRxlXj7N2JYbgNEjYH,SEVENTEEN,ひとりじゃない,38,0,73,48164,1287367
7FIWs0pqAYbP91WWM0vlTQ,7dGJo4pcD2V6oG8kP0tJRR,Eminem,Godzilla,69,0,81,23815,1285854
1i6F01jxN0Qy7xFk3EldRO,5kVZa4lFUmAQlBogl1fkd6,Aimyon,プレゼント,110,0,36,20219,1285725
3horUXBBgEyTEAxfeT9c0P,0LOK81e9H5lr61HlGGHqwA,XG,TGIF,25,0,64,65874,1282922
4aWmUDTfIPGksMNLV2rQP2,4V8Sr092TqfHkfAA5fXXqG,Luis Fonsi,Despacito (Featuring Daddy Yankee),276,0,13,9299,1277396
7dq1MjHwPom4LI0eqQimMw,0ySFZq3Wd0SQUyJUzmJAeb,sumika,Sense of wonder,74,0,129,19664,1275037
4kV4N9D1iKVxx1KLvtTpjS,66CXWjxzNUsdJxJ2JdwvnR,Ariana Grande,"break up with your girlfriend, i'm bored",86,0,12,25095,1274198
2ALfxGK9zPIkTvJbCjkSeI,4TaSvnT5o4REFwhqfrmK27,imase,ユートピア,28,0,129,48597,1269827
526NsA2BI2b10l05a13VWm,5kVZa4lFUmAQlBogl1fkd6,Aimyon,夢追いベンガル,114,0,46,18341,1265348
6vBdBCoOhKHiYDDOcorfNo,246dkjvS1zLTtiykXe5h60,Post Malone,Goodbyes (Feat. Young Thug),77,0,51,20498,1265203
7dt6x5M1jzdTEt8oCbisTK,246dkjvS1zLTtiykXe5h60,Post Malone,Better Now,167,0,32,13583,1264803
13EtMetztrji5zrka6Uzd3,58oPVy7oihAEXE0Ott6JOf,Eve,Bubble,39,0,116,38081,1264671
2He9deEfdXYWxnTUi0oOb0,4SJ7qRgJYNXB9Yttzs4aSa,Ryokuoushoku Shakai,ずっとずっとずっと,43,0,112,36480,1264223
3jxFmvoG55Cwv0JJBzRPce,6RHTUrRF63xao58xh9FXYJ,IVE,Either Way,26,0,124,55355,1255234
322tcqPhma7F6hfCeLisx0,5JZ7CnR6gTvEMKX4g70Amv,Lauv,"fuck, i'm lonely",79,0,71,19510,1253746
23NPPhiLqHywaExkaEey8l,6rs1KAoQnFalSqSU4LTh8g,back number,わたがし,24,0,163,60143,1250896
3uyiyeKrVPjbMdFGe9sGas,6mEQK9m2krja6X1cfsAjfl,Ado,unravel,24,0,103,63141,1250814
3lbZM8EtM1dnZDunARwI1N,2vjeuQwzSP5ErC1S41gONX,CHANMINA,TOKYO 4AM,33,0,92,47443,1250622
6TsRIgK1wGPQDy5dsv36AF,3cbd5GWGOknxmFAe77MDbk,ELLEGARDEN,Strawberry Margarita,32,0,113,49516,1250105
55Za7bZ9ukyFsnA2I7cR0b,1mN9lPKzTRTOop4u7S1Uy9,iri,Sparkle,72,0,99,22042,1248707
0eCbjvFWvMXzpdMwDKnUpv,4595ewOM0MqP7rWYdgBxvA,to HEROes,Be on Your side,24,0,108,64321,1246781
2jEUxOWvbiR5VmiS8ZnE59,4XFkDALFTsSHVnRtJSsaMN,Number_i,Recipe,20,0,54,112099,1244587
1HUd7YQlXVvpMHKnpVyqLF,0O0hxUrO2PKxZknken3R24,Suchmos,808,151,0,12,16452,1241712
31wFi94buu7x6KeWFobOaW,1snhtMLeb2DYoMOcVbb8iB,Kenshi Yonezu,Haiirotoao,42,0,53,77239,1240181
7yHEDfrJNd0zWOfXwydNH0,66CXWjxzNUsdJxJ2JdwvnR,Ariana Grande,Into You,462,0,20,8366,1233177
2pLINOdB1UVzBrgKMLpE4D,6whFEcaV75AmQMiwlfaxvc,QUEEN BEE,回春,25,0,76,58476,1233029
3ajXAg7HBTYXylCWh9PSkT,4XFkDALFTsSHVnRtJSsaMN,Number_i,ATAMI,17,0,47,122421,1230859
3Ro8jrbsWu0VSk1odLLYuo,7i9bNUSGORP5MIgrii3cJc,B'z,いつかのメリークリスマス,22,0,56,110729,1230511
7vVfV8GJ9vdzDnzWCWmIBp,4DDoAL8n6ob19r3jOZEbJI,Kana Nishino,トリセツ,22,0,131,64765,1230476
5lrWzVarOIEauzOloHRCDj,2iE1VTEN54FE9j7rIxbBHR,B小町,POP IN 2,24,0,153,55521,1229229
13hvHEstJ4sNbzdroPrPI3,6M2wZ9GZgrQXHCFfjv46we,Dua Lipa,Kiss and Make Up,116,8,6,22350,1225087
0ijT1F143SdGb45SQB3rHk,2ZjWbNQAjL74Pf4aqikIz2,Shota Shimizu,Milk Tea,282,0,51,7543,1223907
5tbjzfU2ATpTT16qR30bKa,6WmXWHmfBMhupyIs8MSqtu,natori,メロドラマ,22,0,100,65708,1223112
43ay9lQZ5rfNcOOHhRF2cM,5F1aoppMtU3OMiltO8ymJ2,Hugh Jackman,The Greatest Show,131,2,9,17039,1221094
5vpSUCiUlEqAQpFLYr16t6,1qma7XhwZotCAucL7NHVLY,Mr.Children,Birthday,61,0,63,26524,1220930
5PfEiDJQNLsk0XCZ0GH1FJ,1luOe8HkZQ7zwuaO2wuJqI,[Alexandros],無心拍数 - アオアシ ver.,35,0,87,46210,1220510
7FG7G92RL32cRIQ6iTnjMi,6wxfx1yhyqjCPYwwxJktR2,King Gnu,Opening Ceremony,51,0,22,68437,1217109
7xWKGIFGLxBJAyGSus7BOJ,6bDWAcdtVR3WHz2xtiIPUi,Fujii Kaze,It Ain't Over,16,0,54,113858,1214528
5yZCsL6wNFtUNAomeWTQJZ,4UK2Lzi6fBfUi9rpDt6cik,Yorushika,老人と海,37,0,77,45462,1214037
6MWtB6iiXyIwun0YzU6DFP,246dkjvS1zLTtiykXe5h60,Post Malone,Wow.,114,0,48,14178,1212410
1OAh8uOEOvTDqkKFsKksCi,0QHgL1lAIqAw0HtD7YldmP,DJ Khaled,Wild Thoughts,145,43,6,12309,1211366
0rhI6gvOeCKA502RdJAbfs,0ghlgldX5Dd6720Q3qFyQB,TOMORROW X TOGETHER,Sugar Rush Ride,25,0,73,65218,1207456
7fKNMj9sbDFmq8iWWqvvuz,4XFkDALFTsSHVnRtJSsaMN,Number_i,LOOP,19,0,58,105185,1206906
4WWlxCFO5M0gva6GYgFGHs,5kVZa4lFUmAQlBogl1fkd6,Aimyon,GOOD NIGHT BABY,122,0,57,14941,1205375
1LJZ9LrNrBGQJ2VXFY6pQG,7lbSsjYACZHn1MSDXPxNF2,Hikaru Utada,Wait & See ~リスク~,201,0,53,8536,1204148
4qs3qswB84E0VPmM4tsTws,0bAsR2unSRpn6BQPEnNlZm,Aimer,Deep down,27,0,99,52238,1203112
5UnRutJ5phJ9Ti4WnFgEoJ,7n2Ycct7Beij7Dj7meI4X0,TWICE,CHEER UP - Japanese ver.,263,0,49,6090,1193423
46FGVzlUEtTYfSYamzBKTB,3w6COh5nodshWjNOC2ZWqY,Haruma Miura,Fight for your heart,46,0,72,37502,1192445
6PXk100Wk2eFS94uoS0Umj,5Vo1hnCRmCM6M4thZCInCj,OFFICIAL HIGE DANDISM,恋の前ならえ,87,0,113,18482,1190998
22pvB1aTKGV0YWSPnOEW1C,1EowJ1WwkMzkCkRomFhui7,RADWIMPS,ワールドエンドガールフレンド,20,0,119,67479,1190900
6lJ31xE2jGeRqapTygwRGm,6WmXWHmfBMhupyIs8MSqtu,natori,金木犀,28,0,147,45416,1190581
4nK5YrxbMGZstTLbvj6Gxw,0Cp8WN4V8Tu4QJQwCN5Md4,BENEE,Supalonely,62,0,120,21860,1186431
2k84FgJC2Qbj8lRf0lp1Qn,4FyAgiZa3q0eeljDvcOXFh,Ketsumeishi,はじまりの予感,248,0,40,8202,1186330
7CAdT0HdiQNlt1C7xk2hep,6HaGTQPmzraVmaVxvz6EUc,Jung Kook,Stay Alive (Prod. SUGA of BTS),28,0,51,85980,1185994
6s4uvmB52SPgoY6jGxGhWu,7JthQ6zwNzfxRfIEjp6wUs,HIRAIDAI,タカラモノ,30,0,74,50349,1184493
0h7QMc9ZRzA9QJrbEHytn2,5vV3bFXnN6D6N3Nj4xRvaV,Jin,The Astronaut,22,0,56,72318,1183091
2CXVVWFqthDQ4GEEc8tUPJ,2koP6FEfIEVk4l2Fe6jFhu,JO1,NEWSmile,25,0,105,56795,1180299
02qDk0sngobDvg3LUdt9Y0,2AwGvrbcvOSx5HDwc4OQE3,SALU,"GOOD VIBES ONLY feat. JP THE WAVY, EXILE SHOKICHI",53,0,169,25174,1180245
52G3NGUareSbVOKplhjTeF,2DesRdo7rppo0VC8cR3vsf,Tele,ロックスター,31,0,140,46435,1176202
6megNXGjmim4OitjZnIn9v,1snhtMLeb2DYoMOcVbb8iB,Kenshi Yonezu,春雷,22,0,172,57565,1176065
2oBMZYteeO8DyXV9gDx6Za,1z4g3DjTBBZKhvAroFlhOM,Red Velvet,Feel My Rhythm,33,0,75,47981,1175341
3a1lNhkSLSkpJE4MSHpDu9,246dkjvS1zLTtiykXe5h60,Post Malone,Congratulations,320,0,44,5727,1175058
4R2qlh7QftdrGi8Ruj449F,45ft4DyTCEJfQwTBHXpdhM,milet,Inside You,60,0,129,25606,1171432
6PO0WbqvZBKDymumSgst7J,4XFkDALFTsSHVnRtJSsaMN,Number_i,KC Vibes,19,0,56,108452,1169250
0JdhwZEjrq4afFtt0yDruZ,7HwzlRPa9Ad0I8rK0FPzzK,SEKAI NO OWARI,tears,39,0,93,41333,1163565
0aoUM0zcu0kCX7Cv7O939I,6eUKZXaKkcviH0Ku9w2n3V,Ed Sheeran,Merry Christmas,19,0,39,133326,1163178
7FDgraktDTcuA8uc8ixBM6,4L9VSeE7K3BTBndqEL9A6q,Nissy,Stormy,23,0,149,56658,1160650
3IzKR3VsEZ7aWXhGAapMyO,38WbKH6oKAZskBhqDFA8Uj,ZUTOMAYO,暗く黒く,46,0,107,33807,1158360
6HyPxNFn7WcIIGVIPejiB1,4UK2Lzi6fBfUi9rpDt6cik,Yorushika,月光浴,22,0,81,66931,1152852
0lLdorYw7lVrJydTINhWdI,1GxkXlMwML1oSg5eLPiAz3,Michael Bublé,It's Beginning to Look a Lot Like Christmas,70,0,19,101895,1144859
3JstVDAZKy4O8SZ5yoXdQr,7n2Ycct7Beij7Dj7meI4X0,TWICE,DIVE,20,0,110,66866,1143741
4cDm9C5jhBiIyYxVhQmMwB,0blbVefuxOGltDBa00dspv,LiSA,往け,37,0,101,37372,1141305
3aGxJVQyFKytaPrMWr7mNh,2N19kPGlqKY8GiyE4DkAtp,Little Glee Monster,Gyutto,163,0,88,12589,1140920
7LEydI5NfjY6mZfKwYIptZ,1l8Fu6IkuTP0U5QetQJ5Xt,Fifth Harmony,Down,248,0,32,7748,1137108
6nsLzJfvp5OLd4mgqUJkpq,1vCWHaC5f2uS3yhpwWbIA6,Avicii,Waiting For Love,153,5,1,49809,1136897
0CMFJXFDYUs9idk51LRPz1,5M8AXrOifBT8elkLKbGPQZ,Superfly,フレア,74,0,141,18154,1135956
4oaQZLunFjVPbN830b0yfg,0UuiWPm9FpWvRuWNrXO98N,Snow Man,One,18,0,37,153042,1135219
3VT8hOC5vuDXBsHrR53WFh,1uU7g3DNSbsu0QjSEqZtEd,Masked Wolf,Astronaut In The Ocean,45,0,166,27468,1134209
40jVj558cVitsa0GKnFKR0,7lbSsjYACZHn1MSDXPxNF2,Hikaru Utada,Can You Keep A Secret?,137,0,93,51895,1130756
534CTO8v2KnPNSMJ0jI3W3,6GVsZoMbMt0jmqwcvz1a1F,汐れいら,センチメンタル・キス - Acoustic ver.,34,0,86,45136,1129772
6HU7h9RYOaPRFeh0R3UeAr,1McMsnEElThX1knmY4oliG,Olivia Rodrigo,deja vu,42,0,136,31451,1129176
2j1r3ubqqxuoTFaPVnTV1j,2SIBY7Jwq1kYng12Zguo3C,ReoNa,ANIMA,43,0,100,33163,1127719
2vQhYhGSBBamRhhJeWprr1,6bDWAcdtVR3WHz2xtiIPUi,Fujii Kaze,You,15,0,60,101806,1127655
30CenAPBR2VmH91r4Um32b,7k73EtZwoPs516ZxE72KsO,ONE OK ROCK,Clock Strikes,348,0,59,8984,1125303
5CLGzJsGqhCEECcpnFQA8x,4WN5naL3ofxrVBgFpguzKo,Rudimental,These Days,152,0,53,9712,1122301
1YfXeoQ39zL9IWHOTrL8bg,38WbKH6oKAZskBhqDFA8Uj,ZUTOMAYO,海馬成長痛,21,0,69,70936,1120855
7MXVkk9YMctZqd1Srtv4MB,1Xyo4u8uXC1ZmMpatF05PJ,The Weeknd,Starboy,222,92,2,8836,1119159
3yNZ5r3LKfdmjoS3gkhUCT,6qqNVTkY8uBg9cP3Jd7DAH,Billie Eilish,bad guy,58,0,31,29385,1117809
6mrKP2jyIQmM0rw6fQryjr,6fOMl44jA4Sp5b9PpYCkzz,NF,Let You Down,172,0,50,9386,1115921
7ajqy7gdf4JzyZIJr21uUg,3z8diLlUCkN1j9N9ZdnfBJ,NiziU,Joyful,38,0,88,41374,1114131
5qTwnr6WbWeeUDS9dcl5g6,7JthQ6zwNzfxRfIEjp6wUs,HIRAIDAI,THE GIFT,101,0,79,19065,1113819
0PG9fbaaHFHfre2gUVo7AN,4kYSro6naA4h99UJvo89HB,Cardi B,Please Me,80,0,27,21489,1111910
5OCJzvD7sykQEKHH7qAC3C,66CXWjxzNUsdJxJ2JdwvnR,Ariana Grande,God is a woman,108,0,13,17110,1110277
6CU3VvoeQgkg4Wb1vS0zj7,2vjeuQwzSP5ErC1S41gONX,CHANMINA,Chocolate,142,0,17,11989,1108092
2sKWWJ5ee3EnKBztzxPpMH,7n2Ycct7Beij7Dj7meI4X0,TWICE,Fake & True,64,0,63,23292,1104829
1dGr1c8CrMLDpV6mPbImSI,06HL4z0CvFAxyc27GXpf02,Taylor Swift,Lover,57,0,17,49998,1103627
4OafepJy2teCjYJbvFE60J,66CXWjxzNUsdJxJ2JdwvnR,Ariana Grande,breathin,127,0,11,16815,1103058
7hxHWCCAIIxFLCzvDgnQHX,6MPCFvOQv5cIGfw3jODMF0,Internet Money,Lemonade,45,0,133,27203,1098867
7JATH77DeeEJL69Au9osjM,6mEQK9m2krja6X1cfsAjfl,Ado,I’m a Controversy,18,0,61,71553,1097428
4wBFubvNAwVox8q4SYXHqU,14T8NkbwXVZgbOvwnuGV89,GReeeeN,遥か,21,0,123,62262,1092925
2PZS5XF9VJHgEgR8J9jLyR,7lbSsjYACZHn1MSDXPxNF2,Hikaru Utada,Anata,118,0,83,18049,1090136
1diS6nkxMQc3wwC4G1j0bh,6M2wZ9GZgrQXHCFfjv46we,Dua Lipa,We're Good,42,0,119,31406,1089879
6V9fHiv84WlVTg7CSnIVY2,26VFTg2z8YR0cCuwLzESi2,Halsey,Graveyard,72,0,86,19077,1089493
47ykT7pfFgvjCpk0c2MxBI,5kVZa4lFUmAQlBogl1fkd6,Aimyon,二人だけの国,88,0,31,21506,1087876
2N3c4wGis6MNjshZ8X6o4s,5kVZa4lFUmAQlBogl1fkd6,Aimyon,朝陽,33,0,59,47172,1085706
3ebXMykcMXOcLeJ9xZ17XH,60d24wfXkVzDSfLS6hyCjZ,Martin Garrix,Scared to Be Lonely,210,15,7,8292,1085464
0Jor9YHb8VKmMpboe7ZdUF,4wCW8kZ8LL7QIdcE8EOKPP,BE:FIRST,誰よりも,19,0,80,71713,1084115
6eS0ZKrSBScOPE74eOLGQC,6n4SsAp5VjvIBg3s9QCcPX,SUDA MASAKI,ユアーズ,25,0,137,51898,1083904
4SSnFejRGlZikf02HLewEF,6qqNVTkY8uBg9cP3Jd7DAH,Billie Eilish,bury a friend,107,0,47,19505,1083586
3xlrgvHcsv1oF8JEdbyQbr,2XjqKvB2Xz9IdyjWPIHaXi,Sheena Ringo,初ＫＯ勝ち,18,0,100,65961,1083043
007tbArpeenE3cbJU5I3PL,4UK2Lzi6fBfUi9rpDt6cik,Yorushika,ブレーメン,28,0,82,47503,1079407
3t5I7uoAOyRtzkAVaHgmfL,1XYuC1vxinTjHCNd5clB8C,ARASHI,A-RA-SHI:Reborn,51,0,20,50291,1075352
3mkRGh8v7AOH31yQ38SVdt,5dWE3G7COO82G6vRy2Hpum,須田景凪,ダーリン,26,0,145,43894,1070305
6zeeWid2sgw4lap2jV61PZ,6LuN9FCkKOj5PcnpouEgny,Khalid,Better,126,0,52,11230,1066270
4E88SLBhlKjBh2cpIHrYso,5kVZa4lFUmAQlBogl1fkd6,Aimyon,マトリョーシカ,125,0,70,12519,1063694
0fkL0fOhEzRK8WFe2ixt2d,2dIgFjalVxs4ThymZ67YCE,Stray Kids,Social Path,23,0,83,60304,1063181
2CzFckH57NqbC4n0VZDLLB,6mEQK9m2krja6X1cfsAjfl,Ado,アタシは問題作,23,0,88,57562,1063168
20I6sIOMTCkB6w7ryavxtO,6sFIWsNpZYqfjUpaCgueju,Carly Rae Jepsen,Call Me Maybe,326,0,101,46010,1062672
0M7rTSchHlSDzbwjA7s9eu,4SJ7qRgJYNXB9Yttzs4aSa,Ryokuoushoku Shakai,ナイスアイディア！,20,0,115,58961,1061744
1i1fxkWeaMmKEB4T7zqbzK,69GGBxA162lTqCwzJG5jLp,The Chainsmokers,Don't Let Me Down,370,0,13,5645,1059300
20VGCJzkwHCgchhy5JwKq1,1qma7XhwZotCAucL7NHVLY,Mr.Children,シーソーゲーム~勇敢な恋の歌~,144,0,12,17196,1057644
3Jecy9h7h2n0eHOWYLEuLJ,7n2Ycct7Beij7Dj7meI4X0,TWICE,Wake Me Up,139,0,26,14304,1056405
6jA8HL9i4QGzsj6fjoxp8Y,60d24wfXkVzDSfLS6hyCjZ,Martin Garrix,There for You,163,0,11,9689,1051835
0pqnGHJpmpxLKifKRmU6WP,53XhwfbYqKCa1cC15pYq2q,Imagine Dragons,Believer,258,0,25,7328,1049758
1ofAXq6xfHjn6ZUxdsY3YW,2nvl0N9GwyX69RRBMEZ4OD,kessoku band,カラカラ,27,0,148,44745,1048907
6CbKdffAPlgLV4nqvQceNT,7k73EtZwoPs516ZxE72KsO,ONE OK ROCK,Eye Of The Storm,89,3,7,33346,1047659
2LwjA3u1bTgnhfbR4MsPxw,2ZjWbNQAjL74Pf4aqikIz2,Shota Shimizu,Because of You,234,0,53,6825,1045852
1vAxW4D0wwfLaf12bkqlvB,1snhtMLeb2DYoMOcVbb8iB,Kenshi Yonezu,Orion,24,0,41,92231,1044866
66orj0qtDgnU6DlmllAxbq,7nqOGRxlXj7N2JYbgNEjYH,SEVENTEEN,Left & Right,43,0,69,33054,1044245
7nDdxPUC5LbxmspeqkOzt8,3iri9nBFs9e4wN7PLIetAw,gnash,imagine if,40,0,150,28901,1043322
2Acqq0yvYig5pdKmqKiV8k,6le80R1opKnTlP4o3KvA2k,Uru,あなたがいることで,37,0,52,37838,1041833
22e9NP0TRCFhOGsgBnl6Ua,08lN7bm4Etec8ETFxaTUmq,Nogizaka46,おひとりさま天国,22,0,56,84665,1040069
44hqFxUWsADWewEJELnncj,5t5FqBwTcgKTaWmfEbwQY9,ENHYPEN,No Doubt,17,0,78,79206,1039837
167NczpNbRF7oWakJaY3Hh,1Hsdzj7Dlq2I7tHP7501T4,Niall Horan,Slow Hands,213,0,23,7708,1039486
3SvfMMAkNKJWwvTPQEvAto,5Vo1hnCRmCM6M4thZCInCj,OFFICIAL HIGE DANDISM,LADY,80,0,146,17425,1038558
6QgjcU0zLnzq5OrUoSZ3OK,4kI8Ie27vjvonwaB2ePh8T,Portugal. The Man,Feel It Still,182,0,39,9428,1037709
4HxP6JOfuxnJUZY21zo4hF,1AyWsgtaIgXbzjJlTx2ZDp,AAA,DEJAVU,110,0,16,17510,1037583
7iAgNZdotu40NwtoIWJHFe,41MozSoPIsD1dJM0CLPjZF,BLACKPINK,Bet You Wanna,29,0,59,54351,1035270
76nqCfJOcFFWBJN32PAksn,4npEfmQ6YuiwW1GpUmaq3F,Ava Max,Kings & Queens,50,0,140,25492,1034708
10oI3g6tvqOu73Z1LY044G,6TDMbiQCWeMClsMr9ORLRK,aiko,青空,48,0,53,40471,1034421
7GSJHIDpqukoyqdK0Kv9LO,0JROVv4P85ZVPFbaJIqAty,Kiro Akiyama,Monologue,58,0,118,20592,1033573
6TWPTr6DdDpjkf9wYkHz8v,1XYuC1vxinTjHCNd5clB8C,ARASHI,Truth,50,0,27,44195,1033522
7dhfRM5zkUWFsC8gD2rsh6,0pWR7TsFhvSCnbmHDjWgrE,Creepy Nuts,パッと咲いて散って灰に,31,0,91,41981,1033040
7Feaw9WAEREY0DUOSXJLOM,60d24wfXkVzDSfLS6hyCjZ,Martin Garrix,Summer Days,86,0,66,15626,1031821
1wcr8DjnN59Awev8nnKpQ4,5t5FqBwTcgKTaWmfEbwQY9,ENHYPEN,Drunk-Dazed,36,0,129,35670,1031056
3e9PBNxsJtjf7U2S2YEux5,7HwzlRPa9Ad0I8rK0FPzzK,SEKAI NO OWARI,Illumination,99,0,14,31130,1027253
0e8nrvls4Qqv5Rfa2UhqmO,7jVv8c5Fj3E9VhNjxT4snq,Lil Nas X,THATS WHAT I WANT,34,0,96,40012,1024275
5qqWTGgelCt5gqAfvkj6gG,1g51NlHKUXlgfvGP22m0uD,J SOUL BROTHERS III,Rat-tat-tat,47,0,52,24984,1023702
4keoy2fqgwGnbWlm3ZVZFa,2qxJFvFYMEDqd7ui6kSAcq,Zedd,Happy Now,111,0,21,13616,1022933
4hQ5tBCwPRkzhFB424U63U,1S2S00lgLYLGHWA44qGEUs,Gen Hoshino,Pop Virus,58,0,16,37496,1021653
0Zbbxnx4SGGHoIow4PpISP,23fqKkggKUBHNkbKtXEls4,Kygo,Stargazing,141,0,29,10870,1018165
3c17D6let3Z5PKNatNLBnM,6wxfx1yhyqjCPYwwxJktR2,King Gnu,Closing Ceremony,46,0,36,54611,1015840
3RkSwrsIadAvqVtMp5yhaB,5t5FqBwTcgKTaWmfEbwQY9,ENHYPEN,XO (Only If You Say Yes),18,0,99,67448,1015481
2ThP4ATmcbHXFbSjg5eHoT,2HUc3XMRhQi0UBcSGGa0mH,Anatsume,東京の冬,38,0,115,31880,1013503
3JT0OG84nHM2wjomQRwgiR,2VcWFvgGxVdma52qB5DSDw,AKASAKI,爆速論理ness,19,0,141,57166,1011730
2Gl0FzuLxflY6nPifJp5Dr,23fqKkggKUBHNkbKtXEls4,Kygo,First Time,207,0,11,9875,1008514
0u8rZGtXJrLtiSe34FPjGG,1oSPZhvZMIrWW5I41kPkkY,Jimin,Like Crazy (English Version),22,0,51,91857,1006319
2pD1Smkp93TSJy3nwsv6gn,1vJQ33eLhZQw9PHiHoA8ZJ,KEPURA,これからのこと,35,0,147,34863,1005527
7Fuv1ELyHOYkRbPvRpN4vo,73kxDUq2Hl7Upy4o0yFxXv,INI,Rocketeer,31,0,81,46240,1003763
1IthE5GNiRzFN5CVaCa445,3Nrfpe0tUJi4K4DXYWgMUX,BTS,Born Singer,21,0,55,78107,1003546
71BFBz7Yc1Hq4MPXdn9ivo,7lbSsjYACZHn1MSDXPxNF2,Hikaru Utada,Mine or Yours,16,0,53,98894,1003530
5krBK1TJTetrfDGzVcyq6f,4WqXqPmUuenMIr4QaFrZXN,Saucy Dog,怪物たちよ,21,0,74,61209,1001432
5viFjDGTnrApmUY5c8qkfw,0C8kbAJOGo7CHx8jDTyTfR,Mena Massoud,A Whole New World,58,0,42,27209,999848
0vrmHPfoBadXVr2n0m1aqZ,1vCWHaC5f2uS3yhpwWbIA6,Avicii,Heaven,53,0,11,33817,999696
1sPu1euMR0UlTMFFWHh4wB,4UK2Lzi6fBfUi9rpDt6cik,Yorushika,夜行,56,0,108,22954,999410
3R7A7GF0YC3BlYyPoIMiR4,7fD1pCIsnPsUt6mHizHGnt,CHIAKI SATO,線香花火,22,0,115,54194,998422
02q0ZnV2L4XByzEvWZJqBC,3Nrfpe0tUJi4K4DXYWgMUX,BTS,Spring Day,73,0,97,42081,996829
3o3bRIOKDwGOdqL9HBUNrO,28ot3wh4oNmoFOdVajibBl,NMIXX,Love Me Like This,22,0,103,55843,994664
3xf3Ji3kDHH62sYK662mwS,6KQWWzFLPQbqomJrieHAW5,Tokyo Incidents,赤の同盟,40,0,97,33962,993003
26wLOs3ZuHJa2Ihhx6QIE6,5Rl15oVamLq7FbSb0NNBNy,5 Seconds of Summer,Teeth,75,0,93,18219,992785
27JQxefJsCVa6xTbEFBVXG,4wCW8kZ8LL7QIdcE8EOKPP,BE:FIRST,Hush-Hush,13,0,60,93596,991039
0fFPF89LHrD2ziMbeLSxXy,4UK2Lzi6fBfUi9rpDt6cik,Yorushika,心に穴が空いた,80,0,99,15160,988636
6KUE0HSSudAp9AOycaF6SH,3Nrfpe0tUJi4K4DXYWgMUX,BTS,Make It Right,72,4,8,34931,985405
3NkJNL3WqO1Lqc3uNDxvCN,66CXWjxzNUsdJxJ2JdwvnR,Ariana Grande,Don’t Call Me Angel (Charlie’s Angels),49,0,51,28057,984671
2ovMFHvl5jWOZdhd9hL7uf,2dIgFjalVxs4ThymZ67YCE,Stray Kids,THE SOUND,23,0,101,49934,983353
6pllZAdgBf4QTcFUrF3DzL,1S2S00lgLYLGHWA44qGEUs,Gen Hoshino,喜劇,8,0,11,148232,982242
1sCxVKWImDZSZKvG0U9B23,0C8ZW7ezQVs4URX5aX7Kqx,Selena Gomez,Bad Liar,159,9,6,11854,980448
2bnUATKYS3JykGpZjjlbXV,7n2Ycct7Beij7Dj7meI4X0,TWICE,Like OOH-AHH - Japanese ver.,238,0,60,5750,978705
5GVb3tUNjK3xirJfVi8p6v,0hCWVMGGQnRVfDgmhwLIxq,sakanaction,月の椀,26,0,63,58317,975998
58q2HKrzhC3ozto2nDdN4z,4kYSro6naA4h99UJvo89HB,Cardi B,I Like It,148,0,64,8828,975143
4vwgmckZIomF2jVK066hUy,1EowJ1WwkMzkCkRomFhui7,RADWIMPS,会心の一撃,168,0,75,73575,974877
32OlwWuMpZ6b0aN2RZOeMS,3hv9jJF3adDNsBSIQDqcjp,Mark Ronson,Uptown Funk,398,0,58,33990,973426
2mUJj7zCnQYzM9vz3sIXAP,5kVZa4lFUmAQlBogl1fkd6,Aimyon,あのね,21,0,139,50138,973404
6fRSNMNGMHo1DhNFCeDoZt,1ZFfhzyXjPvbzSYPlCIwo3,timelesz,人生遊戯,15,0,53,113803,970251
38kfx7lgJFHFxJMAvMMkRy,45ft4DyTCEJfQwTBHXpdhM,milet,Always You,31,0,136,35143,967481
0dnkOK5hGUCmIJ7FDF0yHz,7zYj9S9SdIunYCfSm7vzAR,JEON SOMI,DUMB DUMB,36,0,152,29234,967097
2zfp0uBgIDwdNZyK1aRyy6,2UmhByzSum8X2lQZ7pWvWp,RIRI,HONEY,94,0,21,16781,964613
2kJu14V7hbZw3I4K8L8SXb,1HY2Jd0NmPuamShAr6KMms,Lady Gaga,Stupid Love,47,0,64,27178,964430
6cx06DFPPHchuUAcTxznu9,6DgP9otnZw5z6daOntINxp,Joel Corry,Head & Heart,44,0,166,24152,964410
1A3x1gGA0CrYEizjjyyFGd,7HwzlRPa9Ad0I8rK0FPzzK,SEKAI NO OWARI,虹色の戦争,28,0,123,40407,963990
6u7jPi22kF8CTQ3rb9DHE7,7jVv8c5Fj3E9VhNjxT4snq,Lil Nas X,Old Town Road - Remix,90,0,58,15146,960539
1Jih1yW1AfhKeYmlGkkj78,04abdnqPQe2N4fjztDea6z,Austin Mahone,Dirty Work,291,0,22,6601,959834
23L5CiUhw2jV1OIMwthR3S,60d24wfXkVzDSfLS6hyCjZ,Martin Garrix,In the Name of Love,293,31,8,7345,959682
6oJ6le65B3SEqPwMRNXWjY,23fqKkggKUBHNkbKtXEls4,Kygo,Higher Love,81,0,67,16957,952089
3w5zhSbdLu7UeASMye2Pd4,0mkwliKa9Bf7kdXMV1iuMp,ZOOKARADERU,夢の恋人,41,0,150,27443,951579
45Egmo7icyopuzJN0oMEdk,6LuN9FCkKOj5PcnpouEgny,Khalid,Love Lies,123,0,51,9878,951298
3W4yKXVQ2BPWUZT8gsCf7W,5kjGRHClVacSyllOUqU1S0,SPITZ,大好物,27,0,79,45031,948737
6HUnnBwYZqcED1eQztxMBN,4ehtJnVumNf6xzSCDk8aLB,Martin Jensen,Solo Dance,254,0,15,6675,947289
2iW0q5jJJT5HKlIs25AAgv,7nqOGRxlXj7N2JYbgNEjYH,SEVENTEEN,HOME;RUN,32,0,78,37650,942395
04EuDx4WKmkN9NyZ6kk5lj,1HzcHe0WFm4koBalCEOkVh,SIRUP,Do Well,92,0,56,13576,941805
7sMBvZCSUl99bJLXZaLa0b,0du5cEVh5yTK9QJze8zA0C,Bruno Mars,Smokin Out The Window,26,0,77,45298,937299
3eekarcy7kvN4yt5ZFzltW,0Y5tJX1MQlPlqiwlOH1tJY,Travis Scott,HIGHEST IN THE ROOM,62,0,76,19938,936972
1j8jqwFpFQ8YqsIJAiYFLZ,2AfmfGFbe0A0WsTYm0SDTx,i-dle,Wife,18,0,97,61329,934539
1lCRw5FEZ1gPDNPzy1K4zW,1dfeR4HaWDbWqFHLkxsg1d,Queen,We Are The Champions - Remastered 2011,103,0,58,11916,932458
1r1BKnCK7XTcYmRciPYtKB,2nyUb9foGvK7AlESn5DCte,Hanare Gumi,そっけない,8,0,34,168153,931673
7FaArVLHS3aEqfhAishhk7,7JthQ6zwNzfxRfIEjp6wUs,HIRAIDAI,Greatest Journey,30,0,135,33710,929285
5v4GgrXPMghOnBBLmveLac,181bsRPaVXVlUKXrxwZfHK,Megan Thee Stallion,Savage Remix,49,0,112,22121,928735
3I7nntPbM5cFnq08f9PCxM,38WbKH6oKAZskBhqDFA8Uj,ZUTOMAYO,クリームで会いにいけますか,16,0,58,93166,928201
5XGhwqu1TB391if1pD4lje,2IUl3m1H1EQ7QfNbNWvgru,Vaundy,カーニバル,18,0,130,59356,927895
2EdLAaW8vO49B8QySpf2fC,4dEHIhldHT2U8CMQ6nNgDT,LANA,For bbys,19,0,157,54684,926430
0aXrPDQKpsGlZKVzEnurSK,7k73EtZwoPs516ZxE72KsO,ONE OK ROCK,Tropical Therapy,16,0,83,72960,925306
5N5k9nd479b1xpDZ4usjrg,7CajNmpbOovFoOoasH2HaY,Calvin Harris,Promises,99,0,38,13297,925035
6XfTow9VT9OhotJDnXjEkT,6jIhEiXcCAyBsuEI7qZ9vc,Ken Hirai,#302,60,0,104,19368,924408
3swc6WTsr7rl9DqQKQA55C,246dkjvS1zLTtiykXe5h60,Post Malone,Psycho,132,0,52,10526,924311
1bhUWB0zJMIKr9yVPrkEuI,6eUKZXaKkcviH0Ku9w2n3V,Ed Sheeran,Perfect Duet (Ed Sheeran & Beyoncé),110,6,5,16994,923610
3nqQXoyQOWXiESFLlDF1hG,2wY79sveU1sp5g7SokKOiI,Sam Smith,Unholy,25,0,115,49352,922027
0kHyKhJMukHEPfeh8s7rdM,23fqKkggKUBHNkbKtXEls4,Kygo,Born To Be Yours,89,0,24,14269,920963
1eB1JymprhH8QTLA8m1AsB,2dIgFjalVxs4ThymZ67YCE,Stray Kids,Lose My Breath,14,0,66,84581,920489
6Bi3cBORxExEVCAIvtCtff,7JthQ6zwNzfxRfIEjp6wUs,HIRAIDAI,"honey, don't you worry",27,0,100,41696,920277
4lRwa7PKcGIuJMwtPIYKdy,3Nrfpe0tUJi4K4DXYWgMUX,BTS,Anpanman,113,1,10,17039,920238
3TSLqZssCoCdDlMhCJ08XW,4Kxlr1PRlDKEB0ekOCyHgX,BIGBANG,Still Life,18,0,44,96450,919041
2Yt3Co8SJsowT9gEcPDeEc,2xfxRiKxoHl5tI0MKyvqV7,&TEAM,Back to Life,13,0,70,92843,918185
23mknRzp3IpdyE9XULtv0B,5Kpt1mryjiwHa9goYPQG1o,flumpool,Kimini Todoke,136,0,53,10282,917461
5UEnHoDYpsxlfzWLZIc7LD,7dGJo4pcD2V6oG8kP0tJRR,Eminem,River,114,0,22,13389,916353
4OUtKtBwXvwLLmIwHiKQ9h,2koP6FEfIEVk4l2Fe6jFhu,JO1,Dreaming Night,30,0,105,38862,916331
7K1w8pMu2MeXgU3FPqwxbR,1LQQtqc1vQ1neUgZrjYlEU,Yumi Matsutoya,恋人がサンタクロース,17,0,59,117357,912674
6yrSg5ltrGVOoha4TtUBZ3,28uwiPI48qGWTiPz6Zgnwi,Ai Tomioka,Good bye-bye,15,0,83,65766,912308
7FeEiAWqWScpMFnlLSUvX2,45ft4DyTCEJfQwTBHXpdhM,milet,Anytime Anywhere,20,0,144,51214,912095
7b740cSOAeaW9SWiD1G823,4UTEZqrPqLDOhBfraPNciJ,Daichi Miura,Blizzard,99,0,30,15462,911798
3sz0hi6mkqq0hfRMN8RGrs,7kOrrFIBIBc8uCu2zbxbLv,yama,Lost,25,0,103,44057,906621
4Is1b37KJY9XVCgzp81FBW,5RR0MLwcjc87wjSw2JYdwx,MOMOLAND,BAAM,129,0,68,9203,906487
19WjVVgXjdKXfLXoaDPwTM,06HL4z0CvFAxyc27GXpf02,Taylor Swift,...Ready For It?,174,9,5,14607,903748
6dujTu2FauOpI1bsHD093L,28uwiPI48qGWTiPz6Zgnwi,Ai Tomioka,グッバイバイ,16,0,83,66797,903250
0ChavasIfpiCCVAec57O6c,7JthQ6zwNzfxRfIEjp6wUs,HIRAIDAI,陽のあたる場所へ,30,0,90,37528,901667
3PIDciSFdrQxSQSihim3hN,4iHNK0tOyZPYnBU7nGAgpQ,Mariah Carey,Christmas (Baby Please Come Home),20,0,54,129724,901239
0fy6lDOFDzmt0ygCzkft4e,5kVZa4lFUmAQlBogl1fkd6,Aimyon,ビーナスベルト,15,0,86,73807,899123
2OqENlvR9PA6nRVptuQIFe,1luOe8HkZQ7zwuaO2wuJqI,[Alexandros],明日、また,155,0,63,8309,897907
4XsJiRJQAK8TWcZCn0Dxlh,30b9WulBM8sFuBo17nNq9c,G-DRAGON,POWER,16,0,103,67472,897635
3jjujdWJ72nww5eGnfs2E7,6KImCVD70vtIoJWnq6nGn3,Harry Styles,Adore You,57,0,95,20108,897547
5JAgoN0ZK8uIZXtFj1pxrR,5YPkOSqagMwjOWf7PLjHNF,上野大樹,NAVY,19,0,67,67182,892541
474VqnPDr0251lsQBB8sQB,3Nrfpe0tUJi4K4DXYWgMUX,BTS,Butter - Megan Thee Stallion Remix,7,2,9,194996,891150
1RbsnRJu6FJAyRer1ADMgd,7k73EtZwoPs516ZxE72KsO,ONE OK ROCK,Wonder,21,0,51,81951,891133
1lcBt7LoEikqYmhUoa2cez,3eVa5w3URK5duf6eyVDbu9,ROSÉ,number one girl,16,0,100,63227,890810
21YjXHKo8hc5fOK7sYtixB,2qNI3aGlywRzTkRBOy9YzG,Yasutaka Nakata,NANIMONO,202,16,6,32215,890698
2juZoVFqQWH4lacfDMkNHY,1XYuC1vxinTjHCNd5clB8C,ARASHI,Love so sweet : Reborn,38,0,52,42593,889873
7oDd86yk8itslrA9HRP2ki,1Xyo4u8uXC1ZmMpatF05PJ,The Weeknd,Die For You - Remix,16,0,63,65737,889519
10Igtw8bSDyyFs7KIsKngZ,1tqhsYv8yBBdwANFNzHtcr,Lil Dicky,Freaky Friday,94,0,26,13870,889384
3IA9LkBEVhJDOxOnh1nf8a,3Nrfpe0tUJi4K4DXYWgMUX,BTS,Butter (Holiday Remix),24,0,64,73883,889279
1Qjs2fvFjBWBIS3puCHK9W,0pWR7TsFhvSCnbmHDjWgrE,Creepy Nuts,2way nice guy,26,0,91,43204,887879
0ofqcEBPdlyczRjUhjCiIS,1uAT5bTSp6dWbNmixIUP5t,BSS,CBZ (Prime time),15,0,94,69551,884626
68TwxeHi1pyFDRIKHxSArM,38WbKH6oKAZskBhqDFA8Uj,ZUTOMAYO,猫リセット,24,0,76,48451,883815
3K0Xr4N0ccBKqBBHDARIFy,6bDWAcdtVR3WHz2xtiIPUi,Fujii Kaze,Forever Young,13,0,68,90913,883677
1zoyteFQmeUUqyOl2Xznpy,5t5FqBwTcgKTaWmfEbwQY9,ENHYPEN,Tamed-Dashed,28,0,98,38632,882032
4fNhuPL4iqgA9dY3hlE6E6,4QvgGvpgzgyUOo8Yp8LDm9,Mrs. GREEN APPLE,ダーリン - ~18祭Ver.~ / Live,13,0,51,120501,881479
7MEOGz6lzL26dSjcme5TZG,2JT0j7bIpVTyhyv4h9aEOe,PRODUCE 101 JAPAN THE GIRLS,FLY UP SO HIGH,14,0,59,90907,880485
1MO9nfvsVcW3Hgh0FqYfXq,1qma7XhwZotCAucL7NHVLY,Mr.Children,終わりなき旅,97,0,17,16467,880065
1lsBTdE6MGsKeZCD6llNu7,6VuMaDnrHyPL1p4EHjYLi7,Charlie Puth,Done for Me,141,0,54,10197,879767
543bCW2ruMPmxUBWirQ3MR,6eUKZXaKkcviH0Ku9w2n3V,Ed Sheeran,Cross Me,62,0,41,22137,878940
33IOhptvC2Qoy2UhjiHXLV,1Cs0zKBU1kc0i8ypK3B9ai,David Guetta,Flames,126,0,61,9341,877173
0xYSgQHddr1lh6IfqWgn2W,0jMZY406RfgjK6PFKIRfAv,Kohmi Hirose,ロマンスの神様,114,0,131,36250,876722
285pBltuF7vW8TeWk8hdRR,4MCBfE4596Uoi2O4DtmEMz,Juice WRLD,Lucid Dreams,114,0,57,17803,876607
7EzYNSIxeihNDrYHSlU9Ak,5kVZa4lFUmAQlBogl1fkd6,Aimyon,恋をしたから,83,0,49,16278,874751
2hWYqb2PHlUZKXOdK2rfFA,5M8AXrOifBT8elkLKbGPQZ,Superfly,Ashes,18,0,153,52931,874177
7slVPAiTi7H25Oxburz5Ky,2IUl3m1H1EQ7QfNbNWvgru,Vaundy,ずっとラブソング,16,0,68,82113,873189
1E0Cy5d2qcXTs8xVGwEEFO,2q2P3aOEL8WUFApgPupsM9,Yoru no Hitowarai,ワライカタ,29,0,126,36718,869992
6jYiHr12NVKLzn0X7K8aSK,1ZLU77nRzQIaP23mVSYpCQ,Hearts2Hearts,FOCUS,15,0,106,69704,868210
5HxH3gGdJx18CUuCFg61Lg,0iWST9kIo1KHBRQ5mYAqmY,紫 今,魔性の女A,16,0,125,64753,866738
6MId4xKGdUNhndCtpZC4Bl,1S8OQ9SqlLdD9l4paaZMuZ,Ayase,飛天,20,0,142,47838,865663
6zyo1q1mrt3cnpduIHoLSq,1S2S00lgLYLGHWA44qGEUs,Gen Hoshino,Cube,23,0,65,50482,863920
7mqpXSSr9CBZI8LXEbxWql,0PYPjvZaOa7bsCq26JOX8d,VK Blanka,Ca Va?,69,0,60,15788,863569
0CokSRCu5hZgPxcZBaEzVE,3JhNCzhSMTxs9WLGJJxWOY,Macklemore,Glorious,127,0,30,8892,861299
6wH2RsJUO8oypx8c5PG0bP,2nvl0N9GwyX69RRBMEZ4OD,kessoku band,転がる岩、君に朝が降る,20,0,91,59380,861249
4kWO6O1BUXcZmaxitpVUwp,2o5jDhtHVPhrJdv3cEQ99Z,Tiësto,Jackie Chan,111,0,49,11469,858169
0YCL7egXNTkElDHH0QdoXJ,3z8diLlUCkN1j9N9ZdnfBJ,NiziU,Sweet Bomb!,32,0,67,46313,857757
2wrSQcRHBksoXNMn4lZNfv,38WbKH6oKAZskBhqDFA8Uj,ZUTOMAYO,ハゼ馳せる果てるまで,51,0,52,24385,856868
7w4l1k876FotjQ9UAi8sqn,7o08DLFYZ6gG3ihZLp7j8X,Tomoya Nakamura,A Whole New World,68,0,71,17127,856299
0E4Y1XIbs8GrAT1YqVy6dq,6eUKZXaKkcviH0Ku9w2n3V,Ed Sheeran,Afterglow,33,0,108,34100,854799
6YjimBPZFdK0svohmSxjXv,5kVZa4lFUmAQlBogl1fkd6,Aimyon,ひかりもの,79,0,47,16592,854764
2chbq2OYbQeg5uDmr0bNhj,0blbVefuxOGltDBa00dspv,LiSA,HADASHi NO STEP,28,0,101,37509,854058
15WLZS3pvNj1grj8FsI1tv,0hSFeqPehe7FtCNWuQ6Bsy,BUMP OF CHICKEN,Gravity,26,0,70,40972,852984
0kN8xEmgMW9mh7UmDYHlJP,0du5cEVh5yTK9QJze8zA0C,Bruno Mars,Versace on the Floor,347,0,24,8850,852498
5ne7OMTC2uKkbgZ7R6QpGI,6CKN3GUiWMrESH1RKn3ecz,E-girls,"Pain, pain",110,0,43,11922,850369
7C37yaKPoOJHUvlNYv991q,4UK2Lzi6fBfUi9rpDt6cik,Yorushika,テレパス,21,0,139,45500,850176
0GTz1mytQUBlGaSF7s4Rdz,7HwzlRPa9Ad0I8rK0FPzzK,SEKAI NO OWARI,眠り姫,44,0,102,21740,845555
6KCEL11alMnIccqpRBrrN1,71KI7v1YqVU8cIFzBl47dh,もさを。,会いたい,32,0,118,33118,845296
73SpzrcaHk0RQPFP73vqVR,6qqNVTkY8uBg9cP3Jd7DAH,Billie Eilish,No Time To Die,37,0,53,33179,845182
0pYacDCZuRhcrwGUA5nTBe,3HqSLMAZ3g3d5poNaI7GOU,IU,eight(Prod.&Feat. SUGA of BTS),39,0,52,34189,844124
4n7jnSxVLd8QioibtTDBDq,7vk5e3vY1uw9plTHJAMwjN,Alan Walker,On My Way,76,0,55,14833,842852
0ahbzg4GCq3wJzUM3cjS3N,5r1tUTxVSgvBHnoDuDODPH,IZ*ONE,Violeta,70,0,35,20577,841418
3l7GLaE6NRaPJHMcy4rYRD,3vVDusnDA0LcPH3NvZpoyM,Noriyuki Makihara,冬がはじまるよ,14,0,61,104866,841233
543jStmHR1VrSfpxmjUIn6,0ySFZq3Wd0SQUyJUzmJAeb,sumika,Fiction,35,0,163,30707,840398
6p6w8AOMCS2kzUOeGAlo2S,3uyDATzOGjbGCts7v2eszk,MISIA,つつみ込むように・・・,145,0,78,8108,840122
2lDOkJgVMNz4iMmoAHhhqC,7sPKpBhx7fwPp9wMGYvQJI,Say Yes!,Say My Name,17,0,65,71532,838229
6JdS5rJvJaRA7B1tcm7kxZ,3Nrfpe0tUJi4K4DXYWgMUX,BTS,Dionysus,64,0,19,28160,838065
3gAR6cBifLqbW8kOrMqZPr,7nqOGRxlXj7N2JYbgNEjYH,SEVENTEEN,24H,32,0,88,34400,836961
0Qh38w01QRXK6KHIv0e3hb,1KCSPY1glIKqW2TotWuXOR,P!nk,What About Us,132,0,21,10481,835447
5UIFfwovmONqXqzHmscIj5,6whFEcaV75AmQMiwlfaxvc,QUEEN BEE,バイオレンス,20,0,107,54228,835140
1XnpzbOGptRwfJhZgLbmSr,41MozSoPIsD1dJM0CLPjZF,BLACKPINK,Pretty Savage,29,0,77,42676,834278
6Ch42vMAxSrEWPeZ5UKP6h,5M8AXrOifBT8elkLKbGPQZ,Superfly,Ambitious,71,0,60,16018,833350
6YBcbXDYIITuyCEN2YwGRy,7n2Ycct7Beij7Dj7meI4X0,TWICE,Doughnut,26,0,124,36336,833255
26JeAi8xsSvLRoNsl9B8Js,4Kxlr1PRlDKEB0ekOCyHgX,BIGBANG,FANTASTIC BABY - Japanese ver.,16,0,125,60494,832866
56Fu41EhpsPqqfDZsj3eaN,2dIgFjalVxs4ThymZ67YCE,Stray Kids,Do It,10,0,62,100929,831411
75kDBnxxZLRLJoP7qyVuTX,1HBjj22wzbscIZ9sEb5dyf,Jonas Blue,Don’t Wake Me Up,20,0,55,73189,830046
611Za6hN3gmZiIrN5fxuzq,7lbSsjYACZHn1MSDXPxNF2,Hikaru Utada,Beautiful World - Da Capo Version,23,0,65,65614,829252
0ono6UCNVZ1XqOm6j78Blu,3Nrfpe0tUJi4K4DXYWgMUX,BTS,Filter,34,0,53,38746,828914
2YmfV4lAjrAQvuggKCUX6m,5t5FqBwTcgKTaWmfEbwQY9,ENHYPEN,Sweet Venom,15,0,73,74636,827102
0oRe0ce8jFqL0S1Rl0Hawc,1mN9lPKzTRTOop4u7S1Uy9,iri,24-25,47,0,93,21191,824111
2GLp1Arz4ZtihdjdL9m80W,1AyWsgtaIgXbzjJlTx2ZDp,AAA,愛してるのに、愛せない,220,0,133,5478,822722
0go6X7ko0YxM39gY5ospA0,7K3bqkZs0SVUS9K13bnwHL,KEIJU,backseat,16,0,150,55615,822304
1kuGVB7EU95pJObxwvfwKS,1McMsnEElThX1knmY4oliG,Olivia Rodrigo,vampire,19,0,117,52167,821689
4jAIqgrPjKLTY9Gbez25Qb,6KImCVD70vtIoJWnq6nGn3,Harry Styles,Lights Up,51,0,76,19696,821474
0IGUXY4JbK18bu9oD4mPIm,2AfmfGFbe0A0WsTYm0SDTx,i-dle,TOMBOY,27,0,131,37044,821415
1sXUWdKx03aP9Gmzft58rt,0ZED1XzwlLHW4ZaG4lOT6m,Julia Michaels,Issues,168,0,18,7166,820355
2p4BoXg0Km9NUY9lIzpjWo,7HwzlRPa9Ad0I8rK0FPzzK,SEKAI NO OWARI,蜜の月 -for the film-,64,0,35,19816,818324
3THdOskGxdJcRbp0DcS4s0,1gBUSTR3TyDdTVFIaQnc02,NCT DREAM,Life Is Still Going On,26,0,151,40276,817927
0todbbT9g5uQGbeFCiBf2F,66CXWjxzNUsdJxJ2JdwvnR,Ariana Grande,imagine,78,0,33,18569,810597
2pitZk9jjMrkHVHgtEyx12,1t17z3vfuc82cxSDMrvryJ,Macaroni Empitsu,愛の波,19,0,152,44921,809113
6gNPjYLH4K4m81vE0gotPk,6n4SsAp5VjvIBg3s9QCcPX,SUDA MASAKI,サンキュー神様,30,0,89,33990,808393
4WkWq05mOmxDibjt10VrNi,4lsSLCTKrmfULsRivqAShx,Hiroomi Tosaka,BLUE SAPPHIRE,65,0,53,16283,808068
61Go3FTDYWfYCIOocJebUm,6mEQK9m2krja6X1cfsAjfl,Ado,Kura Kura,7,0,21,146301,807907
6TqXcAFInzjp0bODyvrWEq,6LuN9FCkKOj5PcnpouEgny,Khalid,Talk,76,0,60,14750,807730
1o0B124GoZQKYTnqZnEYZq,6TNooB9HDJ9Xs1GFPl2Fiv,SHE'S,追い風,33,0,158,27051,806951
3kbJ7RL0v0Qm6GQ9hbac3i,2IUl3m1H1EQ7QfNbNWvgru,Vaundy,benefits,23,0,96,40344,805317
0VwNdo84DaVYLIkbVO86ND,06HL4z0CvFAxyc27GXpf02,Taylor Swift,We Are Never Ever Getting Back Together,138,0,120,11690,804035
2WwGSn1idafr0euRwVTUeJ,79JgYJHiBUZcvYqOC5Zufn,takayan,手首からマンゴー,29,0,117,35339,803929
1bI0Y0i234LFlO15koZMsI,4gwWRJBdufvMEHUuyjBDOs,大森元貴,Midnight,29,0,128,31541,803017
3tUj3jamJg0B1e56m3ATnx,0hCWVMGGQnRVfDgmhwLIxq,sakanaction,陽炎 - movie version,118,0,50,11326,802133
4QhyAyETegMHHuV1j0hAPj,13KBd3KKmex2NLwaTcMmUP,7 LOVE Minutes,U+Me=LOVE,25,0,109,37415,801829
4LKpngNUdNSWMSewkMkKzL,7Il739Q5W4yJUYC3hfnX6z,ano,スマイルあげない,17,0,121,53900,801190
3jHg6QE70y2FTdnsxSrCbv,2GQxKDojobwBjZMPf7aoh0,Billlie,GingaMingaYo (the strange world),27,0,160,33602,800501
086iznqzaVOAmuYMYyjUpn,43XkWaoCS0wKjuMJrWFgoa,syudou,In the Back Room,19,0,95,50574,799231
0e7VdEYqUYUJ3MlJBnwKR8,689D5sYXTKmpBXqAkAu0H7,the shes gone,ラベンダー,29,0,159,30601,797585
3xS7BMJ5vn7MAo2e8IEEpr,2vjeuQwzSP5ErC1S41gONX,CHANMINA,^_^,16,0,152,53743,796097
116H0KvKr2Zl4RPuVBruDO,4q3ewBCX7sLwd24euuV69X,Bad Bunny,MIA,76,0,20,15916,795404
3opvzEeKvkWEKi0TV2ePbC,4UK2Lzi6fBfUi9rpDt6cik,Yorushika,春ひさぎ,32,0,62,32895,793433
1ttY62k0xoJFqyMsCkWtYH,4DDoAL8n6ob19r3jOZEbJI,Kana Nishino,会いたくて 会いたくて,15,0,149,57990,792608
3glfyV9FhK872pJcAtOjeI,1AyWsgtaIgXbzjJlTx2ZDp,AAA,涙のない世界,299,0,71,5678,790311
2rizacJSyD9S1IQUxUxnsK,69GGBxA162lTqCwzJG5jLp,The Chainsmokers,All We Know,217,15,8,6518,789654
76t5B0ttSAje5KHmQbv88t,7n2wHs1TKAczGzO7Dd2rGr,Shawn Mendes,Treat You Better,304,0,14,6178,789623
7EI6Iki24tBHAMxtb4xQN2,5CCwRZC6euC8Odo6y9X8jr,Rita Ora,Anywhere,137,0,52,9255,789220
6M3PsepEj5gyJoIi7Xvr7u,1Xyo4u8uXC1ZmMpatF05PJ,The Weeknd,Take My Breath,24,0,90,42385,788199
1K5KBOgreBi5fkEHvg5ap3,1RyvyyTE3xzB2ZywiAwp0i,Future,Life Is Good,44,0,80,23004,786935
1Rrj7KyS2R6SP9CQMDJW1w,7nqOGRxlXj7N2JYbgNEjYH,SEVENTEEN,VERY NICE,21,0,145,42297,785556
6ifUES3keWjwXgae8pXI3o,5H1nN1SzW0qNeUEZvuXjAj,Danny Ocean,Me Rehúso,252,0,67,3939,785074
3jyi2pb1S2DEOiNWyxgvVJ,6mEQK9m2krja6X1cfsAjfl,Ado,Bouquet for Me,14,0,120,61127,783726
3bAobLtFa0QXOlo9KWYJpD,0UZq6vAHrwGgctvxTzzxYm,Tokyo Ska Paradise Orchestra,青い春のエチュード,18,0,118,48438,782094
4uom3dNDDCN5KrI1pcQbuN,2ZjWbNQAjL74Pf4aqikIz2,Shota Shimizu,Curtain Call,14,0,53,82282,780748
6jIpuClSFwyBoGTwwpkKU5,7n2Ycct7Beij7Dj7meI4X0,TWICE,CHEER UP,259,0,52,6483,780192
5r5qctnjmDt0pISVLXa0nV,6wxfx1yhyqjCPYwwxJktR2,King Gnu,Anataha Shinkirou,50,0,89,23841,779362
49YfrDOuobznz6jRplgXyy,6ZtYpkBBZ7wfpM99Qxm0KO,Rude-α,It's Only Love,46,0,119,24881,779243
4FYbo4yQzu3hGkj2Ix4ucW,2qxJFvFYMEDqd7ui6kSAcq,Zedd,Funny,34,0,105,30405,778576
5Z3GHaZ6ec9bsiI5BenrbY,6LuN9FCkKOj5PcnpouEgny,Khalid,Young Dumb & Broke,163,0,54,6585,778066
3nD8q4dCCybzh5L3HU8PWH,4WqXqPmUuenMIr4QaFrZXN,Saucy Dog,コンタクトケース,26,0,147,35619,777696
4Sib57MmYGJzSvkW84jTwh,06HL4z0CvFAxyc27GXpf02,Taylor Swift,ME!,24,16,8,36939,777627
6RnkFd8Fqqgk1Uni8RgqCQ,1Cs0zKBU1kc0i8ypK3B9ai,David Guetta,Like I Do,108,0,57,9435,777595
2wVDWtLKXunswWecARNILj,250b0Wlc5Vk0CoUsaCY84M,JENNIE,SOLO,93,0,54,11224,776440
2BkTPMr1v6Fr6JJwc4V7R5,7n2Ycct7Beij7Dj7meI4X0,TWICE,Strategy,15,0,135,56417,775908
0KA5Hg6c1vEiulQ1f2LICV,6m14xgA0m3w92UM7ujJgky,UVERworld,AS ONE,40,0,78,24802,774409
7aGyRfJWtLqgJaZoG9lJhE,3QJUFtGBGL05vo0kCJZsmT,salem ilese,Mad at Disney,33,0,116,30315,771592
03iCbZaM4OkRR4We6wIzvx,3Nrfpe0tUJi4K4DXYWgMUX,BTS,IDOL,88,0,17,14481,769603
7jqDzXJS0K0Re8uphYNit0,69GGBxA162lTqCwzJG5jLp,The Chainsmokers,Sick Boy,83,0,14,13832,769137
1Iyxp6vMuJ4mqwColjXE6O,3wDU4V7W5dTGj5DZwNsPwV,Unknown Artist,あゝオオサカdreamin'night,42,0,25,36529,762197
1oen3GpTcA486fTHaT7neg,0Sadg1vgvaPqGTOjxu0N6c,Girls' Generation,FOREVER 1,23,0,114,39215,761442
4v6edT4Ogf8qXGphyFfg1u,6POfB0fHdzXFLWL3RHxLv8,Creep Hyp,イト,219,0,52,5934,759252
0Dsbej1ME76kebKBGE0ROD,7n2Ycct7Beij7Dj7meI4X0,TWICE,I WANT YOU BACK,130,0,80,7370,759201
0PwknbaUVwXJSmRh7qSfyi,7nqOGRxlXj7N2JYbgNEjYH,SEVENTEEN,DREAM,18,0,95,52160,758833
0u2DOByL0CghKtcvSkQAiQ,7lbSsjYACZHn1MSDXPxNF2,Hikaru Utada,Don't Think Twice,69,0,22,18186,758587
0NqopWhTTprRTylDTj92XU,4XFkDALFTsSHVnRtJSsaMN,Number_i,Hard Life,12,0,67,95599,758118
06Q3gpxiTKhmkPxMh4dNiN,1t17z3vfuc82cxSDMrvryJ,Macaroni Empitsu,八月の陽炎,23,0,100,39014,757825
3r1eh0G1uNiCvjClCCmLvb,4wCW8kZ8LL7QIdcE8EOKPP,BE:FIRST,Message,20,0,91,48079,752125
5NNlUMcOEOdoOIwwaWXv0k,04gDigrS5kc9YWfZHwBETP,Maroon 5,Cold,156,0,12,7984,750711
2UkcZV07LP39NQg9tGBvnh,38WbKH6oKAZskBhqDFA8Uj,ZUTOMAYO,ばかじゃないのに,21,0,87,43541,749327
2yjeXq5ahx6UUg2rHaUe6X,164Uj4eKjl6zTBKfJLFKKK,JVKE,Angel Pt. 2,15,0,94,60784,748001
3EmmCZoqpWOTY1g2GBwJoR,77AiFEVeAVj2ORpC85QVJs,Steve Aoki,Just Hold On,174,16,6,7056,744866
0m5ZpQtTjdoH4eXeygFRFZ,38WbKH6oKAZskBhqDFA8Uj,ZUTOMAYO,形,13,0,60,83364,744579
55JUHaPNZx471XdFbaSn43,20R5U2uMxiK3e3pKhYQKhD,手塚 翔太,会いたいよ,57,0,79,17230,743944
0KMw8ZsfzGtWn7WEwgvMmo,1AyWsgtaIgXbzjJlTx2ZDp,AAA,No Way Back,174,0,49,5466,743408
4P4LF3swFiKHmNkCknPZE9,4BmWSGKG6HiYvLuJvZ9afa,Namie Amuro,Hero,48,0,74,18221,741925
7FJP35tUJ2121EJsFpU1Gh,2qxJFvFYMEDqd7ui6kSAcq,Zedd,Beautiful Now,326,0,66,5965,740977
7F9vK8hNFMml4GtHsaXui6,57WHJIHrjOE3iAxpihhMnp,Louis Tomlinson,Back to You,97,0,21,9342,740213
4yI3HpbSFSgFZtJP2kDe5m,0C8ZW7ezQVs4URX5aX7Kqx,Selena Gomez,Look At Her Now,43,0,77,20780,739652
6F2r4HgpJnvKDmkN6JEN6J,1uNFoZAHBGtllmzznpCI3s,Justin Bieber,As I Am,24,0,99,38161,738962
314ZkcV7oLWG8yWE7LABvH,3Nrfpe0tUJi4K4DXYWgMUX,BTS,Make It Right,39,0,52,25571,738642
3iKJWOQJtENE3kFWMXh8JM,1ieluXFoq2RRxMXZIQksTz,Gesu No Kiwami Otome,私以外私じゃないの,141,0,108,7127,738495
6kRoSReUEuhFQCWxTC856f,1nzId6SLDDTUTRV7lNbgxp,King & Prince,What We Got ～奇跡はきみと～,13,0,118,64566,738270
5gq7xM6eI16osBO2U581NL,0IwZVmMMGE7nNXS7vN9SIo,MISAMO,Do not touch,16,0,99,58316,737006
3y3brCCecHC3Db18aIOnny,23fqKkggKUBHNkbKtXEls4,Kygo,"Carry On (from the Original Motion Picture ""POKÉMON Detective Pikachu"")",58,0,51,16936,735807
21z1GxeHjfD3qkaF5CgCTO,3PWp9R5HvbQgxI5KBx5kVd,KANA-BOON,Silhouette,203,0,78,9463,734183
5LkQpbBFgoyQm1jGlznT7p,7n2Ycct7Beij7Dj7meI4X0,TWICE,KNOCK KNOCK - Japanese ver.,198,0,64,4770,733804
61KYsWS25JXUO4fGb1138X,6mEQK9m2krja6X1cfsAjfl,Ado,Usseewa,17,0,156,46894,732969
1bHgnjGsRCxlCxD5BobatI,0wRzWf3I4lUl9hdFF5uL0m,Sukima Switch,"奏(かなで) - ARENA TOUR '07 ""W-ARENA""",160,0,67,6752,732790
1cvluyKT1Iw1NZGGUgQ8u4,4SJ7qRgJYNXB9Yttzs4aSa,Ryokuoushoku Shakai,Landscape,21,0,103,39283,729182
0u689cua3viCUxYRukRbtm,4CNZyuclyT33od27ZSjJMD,Novel Core,Be You,28,0,155,27346,728842
0EQMrxdeiBhry9JCxskko3,3Nrfpe0tUJi4K4DXYWgMUX,BTS,I'm Fine,99,0,30,13571,725788
6xdLJrVj4vIXwhuG8TMopk,1dfeR4HaWDbWqFHLkxsg1d,Queen,Crazy Little Thing Called Love - Remastered 2011,84,0,61,11832,723413
0MnPdlWm7MSSUnEamZp5lX,1t17z3vfuc82cxSDMrvryJ,Macaroni Empitsu,星が泳ぐ,22,0,97,39660,722921
2JXkpytEoAymsaa7JtAPgd,3cbd5GWGOknxmFAe77MDbk,ELLEGARDEN,カーマイン,13,0,83,71024,721949
1yPkYnRgZveWLCUSWX16ra,7n2Ycct7Beij7Dj7meI4X0,TWICE,HAPPY HAPPY,61,0,65,17025,721522
11MyKZMbwqDoQ3GsfKDMmO,0ySFZq3Wd0SQUyJUzmJAeb,sumika,本音,28,0,127,28719,721431
6Dmxt4rbi97c7sjoWRrJoj,6bDWAcdtVR3WHz2xtiIPUi,Fujii Kaze,帰ろう,28,0,151,31507,721112
1CKd1PnqfYx0H12V9MSaIY,2qxJFvFYMEDqd7ui6kSAcq,Zedd,Get Low,138,0,28,8358,720338
3L0rXIx0aocJrFq7AQxBKI,7kOrrFIBIBc8uCu2zbxbLv,yama,くびったけ,20,0,105,42191,719627
5x67EAHDrso2bSXy5HWx0j,79JgYJHiBUZcvYqOC5Zufn,takayan,勝たんしか症候群,25,0,149,32984,717801
6JV2JOEocMgcZxYSZelKcc,31TPClRtHm23RisEBtV3X7,Justin Timberlake,"CAN'T STOP THE FEELING! (Original Song from DreamWorks Animation's ""TROLLS"")",275,0,20,4873,716989
4QHpgsgO4ujY8yavLWGCQ3,4XFkDALFTsSHVnRtJSsaMN,Number_i,i-mode,11,0,71,91171,716551
7uzmGiiJyRfuViKKK3lVmR,4GvEc3ANtPPjt1ZJllr5Zl,Bazzi,Mine,111,0,62,8812,715179
66PEbvbSd3ntcfKHaYdgWP,1g51NlHKUXlgfvGP22m0uD,J SOUL BROTHERS III,RAINBOW,71,0,15,15265,712666
1i11aYHrGaX16sh7Mi1cQm,0ixzjrK1wkN2zWBXt3VW3W,Yuuri,最低な君に贈る歌,11,0,113,72677,711700
1cTZMwcBJT0Ka3UJPXOeeN,3TVXtAsR1Inumwj472S9r4,Drake,Nice For What,106,0,55,11267,711188
3zJw3rugfpVrmBeDDnUYzy,4x1nvY2FN8jxqAFA0DA02H,John Lennon,Happy Xmas (War Is Over) - Remastered,62,2,6,53893,709708
0NZNtJar3qon6oVIR6XjIA,1S2S00lgLYLGHWA44qGEUs,Gen Hoshino,Same Thing,45,0,49,30508,706389
5N4erncE7kuUccm7zEmwzk,2X97ZAqRKRMYFIDqtvGgGc,Silk City,Electricity,60,0,22,15535,703948
7HVA1EkKQi4zNaYwE17Cvo,4dEHIhldHT2U8CMQ6nNgDT,LANA,PULL UP,12,0,60,68849,703901
5Y0JbLOPLfWdWTQHJPJtEx,7dGWpqSL5xaZjWbo3UWXyU,Klang Ruler,タイミング ~Timing~,23,0,142,34941,703791
7134tEHq45eL6am9oVazZU,3JsHnjpbhX4SnySpvpa9DK,V,White Christmas,13,0,121,61236,703402
5LY93ijs9nVgGsJfGfrWFn,7JthQ6zwNzfxRfIEjp6wUs,HIRAIDAI,Malibu Girl,21,0,109,39600,703210
5mCPDVBb16L4XQwDdbRUpz,3TVXtAsR1Inumwj472S9r4,Drake,Passionfruit,124,13,9,8731,702845
3nWcF4pDBjNdtbKgehwfz8,0pWR7TsFhvSCnbmHDjWgrE,Creepy Nuts,サントラ,27,0,62,38342,701766
0YlS16W4HY6CJVk7Q750Yu,7F1iAHRYxR3MY7yAEuFqgL,JIHYO,Killin′ Me Good,16,0,120,50595,701531
7HMmFQsKsljwTw8bS7lu19,0C8ZW7ezQVs4URX5aX7Kqx,Selena Gomez,Rare,36,0,65,26078,699401
6N19sHUX9ND67L4IBPR9yD,2vjeuQwzSP5ErC1S41gONX,CHANMINA,美人,24,0,121,46090,699135
4W4fNrZYkobj539TOWsLO2,1Xyo4u8uXC1ZmMpatF05PJ,The Weeknd,Die For You,17,0,104,51590,696664
3Uo7WG0vmLQ07WB4BDwy7D,06HL4z0CvFAxyc27GXpf02,Taylor Swift,willow,28,0,112,31696,695873
0NrObqc8nK1XcDNPJNBKRV,0LOK81e9H5lr61HlGGHqwA,XG,UNDEFEATED,14,0,133,53446,695781
4wNIkl5XGiAACjFBlDWuSd,7gOdHgIoIKoe4i9Tta6qdD,Jonas Brothers,What A Man Gotta Do,36,0,86,22985,695538
2gzhQaCTeNgxpeB2TPllyY,1oSPZhvZMIrWW5I41kPkkY,Jimin,With you,19,0,58,62822,692436
3iszqtuRuu5JhOG1jDqwkO,4OfU76YhPU04wlmbVFFgTJ,ATARASHII GAKKO!,オトナブルー,11,0,61,71175,692098
7bmdV1IiqeCIK1Lb3klDVV,7k73EtZwoPs516ZxE72KsO,ONE OK ROCK,Taking Off,218,0,32,6484,691272
0bhKpG1BqJnZiBPxPkKTkH,0ghlgldX5Dd6720Q3qFyQB,TOMORROW X TOGETHER,Can't Stop,11,0,89,75363,690487
152lZdxL1OR0ZMW6KquMif,6LuN9FCkKOj5PcnpouEgny,Khalid,Location,163,0,35,6342,688416
0dCZIpFLi9I0Cu5cYbGpKX,7JthQ6zwNzfxRfIEjp6wUs,HIRAIDAI,もしも、僕がいなくても。,21,0,97,39335,687733
5fwdrcQy6kzrVR0JzU2pn1,38WbKH6oKAZskBhqDFA8Uj,ZUTOMAYO,勘ぐれい,22,0,95,36498,683946
0OUnOwCAdUVRuuUZyMt0Cl,7JthQ6zwNzfxRfIEjp6wUs,HIRAIDAI,King & Queen,21,0,110,37913,682969
7zrYKlgYQv1ELz7LGyjTd1,2gsggkzM5R49q6jpPvazou,Jessie J,Bang Bang,260,0,109,5565,681406
7szuecWAPwGoV1e5vGu8tl,1Xyo4u8uXC1ZmMpatF05PJ,The Weeknd,In Your Eyes,37,0,98,22238,679110
2Ifn0MXm7x9ddBQPUabV9a,2nvl0N9GwyX69RRBMEZ4OD,kessoku band,なにが悪い,18,0,147,45465,679061
4ofvoCdXq99vpMZO4Cfp8x,1Xyo4u8uXC1ZmMpatF05PJ,The Weeknd,Pray For Me,73,0,18,15089,678469
5JEx7HbmvHQQswJCsoo9rA,0X2BH1fck6amBIoJhDVmmJ,Ellie Goulding,Close To Me,87,0,94,9903,677442
384jVNcJAiC2XGPMRnZj1H,1XYuC1vxinTjHCNd5clB8C,ARASHI,Guts!,36,0,41,51682,677207
75ZvA4QfFiZvzhj2xkaWAh,246dkjvS1zLTtiykXe5h60,Post Malone,I Fall Apart,146,0,70,6110,676752
7nHeBk3OsoBCLlQNpSxEgn,7lbSsjYACZHn1MSDXPxNF2,Hikaru Utada,Face My Fears - Japanese Version,49,0,18,22720,675636
65DUeMw4riBUibAjktAnZD,7Du39NxqFzjL8LmvlPJEAN,鹿乃子のこ (CV.潘めぐみ),シカ色デイズ,13,0,144,58197,675631
3rOSwuTsUlJp0Pu0MkN8r8,1RyvyyTE3xzB2ZywiAwp0i,Future,Mask Off,157,0,26,7039,675193
1JcrxF5NysDqpik9nZ1Sa4,4hnHLgMSOiqERWBL4jINP1,BOYNEXTDOOR,Count To Love,11,0,68,82215,675085
3o8hTgDk7AIJimvGzWVkgu,7JthQ6zwNzfxRfIEjp6wUs,HIRAIDAI,Love & Happiness (Let’s Be a Santa),17,0,114,60275,672261
3D7v5jf65I2bNdl4VA5zOZ,4ygdhRUrQC8M210MBWHBQZ,Medusa,Snake,23,0,138,33028,670550
50jpVohBzMMPCf1oYxRoYq,0hSFeqPehe7FtCNWuQ6Bsy,BUMP OF CHICKEN,Flare,24,0,104,35091,667827
3BBahK6YhmPosOymF45cMu,2Zi3RrdQqk63Xj0914STkS,Naomi Scott,Speechless (Full),53,0,77,15584,667038
0f5hcKLCRgpdVV424X4XDQ,0blbVefuxOGltDBa00dspv,LiSA,白銀,21,0,115,36650,666932
4YPF8kjq2Q9hVzOwBjM2vg,2dIgFjalVxs4ThymZ67YCE,Stray Kids,Walkin On Water,11,0,93,68577,665894
6a1hzBiTkgqTsDA0Xgfh9z,2iE18Oxc8YSumAU232n4rW,The Jackson 5,Santa Claus Is Coming To Town,26,1,5,109049,664953
2zy9TMoZlYGuCNY4TLqG24,1Cs0zKBU1kc0i8ypK3B9ai,David Guetta,Don't Leave Me Alone,90,0,19,15516,664321
7i2DJ88J7jQ8K7zqFX2fW8,26VFTg2z8YR0cCuwLzESi2,Halsey,Now Or Never,128,0,16,9207,664110
3nc420PXjTdBV5TN0gCFkS,60d24wfXkVzDSfLS6hyCjZ,Martin Garrix,Ocean,77,0,35,13056,664069
2ZcgFU4FQ80mB2Eh5Uyzol,7dhueqtbx2NVq1leXyqaNl,SixTONES,バリア,10,0,55,100794,662182
0azC730Exh71aQlOt9Zj3y,7CajNmpbOovFoOoasH2HaY,Calvin Harris,This Is What You Came For,313,0,21,5033,662108
25o1M3Jse81xusDV6WhvC5,64tJ2EAv1R6UaZqc4iOCyj,YOASOBI,Epilogue,27,0,110,30801,661619
1IcR6RlgvDczfvoWJSSY2A,4sj6D0zlMOl25nprDJBiU9,Andy Williams,It's the Most Wonderful Time of the Year,28,0,42,77419,660863
5EtiQveQFQy0R05hLVDyKv,7f4ignuCJhLXfZ9giKT7rH,NCT 127,Fact Check,14,0,123,52047,660612
6fTt0CH2t0mdeB2N9XFG5r,7jVv8c5Fj3E9VhNjxT4snq,Lil Nas X,Panini,54,0,70,16371,660559
0XLOf9LhyazPX9Ld8jPiUq,0C8ZW7ezQVs4URX5aX7Kqx,Selena Gomez,Fetish,134,0,14,9533,660320
6iu311jZAJFLPgoIWgrA72,4Kxlr1PRlDKEB0ekOCyHgX,BIGBANG,BANG BANG BANG - KR Ver.,93,0,144,56480,658785
1zsG4eaZmkA1dvjDDsAGLK,4V8Sr092TqfHkfAA5fXXqG,Luis Fonsi,Échame La Culpa,112,0,39,9569,658153
5CwhBU7eqQgkOVMnRNuzzT,6aXIcqTy3R1dqSml9HQZUB,TM NETWORK,Get Wild,68,0,61,42498,657276
3ohF4zsW8rYeGO9UF2ha60,1EowJ1WwkMzkCkRomFhui7,RADWIMPS,新世界,29,0,51,44154,656135
4bjN59DRXFRxBE1g5ne6B1,5RmQ8k4l3HZ8JoPb4mNsML,Agust D,Haegeum,13,0,100,56543,655427
3v5o91PrUtf0nmO6j8J7dZ,0LOK81e9H5lr61HlGGHqwA,XG,LEFT RIGHT,17,0,151,41778,653290
4CFKfOLJho0WBEdb5CG3JK,47kIb7z5wndfkWHdRN34kO,悠馬,カーテン,13,0,73,64252,650481
3DYLsJ0hAzbVGCOIWN011L,4eF1tYcUa9voNDX7xVTrZG,tonun,真夏の恋は気まぐれ,21,0,140,35124,650450
3ROjXRCm8LZYHgNUYCelc4,6uMBnBtHeJmhc2tx1vDCae,sloppy dim,minority,26,0,168,37876,650038
6RrkERm8gb8E1jzVGyz7l5,6WmXWHmfBMhupyIs8MSqtu,natori,エウレカ,11,0,70,69510,649647
5BZsQlgw21vDOAjoqkNgKb,1uNFoZAHBGtllmzznpCI3s,Justin Bieber,DAISIES,11,0,107,65160,648375
24oOsHxfHXXdbQ6OqAwyuq,7zVOa12T0RhNRzpbwZ4OCt,Che'Nelle,奇跡,23,0,172,30847,647502
2rOUaQ1TGj7wZdHdn9UgTL,0blbVefuxOGltDBa00dspv,LiSA,ReawakeR,10,0,57,98505,646022
609ZaFJuwGmqSsCDFCYIwG,7JthQ6zwNzfxRfIEjp6wUs,HIRAIDAI,3月の帰り道,19,0,109,38091,645937
4O4N89HJWtV1EYc6q0Sxwh,7cjg7EkeZy3OI5o9Qthc6n,ZEROBASEONE,BLUE,11,0,115,66463,645019
3WrXrr08MDZAEgWIFiIyaJ,4DDoAL8n6ob19r3jOZEbJI,Kana Nishino,もっと…,11,0,108,72176,644876
4sVC4dgJWVc9PrKKdH6gZe,2LWLcwnQRro1tCxeHgsYRj,KingLee,Lost and Found,6,0,23,170716,644818
3RoP3fJWHDXKhxDJaknv4n,2LWLcwnQRro1tCxeHgsYRj,KingLee,High Note,6,0,24,169152,641191
1pZdegOXTZ2ftINo3oUuRZ,5pUo3fmmHT8bhCyHE52hA6,Liam Payne,Bedroom Floor,141,0,76,6910,640916
0auI49a6lE4phcRVY8hKiY,7n2Ycct7Beij7Dj7meI4X0,TWICE,What is Love? - Japanese ver.,62,0,52,16263,640145
42KsMmJ8sbWrfy6WMNWySo,3WwGRA2o4Ux1RRMYaYDh7N,Mariya Takeuchi,すてきなホリデイ,9,0,25,154163,639787
7vS3Y0IKjde7Xg85LWIEdP,66CXWjxzNUsdJxJ2JdwvnR,Ariana Grande,Problem,246,0,95,4262,639758
3Ytr1SUCUi6J3L9dRFx5iH,738wLrAtLtCtFOLvQBXOXp,Major Lazer,Know No Better,93,3,8,11208,639416
6HMtHNpW6YPi1hrw9tgF8P,56oDRnqbIiwx4mymNEv7dS,Lizzo,About Damn Time,22,0,176,31064,638813
4btFHqumCO31GksfuBLLv3,6eUKZXaKkcviH0Ku9w2n3V,Ed Sheeran,Overpass Graffiti,17,0,87,46730,638408
0SchjTCqqu9smPKXYa3A01,0pWR7TsFhvSCnbmHDjWgrE,Creepy Nuts,Santora,28,0,83,29919,638404
38vEfTG0NnjC10EnWZqpFw,2koP6FEfIEVk4l2Fe6jFhu,JO1,無限大(INFINITY) 2025,12,0,125,59837,638283
1u8c2t2Cy7UBoG4ArRcF5g,06HL4z0CvFAxyc27GXpf02,Taylor Swift,Blank Space,149,0,59,11818,637507
3pV0TXLTcB49hPh6Tsc4aI,6wxfx1yhyqjCPYwwxJktR2,King Gnu,Bedtown,41,0,91,23499,637313
3ee8Jmje8o58CHK66QrVC2,15UsOTVnJzReFVN1VCnxy4,XXXTENTACION,SAD!,109,0,23,12994,636707
5LPyVrjwXEvHE3mcjYrSoT,0hCWVMGGQnRVfDgmhwLIxq,sakanaction,プラトー,17,0,77,46161,636100
4VUwkH455At9kENOfzTqmF,4GvEc3ANtPPjt1ZJllr5Zl,Bazzi,Beautiful,87,0,71,8719,634826
70H7igMoR8VWGbqAEEYRHA,7k73EtZwoPs516ZxE72KsO,ONE OK ROCK,Head High,56,1,9,27771,633672
3Wn8QNA1jV8sSpIgbAaeJ8,6wxfx1yhyqjCPYwwxJktR2,King Gnu,Low Love,41,0,92,23435,632915
4z0vfU3JiAsl99ZHL29hMm,5vV3bFXnN6D6N3Nj4xRvaV,Jin,Close to You,12,0,124,57424,632390
2QZ7WLBE8h2y1Y5Fb8RYbH,7n2wHs1TKAczGzO7Dd2rGr,Shawn Mendes,In My Blood,89,0,47,11613,631331
3USu1p2lKTzoKFIRDeeJf8,2dIgFjalVxs4ThymZ67YCE,Stray Kids,MEGAVERSE,11,0,65,73486,631282
2GqHLHJ8NuacInNwM67LOq,5I6N6mTH10rgpyoqCc3TRW,Twenty★Twenty,smile,17,0,21,82980,630758
5djCaAAifB1DmhcDkK7UKm,1XYuC1vxinTjHCNd5clB8C,ARASHI,Brave,34,0,32,40009,630361
2iscENxaM7EI43TVSyNUjz,6m14xgA0m3w92UM7ujJgky,UVERworld,Touch off,62,0,55,13794,629901
7uoFMmxln0GPXQ0AcCBXRq,5WUlDfRSoLAfcVSX1WnrxN,Sia,Snowman,11,0,69,96225,628257
0YwBZKT8JE4U5TwmYE9BV9,1dfeR4HaWDbWqFHLkxsg1d,Queen,Radio Ga Ga - Live Aid,72,0,64,11530,628228
43qX7PiMfluhGyrJrjcP9p,3Nrfpe0tUJi4K4DXYWgMUX,BTS,I Need U,40,0,106,41845,627388
5A6AfI5wfTAY7xnxu1PSUq,2koP6FEfIEVk4l2Fe6jFhu,JO1,Venus,14,0,120,52996,626839
1j15Ar0qGDzIR0v3CQv3JL,3c0gDdb9lhnHGFtP4prQpn,KATSEYE,Gnarly,12,0,152,56242,625668
182OyyWbwrYpOgV2F5F01C,1luOe8HkZQ7zwuaO2wuJqI,[Alexandros],Pray,54,0,78,14309,625342
2KBEZQEPc5d0yl5WhPr26x,1qma7XhwZotCAucL7NHVLY,Mr.Children,365日,76,0,103,11311,624543
0k0GtcnyQLMiXrdEDbLXmJ,6HaGTQPmzraVmaVxvz6EUc,Jung Kook,Please Don't Change,11,0,72,74680,622671
5hM6sP0Gh1jD57drszNueC,5pUo3fmmHT8bhCyHE52hA6,Liam Payne,For You (Fifty Shades Freed) (& Rita Ora),102,0,63,8711,621012
5ndfVSDyPq90jaIUhNPeby,6jJ0s89eD6GaHleKKya26X,Katy Perry,Chained To The Rhythm,143,16,5,8277,620198
6zDdJuNxffMhQWr8IE4S7k,4wCW8kZ8LL7QIdcE8EOKPP,BE:FIRST,Grow Up,11,0,64,76073,619411
4fmYHgAPwjhXYwjmVvmo9n,5ki9pRkPNIXLjuiqG1Jh84,KinKi Kids,硝子の少年,10,0,56,94790,619080
0gcTaw7aYWnAKsgIYJsvAt,2vjeuQwzSP5ErC1S41gONX,CHANMINA,Don't go,18,0,120,40403,616880
1sgDyuLooyvEML4oHspNza,23fqKkggKUBHNkbKtXEls4,Kygo,Lose Somebody,30,0,105,23527,615482
0bDYceyQd1jnJO4sK47YxU,0XATRDCYuuGhk0oE7C0o5G,MAMAMOO,Dingga,23,0,93,33873,614865
1PeBPKbOCc370rnLKploBL,4SpbR6yFEvexJuaBpgAU5p,LE SSERAFIM,ジュエリー (Prod. imase),13,0,110,53913,612075
3FARQP8fA49bSsTWjNyWmY,5r1tUTxVSgvBHnoDuDODPH,IZ*ONE,Secret Story of the Swan,30,0,83,28168,610317
2RoYgkPzUY0vY7lhUuyus1,28ot3wh4oNmoFOdVajibBl,NMIXX,DASH,13,0,152,49764,610207
5WaSJKCZhmRZ8Pxn1oTjA5,6mEQK9m2krja6X1cfsAjfl,Ado,永遠のあくる日,18,0,91,41672,610153
6NMNgWgEAzde5M8U3lc6FN,3TVXtAsR1Inumwj472S9r4,Drake,Fake Love,169,0,14,6453,609357
78LQTUp1f8APWgFNZNOD5y,3NRXKeatDxKe4apH6XawKX,DA PUMP,if...,86,0,111,8620,609129
7fjPGuy2gOewuexxESLnZI,2KEqzdPS7M5YwGmiuPTdr5,Rina Sawayama,This Hell,13,0,158,49271,609105
5enxwA8aAbwZbf5qCHORXi,06HL4z0CvFAxyc27GXpf02,Taylor Swift,All Too Well (10 Minute Version) (Taylor's Version) (From The Vault),18,0,108,39181,608776
6xTU6B6nFwKKTSZ9ySXS80,23fqKkggKUBHNkbKtXEls4,Kygo,Remind Me to Forget,90,0,75,8384,607938
46jFfrQdRnKSb4uuPDQSne,5YneEA2nLtAhkD5t2769lZ,Ikimonogakari,気まぐれロマンティック,12,0,170,54332,605932
7M9lc2hHXKQobbHQ31Yg2v,64tJ2EAv1R6UaZqc4iOCyj,YOASOBI,Monster,20,0,91,40272,605760
034BqEUIVYlkjTZU4CRT9y,71KI7v1YqVU8cIFzBl47dh,もさを。,冬のプレゼント,22,0,123,32609,605390
6QqrxJe1iQxwLY6he6FLFo,36cgvBn0aadzOijnjjwqMN,ILLIT,Midnight Fiction,13,0,156,50384,604874
6Mavd9uk89Y9OTdvcDTfGG,61H9d7hbIfFNxJJQmIL9AJ,Kinokoteikoku,クロノスタシス,22,0,123,32082,604836
0vaxYDAuAO1nPolC6bQp7V,4TEK9tIkcoxib4GxT3O4ky,KISS OF LIFE,Midas Touch,13,0,164,50319,604638
2RttW7RAu5nOAfq6YFvApB,6eUKZXaKkcviH0Ku9w2n3V,Ed Sheeran,Happier,148,0,19,10933,603101
2uZO9HX0ShlPjTnn7LCCWd,0hSFeqPehe7FtCNWuQ6Bsy,BUMP OF CHICKEN,月虹,46,0,49,21542,600263
73ArT6hwIIwwiltPo1aUlb,0GZ65zwBwkkwGNJ3zagtTZ,MILLENNIUM PARADE,FAMILIA,20,0,91,37450,599794
3BbfgC1wM6x5TRYgAVZYi0,7n2Ycct7Beij7Dj7meI4X0,TWICE,SIGNAL,169,0,53,6135,599592
2wIGnFXppV7dbp8I1bmA9B,6oued35Hkg7GIEXqVfBrQK,WurtS,コズミック,18,0,132,36305,598071
60QO7SvW5aaFgMLvltlr6E,77SZmOd2zA3L3n9x697iWb,Naoto Inti Raymi,Overflows~言葉にできなくて~,150,0,87,5800,597126
3l8rIBKJUDQFqQfKvcpQ1w,2nvl0N9GwyX69RRBMEZ4OD,kessoku band,Distortion!!,16,0,156,43881,597031
2xLMifQCjDGFmkHkpNLD9h,0Y5tJX1MQlPlqiwlOH1tJY,Travis Scott,SICKO MODE,85,0,64,16609,596688
32h6yQGn4oAhZ0HRsTMX26,0ghlgldX5Dd6720Q3qFyQB,TOMORROW X TOGETHER,CROWN,46,0,30,19662,595714
6U1HaCuOL1ZouGk0OEpEbS,1g51NlHKUXlgfvGP22m0uD,J SOUL BROTHERS III,HAPPY,181,0,20,5882,595356
51PIvodunv6NmX5250zxAh,1HY2Jd0NmPuamShAr6KMms,Lady Gaga,The Cure,106,0,11,9956,594540
5k38wzpLb15YgncyWdTZE4,02kJSzxNuaWGqwubyUba0Z,G-Eazy,Him & I,99,0,53,9463,593592
3IYcbagYZ9z1Svaw8B33Pd,7i9bNUSGORP5MIgrii3cJc,B'z,イチブトゼンブ,15,0,57,65900,593348
0xHgclG2TeqIzB8N3Wb5rP,7nqOGRxlXj7N2JYbgNEjYH,SEVENTEEN,HIT,45,0,55,20430,593243
6hsBxoVdj9mg9m4tHlYE5K,6mEQK9m2krja6X1cfsAjfl,Ado,MAGIC,10,0,125,62708,592382
3fiWSSrUn4xaUO1VyqIf1K,6wxfx1yhyqjCPYwwxJktR2,King Gnu,McDonald Romance,39,0,95,22994,592131
3DQpLIMxbEw22X4kdA0rTo,4XFkDALFTsSHVnRtJSsaMN,Number_i,幸せいっぱい腹一杯,9,0,63,99844,591253
6fxVffaTuwjgEk5h9QyRjy,6eUKZXaKkcviH0Ku9w2n3V,Ed Sheeran,Photograph,266,0,37,9893,590342
7x0ZuC7zKDiAzGfVVJYf83,31VPfrPEa86aKpD2LT3Ued,Naotaro Moriyama,さくら - 独唱,105,0,93,10094,589265
59qrUpoplZxbIZxk6X0Bm3,07YZf4WDAMNwqr4jfgOZ8y,Jason Derulo,Take You Dancing,27,0,173,23561,588027
6u6hU2ZikSQ8PdPC3yVYbH,2koP6FEfIEVk4l2Fe6jFhu,JO1,Your Key,12,0,132,53458,587539
0tSkMuKKrLXEfxc58cEhFX,6RHTUrRF63xao58xh9FXYJ,IVE,Off The Record,13,0,148,48414,586380
63SevszngYpZOwf63o61K4,3EOEK57CV77D4ovYVcmiyt,Dennis Lloyd,Nevermind,102,0,85,7387,586370
7jKwFhIqA1a1HLk6AsVDYc,3KonOYiLsU53m4yT7gNotP,TREASURE,YELLOW,11,0,135,58716,585599
0mel2N9Ws9r4yLQn5QE21Y,2wY79sveU1sp5g7SokKOiI,Sam Smith,Too Good At Goodbyes - Edit,54,16,5,14717,584847
2pRDePLZ711P88ixSfkYuS,2yPOqQXgXAw3TVjCNReIrD,Nulbarich,VOICE,62,0,40,16510,584339
5MuDopbi2aVxg8HjwJd3T6,7JthQ6zwNzfxRfIEjp6wUs,HIRAIDAI,Life goes on,27,0,111,24881,584226
28TAkBbHM8l9GYR0dPtCQ5,5MRAExqyhUPkktT9yWNvIe,KICK THE CAN CREW,クリスマス・イブRap,32,2,6,65234,581918
27SdWb2rFzO6GWiYDBTD9j,5WUlDfRSoLAfcVSX1WnrxN,Sia,Cheap Thrills,266,0,26,4564,581590
6FZGeOJzBQ6KI8lyqaztae,1EowJ1WwkMzkCkRomFhui7,RADWIMPS,ふたりごと - 一生に一度のワープVer.,283,0,81,3871,580120
0139mjI8ijLp4SYOGjYZUG,6RHTUrRF63xao58xh9FXYJ,IVE,Accendio,11,0,138,58330,580046
1vvNmPOiUuyCbgWmtc6yfm,7CajNmpbOovFoOoasH2HaY,Calvin Harris,My Way,138,10,7,6929,580031
5ONOlTiqymhzwcFjqcIT6E,6HaGTQPmzraVmaVxvz6EUc,Jung Kook,Hate You,10,0,71,72852,578487
18fNMIIjs0Hu2zozNacmad,0FnDCrmcQT8qz5TEsZIYw5,Awich,どれにしようかな,19,0,128,34149,577031
2VZsN0yEEVmEsohRi56wEm,3cbd5GWGOknxmFAe77MDbk,ELLEGARDEN,Mountain Top,16,0,98,46588,576372
5elW2CKSoqjYoJ32AGDxf1,5t5FqBwTcgKTaWmfEbwQY9,ENHYPEN,Polaroid Love,20,0,153,32225,576249
6bYJAOHKCvy9cSEAUR8NvG,3Nrfpe0tUJi4K4DXYWgMUX,BTS,Fire,18,0,129,37027,575246
0xmEcb4yhUy5PS8MHdAvmc,3Nrfpe0tUJi4K4DXYWgMUX,BTS,Butter (Cooler Remix),21,0,155,30890,575215
3wDk1Pi2XQ2Ti8hRUCXZE8,1AyWsgtaIgXbzjJlTx2ZDp,AAA,笑顔のループ,68,0,59,11995,574508
6tcmYE9F8i2EHJEPDzu8s4,1g51NlHKUXlgfvGP22m0uD,J SOUL BROTHERS III,SCARLET,44,0,66,17539,573193
3eGKvQ0eYpyl28lMo8ZT93,64tJ2EAv1R6UaZqc4iOCyj,YOASOBI,Blue,16,0,83,47196,572683
7w05lsU2VLSeiT8Nukrv5M,3Nrfpe0tUJi4K4DXYWgMUX,BTS,Friends,24,0,53,41596,571701
0mjAU3yKR1QnXnHtjGJqTM,5Pwc4xIPtQLFEnJriah9YJ,OneRepublic,Rescue Me,55,0,99,12196,571133
4u3Xyot6RXdzrwbJq2cdgC,7i9bNUSGORP5MIgrii3cJc,B'z,Get Wild,11,0,80,74028,570605
3gahDIUGQT0Hlmf5zNN4ta,4wCW8kZ8LL7QIdcE8EOKPP,BE:FIRST,SOS,10,0,66,74520,568410
3rQjCycDV0Ibadg6A1Nq45,7n2Ycct7Beij7Dj7meI4X0,TWICE,KNOCK KNOCK,197,0,73,5664,567860
5cZUp0PoAYzsXefD0pdALc,2dIgFjalVxs4ThymZ67YCE,Stray Kids,GIANT,9,0,62,89508,567373
0D0RLKxs1x9BfEnaFUfKCl,6POfB0fHdzXFLWL3RHxLv8,Creep Hyp,青梅,13,0,141,46755,567361
2TQsZUVhevVTtNUil5JoJv,7lbSsjYACZHn1MSDXPxNF2,Hikaru Utada,桜流し,20,0,93,41672,566790
0vMBqdJIkmflvFk728hKH7,0hSFeqPehe7FtCNWuQ6Bsy,BUMP OF CHICKEN,Sleep Walking Orchestra,12,0,118,59471,566372
55O5PJor96At64xOQSWnkc,64tJ2EAv1R6UaZqc4iOCyj,YOASOBI,RGB,18,0,96,39843,565647
1SJtlNRJDeYHioymcvsqev,4nDoRrQiYLoBzwC5BhVJzF,Camila Cabello,Crying in the Club,93,0,31,7302,565460
6UuFA519L632UBpMbueCi0,0ySFZq3Wd0SQUyJUzmJAeb,sumika,願い,30,0,51,29485,564878
0PUoNLjLtrSCNwIvvbERS2,1EowJ1WwkMzkCkRomFhui7,RADWIMPS,愛にできることはまだあるかい,27,0,57,36443,564249
0lO1oO4pUGZU8FTBTp46SF,4XFkDALFTsSHVnRtJSsaMN,Number_i,INZM - Hyper Band ver.,9,0,74,87859,564016
1jHUljgXl2Xj1HGAwulnO5,2koP6FEfIEVk4l2Fe6jFhu,JO1,Gradation,13,0,107,52237,563751
50Pkgagprn8o30YCbpDkl8,7JthQ6zwNzfxRfIEjp6wUs,HIRAIDAI,永遠に続く日々の階段を,14,0,134,43787,562401
0b9oOr2ZgvyQu88wzixux9,73sIBHcqh3Z3NyqHKZ7FOL,Childish Gambino,This Is America,50,4,7,21457,561211
6LIpqsMbsfc8I7F0dsFXsv,4kmKTxjchPXGEcnpiW8iTx,柊マグネタイト,テトリス,12,0,183,50421,560731
63V6CgRiFhyxaNWpreSryC,4WqXqPmUuenMIr4QaFrZXN,Saucy Dog,現在を生きるのだ。,13,0,106,49155,559739
6NFyWDv5CjfwuzoCkw47Xf,06HL4z0CvFAxyc27GXpf02,Taylor Swift,Delicate,72,0,49,11645,559708
3RauEVgRgj1IuWdJ9fDs70,06HL4z0CvFAxyc27GXpf02,Taylor Swift,The Man,34,0,44,25835,559097
2sXf2JdbB2GlNju00kw9WE,0du5cEVh5yTK9QJze8zA0C,Bruno Mars,Skate,16,0,77,45174,558314
2uFaJJtFpPDc5Pa95XzTvg,49e4v89VmlDcFCMyDv9wQ9,Dean Martin,Let It Snow! Let It Snow! Let It Snow!,11,0,69,94467,557804
6k3U1g0Tu11V1AcVzSt6re,1dTvYIUWdOcBXYyUWhi91W,Girls Planet 999,O.O.O (Over&Over&Over),19,0,119,36761,557368
07Oz5StQ7GRoygNLaXs2pd,56oDRnqbIiwx4mymNEv7dS,Lizzo,Good As Hell,35,0,91,19295,557252
5f2TWu6R2YYCJtLQ0fP78H,41qil2VaGbD194gaEcmmyx,Will Smith,Friend Like Me,42,0,57,19264,557128
6fJEKpVd2PwWXQOiQ6vvHB,2koP6FEfIEVk4l2Fe6jFhu,JO1,ひらく,10,0,128,60517,556877
3yCVsL9xnnnhtOQ1CfPD7W,7lbSsjYACZHn1MSDXPxNF2,Hikaru Utada,あなた,11,0,99,66154,556600
3i01M7jnvBYrhG6YnAqCdC,7n2Ycct7Beij7Dj7meI4X0,TWICE,Like Ooh-Ahh,182,0,72,6772,556474
56cswAa9WdFBsjsTyPBAKA,6TIYQ3jFPwQSRmorSezPxX,mgk,Bad Things - With Camila Cabello,148,0,13,6631,555961
2E2Ax3uzsMRM1KbzSzHfB3,0hSFeqPehe7FtCNWuQ6Bsy,BUMP OF CHICKEN,Small world,18,0,109,36720,555073
3YJJjQPAbDT7mGpX3WtQ9A,7tYKF4w9nC0nq9CsPZTHyP,SZA,Good Days,24,0,156,24656,554983
5IaHrVsrferBYDm0bDyABy,5LHRHt1k9lMyONurDHEdrp,Tyga,Taste,94,0,81,7613,553805
5Xn4IyTtW6FUGIUyWjbUHG,07YZf4WDAMNwqr4jfgOZ8y,Jason Derulo,Goodbye,66,0,28,14998,553585
3cLn8Hci5ksZP4rVKGEeMk,1EowJ1WwkMzkCkRomFhui7,RADWIMPS,MAKAFUKA,18,0,115,36065,553201
7gFOVCXR5mrSkv1O3n7GXu,1EowJ1WwkMzkCkRomFhui7,RADWIMPS,有心論,73,0,55,61211,551346
4GLeHXOyA4gdTzxp5VxTu5,0ixzjrK1wkN2zWBXt3VW3W,Yuuri,アストロノーツ,12,0,114,52066,550803
4grVYKKkBF1oxFlzLokRKN,0jWCX6zp4RjWrmZRxJ2uri,Novelbright,seeker,20,0,148,30913,550461
34sW3HrJsxAmbNqlmSoYvu,7cjg7EkeZy3OI5o9Qthc6n,ZEROBASEONE,GOOD SO BAD,10,0,100,61108,548410
7HaUkQ34NYlOXFFspHeoG6,5vV3bFXnN6D6N3Nj4xRvaV,Jin,Falling,7,0,53,106894,547590
35a21TsJpAibvzwzTUHCi5,1nzId6SLDDTUTRV7lNbgxp,King & Prince,halfmoon,10,0,85,72457,547552
3sIRVjhHx7tlf6ofHUJvDF,1Fe6FA7A57suR2KAaERpqH,¥ellow Bucks,Higher - Remix,12,0,152,47347,547417
5voKDnuTGXBnIZbAqWnb8R,0ghlgldX5Dd6720Q3qFyQB,TOMORROW X TOGETHER,Ghost Girl,10,0,123,62453,546454
6XHVuErjQ4XNm6nDPVCxVX,7bXgB6jMjp9ATFy66eO08Z,Chris Brown,No Guidance,45,0,60,17104,546390
7FyHSAzfTFu88aDOpOIVtH,7JthQ6zwNzfxRfIEjp6wUs,HIRAIDAI,Story of Our Life,127,0,41,8288,543982
72hy5aHFbC5U6vOF3bwpMv,71hQB5jxdNiHk5gzZRhicQ,Sonoko Inoue,どんなときも。,228,0,68,3206,543610
0d5q0e3MHwAUJIUd2UbH28,1g51NlHKUXlgfvGP22m0uD,J SOUL BROTHERS III,Welcome to TOKYO,224,0,21,4325,542883
2hR3yLXHkMQLvdOPR8LGQp,1m9ZvxLFfX9avls54a0y40,Belle,心のそばに,15,0,72,50282,542575
4hPpVbbakQNv8YTHYaOJP4,64KEffDW9EtZ1y2vBYgq8T,Marshmello,One Thing Right,44,0,78,15901,542391
6ePyl2ns4b7MVYhjsj32ZK,3Nrfpe0tUJi4K4DXYWgMUX,BTS,Intro: Singularity,55,0,49,39532,541264
3QNCiazvqgYHkFIu79152v,4L9VSeE7K3BTBndqEL9A6q,Nissy,Get You Back,21,0,128,28737,539881
7gspVQa13prQbNABCRacwE,1k5LyiTCRzPjORzcgHqJxF,Kanaria,Rendezvous,14,0,133,42335,539821
7fYJOWWC3POzPz6x35WIrV,3x621ItlHMtX7mrJ8QnEjM,HY,三月の陽炎,84,0,116,7698,539616
2MNBkwLzJuCzVQ8Z3G9qJo,6wxfx1yhyqjCPYwwxJktR2,King Gnu,一途 (ALBUM ver.),10,0,64,87994,538727
0goYIHlWef73ZG6lNlrJ15,6WmXWHmfBMhupyIs8MSqtu,natori,IN_MY_HEAD,10,0,123,61569,538689
0mSBudD5zQoKSc9lH43BUc,3z8diLlUCkN1j9N9ZdnfBJ,NiziU,I AM,19,0,129,34708,537890
77VDkWDEygAiQ7r2kVURjx,6n4SsAp5VjvIBg3s9QCcPX,SUDA MASAKI,Keep On Running,21,0,116,29964,536620
1XLRilNlHfwxDYxA9yMlha,1Y5vJqABeI6QI6R95EDV6o,tuki.,アイモライモ,11,0,158,51535,535915
5Uw7Dut2lZfexn3Y09swpf,3hv9jJF3adDNsBSIQDqcjp,Mark Ronson,Find U Again,50,0,55,15604,535473
2LTD3HZawOhBaj0je219aA,1g51NlHKUXlgfvGP22m0uD,J SOUL BROTHERS III,Yes we are - J SOUL BROTHERS III from EXILE TRIBE,48,0,57,13391,535344
59rhrmvQl2CtQBd6W8NeQO,08lN7bm4Etec8ETFxaTUmq,Nogizaka46,Monopoly,11,0,76,70362,534345
1hDXjz81MwpB1dEN2jzgrl,4v5IVXt3oH0iNuxW9O36BV,FRUITS ZIPPER,はちゃめちゃわちゃライフ！,10,0,174,57494,533659
0HySSZyKbJG9MDIQnS9ivD,4L9VSeE7K3BTBndqEL9A6q,Nissy,君に触れた時から,17,0,88,43138,533345
5qNh5WtzMbfpSj2jLlBkoD,6qqNVTkY8uBg9cP3Jd7DAH,Billie Eilish,Your Power,16,0,96,40483,532422
2ONi14mdKpYBpbC5bIq3Dl,3GP0RQRnBvpYVgdVYfcaGS,Yabai T-Shirts Yasan,かわE,58,0,94,11701,531115
7jySjfSI1mgrOhu2jgt9cg,22wa94PJF9zyFJMTp2BYus,ReN,One Last Try,18,0,123,33526,531101
6KxgptZSrQC4Vv21ZBOG7S,164Uj4eKjl6zTBKfJLFKKK,JVKE,golden hour - Fujii Kaze Remix,11,0,60,68504,531059
7znFWDzgm3Ld5fpze6EJp5,0ghlgldX5Dd6720Q3qFyQB,TOMORROW X TOGETHER,Force,20,0,116,31214,531004
1zszoj2ksG8F5rDy63RwY2,2IUl3m1H1EQ7QfNbNWvgru,Vaundy,ZERO,10,0,93,59229,530936
5okAqlWhkOADHjd61PKslW,5kVZa4lFUmAQlBogl1fkd6,Aimyon,姿,11,0,88,57468,530558
38pEX03GFZ0PfFDaOrpKOM,5t5FqBwTcgKTaWmfEbwQY9,ENHYPEN,Bad Desire (With or Without You),9,0,92,68989,530111
1zi7xx7UVEFkmKfv06H8x0,3TVXtAsR1Inumwj472S9r4,Drake,One Dance,158,0,17,4895,529967
0as7lPxkBPctZ7uVmchRNM,2LZDXcxJWgsJfKXZv9a5eG,Cashmere Cat,Miss You,99,0,100,6515,527721
1ZEm9cJC05rawV2tptNfTS,0hCNtLu0JehylgoiP8L4Gh,Nicki Minaj,Bed,67,0,48,11517,527714
1fP8o0lIaSIE5jEeblT8df,28ot3wh4oNmoFOdVajibBl,NMIXX,Roller Coaster,12,0,130,49603,527013
0fg8CqpjdojMyXLNzM2PaJ,738wLrAtLtCtFOLvQBXOXp,Major Lazer,Run Up,112,0,12,6823,526560
6b0wum5uIKLGHC6TIRPYZW,6sX1XKgDIiAcVZof0SgWUe,Koresawa,たばこ,37,0,174,18516,525846
2SYa5Lx1uoCvyDIW4oee9b,3Nrfpe0tUJi4K4DXYWgMUX,BTS,MIC Drop,128,0,33,8906,525334
4F1yvJfQ7gJkrcgFJQDjOr,4qBgvVog0wzW75IQ48mU7v,KYLE,Playinwitme,80,0,49,11017,524745
4kKdvXD0ez7jp1296JmAts,1Mxqyy3pSjf8kZZL4QVxS0,Frank Sinatra,Let It Snow! Let It Snow! Let It Snow!,28,0,40,73997,523321
2ISFfVz2EALjmUHfDxRnsB,0aD7NQx7yauKlVDnqOxk6q,AI,キラキラ,113,0,52,7723,522531
5wxYxygyHpbgv0EXZuqb9V,0b1sIQumIAsNbqAoIClSpy,j-hope,on the street,12,0,102,55193,521941
2fQrGHiQOvpL9UgPvtYy6G,1URnnhqYAYcrqrcwql10ft,21 Savage,Bank Account,137,0,63,4693,521762
2habSXqcJGExM6JJyskY7O,5YGY8feqx7naU7z4HrwZM6,Miley Cyrus,Malibu,87,1,10,10221,521300
3yDRcs0Y4pPzkvMbUfeF9H,5L1lO4eRHmJ7a0Q6csE5cT,LISA,Moonlit Floor,10,0,145,55440,521279
291j3B0q0RBJ15y3TRTzA5,7mvhRvEAHiCTQHUnH7fgnv,Tatsuya Kitani,ずうっといっしょ！,11,0,187,49064,520338
05qgaAIIEFSkrrvxqb5np2,1qM11R4ylJyQiPJ0DffE9z,Lilas,蒲公英,13,0,132,45462,520176
55h7vJchibLdUkxdlX3fK7,0du5cEVh5yTK9QJze8zA0C,Bruno Mars,Treasure,207,0,54,35019,520046
7KiWXcpvSGfos4Vsqd3RTh,7cjg7EkeZy3OI5o9Qthc6n,ZEROBASEONE,Lovesick Game,8,0,93,75720,517538
7fUYUcWy853HS8YJn0b3Sr,7CyeXFnOrfC1N6z4naIpgo,The Ronettes,Sleigh Ride,12,0,72,82663,517283
6KerECWKSko16Qbof4gwst,7n2Ycct7Beij7Dj7meI4X0,TWICE,Merry & Happy,26,0,71,91910,517247
4c1WgUnHXq2LEncGHKgj1I,3Nrfpe0tUJi4K4DXYWgMUX,BTS,Dream Glow (BTS World Original Soundtrack) - Pt. 1,36,0,41,21203,516742
4cXlM7IelyGNnaOiROPZqn,0JROVv4P85ZVPFbaJIqAty,Kiro Akiyama,アイデンティティ,20,0,129,28760,516190
2cKovq3l6OJjhVVDbVKOsr,5F1aoppMtU3OMiltO8ymJ2,Hugh Jackman,The Other Side,68,0,51,10330,515602
7lRCvofuqk5YZinCcxiYXK,4UK2Lzi6fBfUi9rpDt6cik,Yorushika,雨とカプチーノ,38,0,55,20883,514241
1ZwZRpRBph6BjdZU1awEJN,4HfuyMMy295oBvbIuXr0v8,GENERATIONS from EXILE TRIBE,DREAMERS,40,0,103,15850,514071
1trFxVLL8WKhYap543e74l,3Nrfpe0tUJi4K4DXYWgMUX,BTS,Airplane pt.2,70,0,28,15092,514038
1JNQLqxqvwHDekTfOhs4wu,4UK2Lzi6fBfUi9rpDt6cik,Yorushika,太陽,9,0,69,74971,513950
7bF2eIMVRDXvT2OqJJYhAq,4UTEZqrPqLDOhBfraPNciJ,Daichi Miura,DIVE!,59,0,25,13725,513352
4vrCxIPGj6nUdvm1zsiKxO,5Vo1hnCRmCM6M4thZCInCj,OFFICIAL HIGE DANDISM,旅は道連れ,39,0,125,15083,512790
2mgzUVvDpb1zMSB4glLQ6T,6YVMFz59CuY7ngCxTxjpxE,aespa,Life's Too Short - English Version,14,0,107,40637,512609
4kjF1ooqgWABonCJOQee0Y,24r8fVuKK3xtC1L7iSiM4O,EXILE ATSUSHI,ITO,126,0,85,6832,512562
2ZlCGeK30BLRNSPC832pNZ,1uNFoZAHBGtllmzznpCI3s,Justin Bieber,Forever,24,0,70,27511,512448
0Sx3GMBObLblt6LtHoJnqJ,7cjg7EkeZy3OI5o9Qthc6n,ZEROBASEONE,SLAM DUNK,8,0,92,67081,511779
43ZyHQITOjhciSUUNPVRHc,3wyVrVrFCkukjdVIdirGVY,Lil Pump,Gucci Gang,105,0,55,6996,510979
1j0gnUsr5Txd8Oq4wbzlRg,7lbSsjYACZHn1MSDXPxNF2,Hikaru Utada,Too Proud,36,0,11,21214,508935
4EIFwndJvGpgFjsEbNuYif,250b0Wlc5Vk0CoUsaCY84M,JENNIE,ExtraL,10,0,138,56554,508928
6wVOY8vYQhBWcozuiUdzGG,7hAHFeP5IiecsxxczqKt0U,AKKOGORILLA,ゲリラ × 向井太一,62,1,7,15434,508689
4LjzrLpEG9VeKiZTngLfov,5Vo1hnCRmCM6M4thZCInCj,OFFICIAL HIGE DANDISM,犬かキャットかで死ぬまで喧嘩しよう!,42,0,150,16152,504773
2QaD2jnLNJgvyjT84hODSE,0MK8l3nURwwQIjafvXoJJt,ASIAN KUNG-FU GENERATION,エンパシー,15,0,100,38813,504024
0ZiO07cHvb675UDaKB1iix,0bAsR2unSRpn6BQPEnNlZm,Aimer,コイワズライ,17,0,137,34858,503767
4XaG9IpCXklOcuau1sIrUX,1dfeR4HaWDbWqFHLkxsg1d,Queen,We Are The Champions - Live Aid,66,0,97,9384,503104
5eAkw6em1YXlcEDfbdtjqm,1AyWsgtaIgXbzjJlTx2ZDp,AAA,BAD LOVE,40,0,121,14412,501052
1N1ZpYUJc9fwrqk53FGgWv,5WUlDfRSoLAfcVSX1WnrxN,Sia,Santa's Coming for Us,25,1,7,66401,500262
2rPvbloYiatOGsvWWvR62H,0ghlgldX5Dd6720Q3qFyQB,TOMORROW X TOGETHER,5時53分の空で見つけた君と僕 - Japanese Ver.,19,0,116,30883,498912
0nf8MexP7oxLci3BvumOR5,2XjqKvB2Xz9IdyjWPIHaXi,Sheena Ringo,目抜き通り,128,0,19,7569,498124
6xGruZOHLs39ZbVccQTuPZ,3MZsBdqDrRTJihTHQrO6Dq,Joji,Glimpse of Us,15,0,123,36897,497645
2ZStgCWKBGrHsI6y7iStma,456uhEUGfOBCtJXdqcwhUZ,Radio Bootsy,春は溶けて,18,0,133,30571,494391
0bGiEGMpJ50OyVcb8elPOk,0GZ65zwBwkkwGNJ3zagtTZ,MILLENNIUM PARADE,GOLDENWEEK,8,0,57,91173,494101
11VApNQCWLJdzxWrlmwzUa,5cj0lLjcoR7YOSnhnX0Po5,Doja Cat,Say So,22,0,91,25231,493124
6SpPr7K4YQ2wp8jU6uOTmQ,1z4g3DjTBBZKhvAroFlhOM,Red Velvet,Queendom,18,0,135,30620,492936
7d5uA21GZEzdlnyP251Ou0,0FnDCrmcQT8qz5TEsZIYw5,Awich,RASEN in OKINAWA,12,0,146,43736,491307
1yJPrLIG331UD52HiuE2AK,6MGHit7sV38BhpChZYByFv,SHISHAMO,僕に彼女ができたんだ,11,0,169,50550,490955
0r4ZEc2sbj3xQBAa0pdRU6,706WzkJEacBrtkHKRpBU2q,Motohiro Hata,仰げば青空,41,0,31,20430,490900
0rTV5WefWd1J3OwIheTzxM,6LuN9FCkKOj5PcnpouEgny,Khalid,Talk,54,0,82,12317,490720
5A4xCfm0MybwPbAdVqoJe2,7JthQ6zwNzfxRfIEjp6wUs,HIRAIDAI,Beautiful,151,0,84,10592,490341
1vLQ5s4eumtmUcov4cP9jt,6mEQK9m2krja6X1cfsAjfl,Ado,わたしに花束,9,0,132,57901,490199
1SV1fxF65n9NhRHp3KlBuu,4STHEaNw4mPZ2tzheohgXB,Paul McCartney,Wonderful Christmastime - Edited Version / Remastered 2011,9,0,75,79280,490115
5hYTyyh2odQKphUbMqc5gN,2wUjUUtkb5lvLKcGKsKqsR,Alessia Cara,How Far I'll Go,130,0,13,7079,489989
0qYTZCo5Bwh1nsUFGZP3zn,1r4hJ1h58CWwUQe3MxPuau,Maluma,Felices los 4,162,0,67,3516,489253
2mvabkN1i2gLnGAPUVdwek,06HL4z0CvFAxyc27GXpf02,Taylor Swift,Christmas Tree Farm,11,0,52,70629,488045
6fJW5vgrTBrKksFKApn7v2,49pGKUCSjzaCfv8gdTWG98,BOYS PLANET,Jelly Pop,10,0,80,63593,487664
4fDWZUtMp2Aoe8wmenloa7,38WbKH6oKAZskBhqDFA8Uj,ZUTOMAYO,MILABO,17,0,71,35795,487479
0qmF7YXfxp15wDexlK1tTt,2Hf3gzOBTpBaL0SqyPjX8m,Ren,最低,13,0,137,41638,487399
2Rl3nS8Alh9sTrJDC0RJuF,1luOe8HkZQ7zwuaO2wuJqI,[Alexandros],風になって,18,0,141,30589,486116
28WPVv3qFvP7YfSX8hSuEO,2XMxWKPKCxoLkSdpCViCnr,Perfume,Time Warp,20,0,134,30206,485512
0lPCZSxu5cWCTGpmu0FvLo,1mN9lPKzTRTOop4u7S1Uy9,iri,SUMMER END,40,0,110,14142,485456
0cIVCiubtjItV9lIFbYvHt,0qC4CNzOUtgdmdVzRqCa1d,STUTS,Presence II,13,0,79,49008,485102
47SwIsb5kBcICLVYgxgQbJ,7cjg7EkeZy3OI5o9Qthc6n,ZEROBASEONE,Star Eyes,8,0,108,65237,484390
4VKWiIiwvvvyfinehO6njT,7cjg7EkeZy3OI5o9Qthc6n,ZEROBASEONE,Goosebumps,8,0,92,67432,484278
14sOS5L36385FJ3OL8hew4,23fqKkggKUBHNkbKtXEls4,Kygo,Happy Now,56,0,51,11991,483966
0NcKo2eMGsFWinUHR2gUuG,7JthQ6zwNzfxRfIEjp6wUs,HIRAIDAI,小さな丘の木の下で,14,0,100,41046,483233
2RUT8yZJklRTMV07TmaxIb,08lN7bm4Etec8ETFxaTUmq,Nogizaka46,Sing Out!,43,0,64,13884,482269
1lLveLAU3qJ0nhraLoRTAi,1XYuC1vxinTjHCNd5clB8C,ARASHI,Turning Up (R3HAB Remix),27,0,66,27105,482050
5Fhr3wqeieN5WDkAsqL1JJ,0b1sIQumIAsNbqAoIClSpy,j-hope,MONA LISA,9,0,140,59511,481984
2EEeOnHehOozLq4aS0n6SL,4qBgvVog0wzW75IQ48mU7v,KYLE,iSpy,128,0,31,5192,480802
5GTccPE0uhQz7nN0R1LN0Q,58oPVy7oihAEXE0Ott6JOf,Eve,ぼくらの,12,0,138,44777,480446
3fPilEQed9XCVEMHqvXsmg,38WbKH6oKAZskBhqDFA8Uj,ZUTOMAYO,シェードの埃は延長,10,0,140,56300,479068
41NIQxcwqfE4M4iJ6UQHFX,1LQQtqc1vQ1neUgZrjYlEU,Yumi Matsutoya,"Hello, my friend",59,0,21,15236,478754
3GOPpPhR2FYGvIE0WdZdeT,6mEQK9m2krja6X1cfsAjfl,Ado,Ibara,8,0,72,70287,478304
3SAv82Quz3LQyBJcBdYdK2,1g51NlHKUXlgfvGP22m0uD,J SOUL BROTHERS III,Movin' on,21,0,80,25373,477849
5LRSwCkhEuGlpsZbr5CNED,22FsmLO3ZyvgWBy5QbfcQi,ayaka,Victim of Love,16,0,140,32638,477130
0SonLPh214mxlPF3ZjzuoL,1EowJ1WwkMzkCkRomFhui7,RADWIMPS,大団円,11,0,141,47403,477037
0cGlG9r39bvpKz9VU8IQao,0UZq6vAHrwGgctvxTzzxYm,Tokyo Ska Paradise Orchestra,Free Free Free,16,0,152,33099,475146
4R2kfaDFhslZEMJqAFNpdd,06HL4z0CvFAxyc27GXpf02,Taylor Swift,cardigan,17,0,71,35339,475046
3a5ROrkoS0v02BvZB7JHYr,449AEgfeOxqAuRn0uX6l3u,UNISON SQUARE GARDEN,イト,7,0,53,103148,474656
5Ohxk2dO5COHF1krpoPigN,6KImCVD70vtIoJWnq6nGn3,Harry Styles,Sign of the Times,88,0,14,8130,474314
0k4d5YPDr1r7FX77VdqWez,5cj0lLjcoR7YOSnhnX0Po5,Doja Cat,You Right,14,0,101,39689,472698
1yNyoWWWikbLhwIGWjZuDW,7gAppWoH7pcYmphCVTXkzs,The Vamps,All Night,117,0,20,5351,472299
0lMbuWUpfTWhEmOKxppEau,7CajNmpbOovFoOoasH2HaY,Calvin Harris,Rollin,94,0,16,9555,472190
2PP2JHhu02ATqc54cmtFn9,1jVpYW7JYxh4mWzrFVjipz,Hayato Sumino,Suzume,5,0,59,128236,471788
7Ed6BkggCS2KaKY5YlINaF,3Nrfpe0tUJi4K4DXYWgMUX,BTS,MIC Drop,83,0,39,10350,469638
3Bxs8Kc7R6V4sE3gB2d5Xl,0hCWVMGGQnRVfDgmhwLIxq,sakanaction,ナイロンの糸,27,0,41,23390,469239
59pUIlXjQupbiYwt40uUTi,68TWc4rraWK3C522KFdt0b,Mone Kamishiraishi,なんでもないや - movie ver.,139,0,11,8743,468572
7IDKyvH3DcGOQ1jxUlM1T5,1snhtMLeb2DYoMOcVbb8iB,Kenshi Yonezu,マルゲリータ ＋ アイナ・ジ・エンド,8,0,76,75469,468362
00L4r4akuKxe9s1Vr0v58j,79nkC8XZ5ohEVU0Xlf5Ael,SOUTHERN ALL STARS,Relay～杜の詩,11,0,138,48839,468220
7BHlLqdDjNlweYXdmAeFzN,2koP6FEfIEVk4l2Fe6jFhu,JO1,Bon Voyage,9,0,156,54862,467204
5rNgDrwH6xcPOux2Y4jrkm,5Vo1hnCRmCM6M4thZCInCj,OFFICIAL HIGE DANDISM,Travelers,37,0,146,14982,466551
752hyFmG6E2VtDSWH1vvqC,2koP6FEfIEVk4l2Fe6jFhu,JO1,Tiger,11,0,123,49932,466394
6XqvFyJGdUD5IWee02ARKU,1HBjj22wzbscIZ9sEb5dyf,Jonas Blue,Polaroid,68,0,80,9460,465819
4Wp6ygtQDJzjurmoLxgMHe,1luOe8HkZQ7zwuaO2wuJqI,[Alexandros],風になって - 1 Half ver.,19,0,138,28950,465294
3bNNvJA7hsGw0wSpGkfOBm,6HaGTQPmzraVmaVxvz6EUc,Jung Kook,Too Sad to Dance,8,0,76,70138,465128
0rduVGD3WmGciFFb6sUScg,14T8NkbwXVZgbOvwnuGV89,GReeeeN,オレンジ,192,0,108,3748,463758
3xkHsmpQCBMytMJNiDf3Ii,22wbnEMDvgVIAGdFeek6ET,Benson Boone,Beautiful Things,10,0,174,48676,463203
4o8viDm5IsaeQzS7hr2HpO,7cjg7EkeZy3OI5o9Qthc6n,ZEROBASEONE,Long Way Back,8,0,117,61236,462827
1RI9DeYuc16mTzr94zGjfC,1luOe8HkZQ7zwuaO2wuJqI,[Alexandros],アルペジオ,50,0,28,15742,462799
2GJxT761mGTQocouI2oLTe,7n2Ycct7Beij7Dj7meI4X0,TWICE,Jelly Jelly,158,0,99,4203,462315
222B3aljXx6fFwKmFjuBED,3e7awlrlDSwF3iM0WBjGMp,Little Mix,Woman Like Me,56,0,65,10240,461910
0jV3mnrW7d4k7pDoyl3gtU,0Ti7MfCiVVQAK8zLSiqlto,Sakurazaka46,自業自得,8,0,84,77895,460304
4Rby6ujcqaaZIav9LQ2u67,6m14xgA0m3w92UM7ujJgky,UVERworld,Decided,105,0,41,6207,459584
2x3ap6Qz17LPDTUkk7Xbyo,0GtBUVp1cWdIUKwm2GHTHc,Chatmonchy,Shangrila,80,0,101,7339,458287
1FDCEz8kY256zhDO2GjWuW,6bDWAcdtVR3WHz2xtiIPUi,Fujii Kaze,やば。,12,0,56,63036,457484
1Qg9jWGDkKAGZXj5v2OG59,04gDigrS5kc9YWfZHwBETP,Maroon 5,Wait,100,0,80,6729,457415
000xQL6tZNLJzIrtIgxqSl,5ZsFI1h6hIdQRw2ti0hz81,ZAYN,Still Got Time,160,0,17,6666,455874
0wfbD5rAksdXUzRvMfM3x5,69GGBxA162lTqCwzJG5jLp,The Chainsmokers,The One,101,13,4,13440,455754
5Frs0ai4Vz387B7nKi75JJ,1EowJ1WwkMzkCkRomFhui7,RADWIMPS,正解 - 18FES ver.,12,0,168,40521,454820
1D3ODoXHBLpdxolZRHWV1j,1HBjj22wzbscIZ9sEb5dyf,Jonas Blue,By Your Side,164,0,16,5452,454211
0RoA7ObU6phWpqhlC9zH4Z,2cQr2KbzdRtIFlfbHGnNsL,Ziv Zaifman,A Million Dreams,62,0,53,9741,453996
0n0KYkqU872R2y7B5FbDJX,1nzId6SLDDTUTRV7lNbgxp,King & Prince,ツキヨミ,9,0,135,58406,453991
1uve0KeJv73N3TEj5qaDht,6TDMbiQCWeMClsMr9ORLRK,aiko,ハニーメモリー,19,0,145,25416,453764
0rIAC4PXANcKmitJfoqmVm,2cWZOOzeOm4WmBJRnD5R7I,Normani,Motivation,36,0,114,15120,453129
43zdsphuZLzwA9k4DJhU0I,6qqNVTkY8uBg9cP3Jd7DAH,Billie Eilish,when the party's over,33,0,70,26803,451138
2XWjPtKdi5sucFYtVav07d,2qxJFvFYMEDqd7ui6kSAcq,Zedd,365,49,0,62,15098,450580
1eFkjqd632ACEpl0X6j3eK,7HwzlRPa9Ad0I8rK0FPzzK,SEKAI NO OWARI,YOKOHAMA Blues,38,0,49,18036,450258
5ktOhXvLj7mdQmAVdEA7OJ,1snhtMLeb2DYoMOcVbb8iB,Kenshi Yonezu,KICK BACK -ANIME edit,9,0,101,54290,448823
57vxBYXtHMk6H1aD29V7PU,1Xyo4u8uXC1ZmMpatF05PJ,The Weeknd,Heartless,29,0,76,21734,448600
4BQR7j2Wg0lkwfPq9O14gZ,2zUQjYvy0TevSi4d3PjqQO,MONGOL800,愛彌々,14,0,128,37466,448230
7GuQ29uGMvh4VbAKh2P66n,3z8diLlUCkN1j9N9ZdnfBJ,NiziU,虹の向こうへ,14,0,14,106514,447185
3dPCVrMwz2IF3lkhyrhQpZ,1CWmF1EcrKoWIbZt9Ivfg2,BLUE ENCOUNT,Bad Paradox,32,0,88,17672,446794
7lthOBXNue2IvedLRfkod8,3Nrfpe0tUJi4K4DXYWgMUX,BTS,HOME,32,0,12,30955,446739
2AkmdLbVKS1steeZdy8H1l,1dfeR4HaWDbWqFHLkxsg1d,Queen,I Want To Break Free - Single Remix,62,0,103,9091,445731
6G8kHiVZ1jW7vHMPVRNZU0,3TVXtAsR1Inumwj472S9r4,Drake,Don’t Matter To Me,44,1,7,18103,445488
7CdJxQfuNWmEOE9o5uOBeN,0B1ce3uNrzkdm76NXI4mhX,Tani Yuuki,ワンダーランド,11,0,145,44911,443442
3SJUczvQpCvWExiir6dqC7,5YPkOSqagMwjOWf7PLjHNF,上野大樹,て,9,0,85,57825,442754
4AlihYDqxXshKhvh5tnMfP,3Nrfpe0tUJi4K4DXYWgMUX,BTS,00:00 (Zero O’Clock),20,0,57,37815,442257
5KPVLTS7OzMlJxbOAnu1Yi,1KXJUpTiNeMv93LrJbbm7G,美波,水星 × 今夜はブギー・バック nice vocal meets Yuri on ICE,11,0,151,44618,440816
4v094LQ9eF10k2O2Te2ngK,1Hsdzj7Dlq2I7tHP7501T4,Niall Horan,Too Much To Ask,71,0,34,9258,440543
446I5WnjEJvkvmGhUf5IzT,7n2Ycct7Beij7Dj7meI4X0,TWICE,LIKEY - Japanese ver.,46,0,51,14867,440436
3YIrO0FTkv5QWUU7iQuoyU,2yPOqQXgXAw3TVjCNReIrD,Nulbarich,ain't on the map yet,72,0,62,8427,440143
5YpVojtXG3TMF52vMcWvqC,7k73EtZwoPs516ZxE72KsO,ONE OK ROCK,Grow Old Die Young,36,0,12,25966,440046
6zhomh6i5vk45SStgcoMho,7JthQ6zwNzfxRfIEjp6wUs,HIRAIDAI,GIRL FRIEND,16,0,98,31999,439659
0mSueW5i2ME6O3xyEFzEd2,1qma7XhwZotCAucL7NHVLY,Mr.Children,himawari,65,0,106,7885,439490
5jWH9i9C8haNGbyEm9vFHg,0SMhG4gXGD4gzLMMz08cQU,SUPER BEAVER,グラデーション,11,0,162,42720,439136
05pQfYVH8YI9ItZEHKDRrM,1AyWsgtaIgXbzjJlTx2ZDp,AAA,Tomorrow,67,0,75,8683,438729
6cy7ikHgmIH28MSrzT1wFS,0hSFeqPehe7FtCNWuQ6Bsy,BUMP OF CHICKEN,strawberry,9,0,148,55919,437966
1klePVubVctBqhlKJvibil,4hnHLgMSOiqERWBL4jINP1,BOYNEXTDOOR,I Feel Good,8,0,142,60519,437548
1ZsZk1y1FF25JXT0ojTz2X,2llRPLPOCvnAiUozItvPsU,PEOPLE 1,GOLD,11,0,142,44376,437415
2ZdQBK8hrh3ZaXQpVnFSn7,7k73EtZwoPs516ZxE72KsO,ONE OK ROCK,+Matter,8,0,84,70423,436994
1YNQscOx6OqBQjxgJVhEeW,5CCwRZC6euC8Odo6y9X8jr,Rita Ora,Girls,79,0,79,7556,436763
4YJUTdZ0Pgl0ZeNyHYXeLd,1dfeR4HaWDbWqFHLkxsg1d,Queen,Love Of My Life - Remastered 2011,59,0,112,8829,436077
2Y0wPrPQBrGhoLn14xRYCG,4MCBfE4596Uoi2O4DtmEMz,Juice WRLD,Come & Go,21,0,130,22945,434796
4t6gCnZijXxfFkrZG2RDHg,3Kdikkq1mYX9Vp5xKMZyft,篠原涼子 with t.komuro,恋しさと せつなさと 心強さと,73,0,106,7899,434038
5ZbUTr9cB9i9OqRKbzouOw,2OpX0FyI9sULjE7pmpT0eh,竹内唯人,MIRAI,16,0,158,31910,433510
33o5B8veTEuqEzkcJrWnN2,1EowJ1WwkMzkCkRomFhui7,RADWIMPS,TWILIGHT,15,0,113,33933,433125
2DQ1ITjI0YoLFzuADN1ZBW,02kJSzxNuaWGqwubyUba0Z,G-Eazy,No Limit,90,0,86,7171,432749
7vi4sPiatwyKXk2ksFzFpN,0O0hxUrO2PKxZknken3R24,Suchmos,MINT,237,0,26,4083,431014
7Ee3330hTajIJALPrhKyjX,03E7w8NrBr4lNCK33TQyil,Keyakizaka46,Kazenifukaretemo,81,0,102,6237,430631
3YjZJjF5C1ob707uyxvkb9,08lN7bm4Etec8ETFxaTUmq,Nogizaka46,Jikochudeikou!,60,0,49,12706,430166
0FJVGU0hNhCtohkjKB6uKQ,3iNcdTXdoEJYM1O10q3Ump,Nozomi Kitay,Moshi Moshi,9,0,156,50764,429770
0eeeyCAGnGZInPtpkdYiPa,3Nrfpe0tUJi4K4DXYWgMUX,BTS,Jamais Vu,28,0,16,28677,427954
1pCcNaCodPssCc8Aq68gPS,2IUl3m1H1EQ7QfNbNWvgru,Vaundy,Kaiju no Hanauta,2,2,8,214833,426840
1Qi2wh8fFgDV7tl4Sj3f2K,2wY79sveU1sp5g7SokKOiI,Sam Smith,Have Yourself A Merry Little Christmas,38,0,14,31232,426679
00Blm7zeNqgYLPtW6zg8cj,246dkjvS1zLTtiykXe5h60,Post Malone,One Right Now,14,0,125,34300,426601
04A4WyCRyHQ8Nb3u3IsfzH,2dIgFjalVxs4ThymZ67YCE,Stray Kids,I Like It,7,0,90,73209,426540
7nKBxz47S9SD79N086fuhn,7qG3b048QCHVRO5Pv1T5lw,Enrique Iglesias,SUBEME LA RADIO,149,0,61,3672,426355
2ygvZOXrIeVL4xZmAWJT2C,6qqNVTkY8uBg9cP3Jd7DAH,Billie Eilish,my future,15,0,75,34890,423297
2771LMNxwf62FTAdpJMQfM,4kYSro6naA4h99UJvo89HB,Cardi B,Bodak Yellow,98,0,57,5257,422829
20pXBnV8q1xnWzSijxq6QM,3KonOYiLsU53m4yT7gNotP,TREASURE,PARADISE,8,0,135,61413,422296
0247StOpd3AkeBQzANX4Zf,35S20clEkkSNUo23ViaslZ,Band Aid,Do They Know It's Christmas? - 1984 Version,40,0,21,33214,421877
57Enap29zKl7NGRdDJjkjA,41MozSoPIsD1dJM0CLPjZF,BLACKPINK,FOREVER YOUNG - KR Ver.,72,0,59,9009,421211
1cG0umU5TKStygKsPFZ9pY,3t5xRXzsuZmMDkQzgOX35S,Robin Schulz,Shed a Light,111,0,11,5591,421031
40QhoIYHZ68NH787hSrIgH,6n4SsAp5VjvIBg3s9QCcPX,SUDA MASAKI,Long Hope Philia,59,0,55,9353,420171
1LhMopPAallLeaeNutqbgS,31TPClRtHm23RisEBtV3X7,Justin Timberlake,Say Something,60,0,25,12394,420121
3lc6BSosCqVoNddw1izHXj,2jOm3cYujQx6o1dxuiuqaX,RIIZE,Siren,8,0,104,62478,419618
06Qo2fYR2KS1F7bL338iVT,6HaGTQPmzraVmaVxvz6EUc,Jung Kook,Closer to You,7,0,78,70476,418612
0Gl5s8IhMmQE5YQwM8Qx1J,0LyOADBjj28cbvJWTXUEGA,Loren Allred,Never Enough,61,0,57,8646,418524
505amJN26gbUe9tb9FtZL5,7HwzlRPa9Ad0I8rK0FPzzK,SEKAI NO OWARI,デッドエンド,9,0,169,49420,418216
4BiiOzZCrXEzHRLYcYFiD5,69GGBxA162lTqCwzJG5jLp,The Chainsmokers,Hope,42,0,50,14442,417997
5aUSEPNd3m5xliFK4pn5mU,2qxJFvFYMEDqd7ui6kSAcq,Zedd,Good Thing,33,0,120,14460,417930
09mEdoA6zrmBPgTEN5qXmN,1Xyo4u8uXC1ZmMpatF05PJ,The Weeknd,Call Out My Name,60,0,54,10414,417845
7BukPy8McZBtInTnLFjKe8,0B1ce3uNrzkdm76NXI4mhX,Tani Yuuki,Cheers,9,0,120,48995,417776
7nujhR6eck3NCE2oQRyDFz,2VcWFvgGxVdma52qB5DSDw,AKASAKI,弾きこもり,8,0,149,56633,417504
3DiUeAXtGIivmWjTMimKwm,7JthQ6zwNzfxRfIEjp6wUs,HIRAIDAI,Orange Days,11,0,161,40394,417380
0CALOqrkXAE7WB2nyIATLk,7lbSsjYACZHn1MSDXPxNF2,Hikaru Utada,Face My Fears - English Version,38,0,32,18331,416370
0achc2JEdzkJQXRl0LbUox,7nScMbyBG94XsSpe7yrImS,Gyubin,Really Like You,9,0,174,48480,415583
1TaQciB8qqRZ9fxWGhS65X,41MozSoPIsD1dJM0CLPjZF,BLACKPINK,Don't Know What To Do,41,0,52,14098,415188
42ydLwx4i5V49RXHOozJZq,2wUjUUtkb5lvLKcGKsKqsR,Alessia Cara,Scars To Your Beautiful,122,0,15,5292,414900
4tNXntkAzQ5A2dfYRYGIIQ,5Rl15oVamLq7FbSb0NNBNy,5 Seconds of Summer,Easier,37,0,65,13495,414627
5n6RDaGFSN88oRWuGtYAIN,1dfeR4HaWDbWqFHLkxsg1d,Queen,The Show Must Go On - Remastered 2011,58,0,113,8597,414465
7yogx3TwxGwSxO2QITsT2q,74KM79TiuVKeVCqs8QtB0B,Sabrina Carpenter,A Nonsense Christmas,6,0,62,104345,414168
369Hij6w8bRwahCIlhYW5A,5m0p1hLwjTBVYdgUyQaNaQ,Road Of Major,大切なもの,75,0,109,7008,413773
55dnPebQ5rOOovASlX61dr,7cjg7EkeZy3OI5o9Qthc6n,ZEROBASEONE,EXTRA,7,0,114,61558,413740
0fpqH7Z8rOw5qTJBZjLR57,7HwzlRPa9Ad0I8rK0FPzzK,SEKAI NO OWARI,バードマン,14,0,147,32361,413716
210JJAa9nJOgNa0YNrsT5g,47mIJdHORyRerp4os813jD,League of Legends,GODS,9,0,127,50821,413330
5qSXYD0fEuTOHfXZxH8arx,0GZ65zwBwkkwGNJ3zagtTZ,MILLENNIUM PARADE,Bon Dance,15,0,93,34426,412465
5m0f8vdqvEElUgJRXnOxqy,2Y4BqFtHihCI2CazDTKkjI,SOUTH BLUE,少年,11,0,158,42555,411673
7Lbxvt42JsNSKVCaN63qhD,4STHEaNw4mPZ2tzheohgXB,Paul McCartney,Wonderful Christmastime [Edited Version] - Remastered 2011 / Edited Version,31,0,11,41113,410810
3OalxlWH0v14kyBcNBMINt,7n2wHs1TKAczGzO7Dd2rGr,Shawn Mendes,Mercy,127,0,25,4454,410770
6WJy6lQqRkj2WMm348ieps,3AiES4wyTOfJvNgqz9baDn,eill,WE ARE,8,0,83,59169,410744
17XgbDzWTso7Vw42ug1yfS,58oPVy7oihAEXE0Ott6JOf,Eve,Yoruwahonoka,14,0,117,34855,410480
6SM3TJaWkmT8Iq8l9J0BIS,3Nrfpe0tUJi4K4DXYWgMUX,BTS,Dynamite - Holiday Remix,10,0,68,60176,410308
22xUwmDrNN00Sb8KO5lE9N,7dhueqtbx2NVq1leXyqaNl,SixTONES,こっから,6,0,58,90362,409536
5yR9bGLr8Zz2EndMrthui1,0ghlgldX5Dd6720Q3qFyQB,TOMORROW X TOGETHER,君じゃない誰かの愛し方 (Ring),13,0,137,35383,408544
1AURRTESj8Nd6FKhffNEMV,2ZjWbNQAjL74Pf4aqikIz2,Shota Shimizu,Friday,53,0,52,11165,407891
1jxSQNrRDy9hkN6BLfch8x,2UmhByzSum8X2lQZ7pWvWp,RIRI,That's My Baby,75,0,101,6489,407494
7K7MUBCnzgBAvMVW2RTWNs,6t1gpxYbY8OlLA7D2RiikQ,Loud Luxury,Body,71,0,106,6435,407443
4Azd18vgpAqlvrcb3KAHJo,7lbSsjYACZHn1MSDXPxNF2,Hikaru Utada,Darenimo Iwanai,17,0,58,33656,407158
7Ep4OCw8Ym9AbnrO8soHZj,3fokOZQsXMeMTyvGHofqup,ヒプノシスマイク -D.R.B- (Bad Ass Temple),Bad Ass Temple Funky Sounds,20,0,32,38200,406311
1WniHvhq9zTkny0WvGXX8o,0EmeFodog0BfCgMzAIvKQp,Shakira,Chantaje,156,0,34,4139,406212
2gQPv5jvVPqU2a9HhMNO1v,1Cd373x8qzC7SNUg5IToqp,BoyWithUke,Toxic,14,0,149,32645,404622
4ut5G4rgB1ClpMTMfjoIuy,60d24wfXkVzDSfLS6hyCjZ,Martin Garrix,High On Life,65,0,89,8078,404438
6yL2kTsdVwYnGwPkKGtMd5,66CXWjxzNUsdJxJ2JdwvnR,Ariana Grande,Everyday,177,0,88,3649,404394
3PDuPLArSTzKH2W2hKYjh0,7lbSsjYACZHn1MSDXPxNF2,Hikaru Utada,Automatic,69,0,100,8053,402656
1CUVN2kn7mW5FjkqXTR2W1,1HBjj22wzbscIZ9sEb5dyf,Jonas Blue,Perfect Strangers,176,0,17,4786,402033
29nEadzf4CqeLYzcf44zub,5KLvrcsAUwqMOqxErwSJmD,Koji Tamaki,ファンファーレ,7,0,171,60355,401996
312amIo1Pj8FH0vYMy5yOu,73kxDUq2Hl7Upy4o0yFxXv,INI,LOUD,7,0,121,60449,400682
6fujklziTHa8uoM5OQSfIo,7iZtZyCzp3LItcw1wtPI3D,Rae Sremmurd,Black Beatles,117,1,10,5311,400398
4Y82neEubVmQXAkCZKd7dx,4HpuqKQHqARnApVbuTfUXH,浜田雅功と槇原敬之,チキンライス,10,0,43,81239,398580
3W4yjDdV6WBZjvt2wFl7wk,2koP6FEfIEVk4l2Fe6jFhu,JO1,RadioVision,10,0,153,43400,398449
2LskIZrCeLxRvCiGP8gxlh,15UsOTVnJzReFVN1VCnxy4,XXXTENTACION,Arms Around You,42,0,30,14508,398117
6mQLN3zRtAp6ovjusyYKrV,4IWBUUAFIplrNtaOHcJPRM,James Arthur,Rewrite The Stars,57,0,92,9251,397980
08Eb6W0AC4WV4hMFATZqoY,40oxjbVm3kdeyJEiGsKrmd,HoneyWorks,可愛くてごめん,8,0,99,53936,397957
3pWcj8hxj3fsb9TDAcMpEl,69GGBxA162lTqCwzJG5jLp,The Chainsmokers,Somebody,69,0,46,11276,397758
39Yp9wwQiSRIDOvrVg7mbk,2PaZWGu5T5nHjY2xxAkFsT,THE SCOTTS,THE SCOTTS,20,0,76,25606,397636
4uXpnDh5RewvzHlYNktSKp,4XFkDALFTsSHVnRtJSsaMN,Number_i,2OMBIE,6,0,65,96748,397498
7BaExHeRww0LxV4yuYIFSL,7lbSsjYACZHn1MSDXPxNF2,Hikaru Utada,Find Love,13,0,107,39034,397181
1058fW9H3fZA6QjYCdOBad,4nDoRrQiYLoBzwC5BhVJzF,Camila Cabello,Don't Go Yet,13,0,110,34552,396899
4S8d14HvHb70ImctNgVzQQ,5K4W6rqBFWDnAN6FQUkS6x,Kanye West,I Love It (& Lil Pump),49,0,57,10211,396475
2tdq0CeAGSfhI2l4Gwkvgx,3Nrfpe0tUJi4K4DXYWgMUX,BTS,Best Of Me,86,1,9,12269,396417
59oJpXOayvcKGbTXbrZjzF,32jdgEsyvdXqUoReMyR0gl,Overdose,Over Me,8,0,88,60350,395811
5tAa8Uaqr4VvA3693mbIhU,1Xylc3o4UrD53lo9CvFvVg,Zara Larsson,Ruin My Life,56,0,97,8580,395361
5IwRgi599tbwNi9wqPYyIX,0AzJGufY9eXWy5wHZWQ71H,Ayaka Hirahara,Jupiter,68,0,103,7185,394617
2SZy40PLDk3vFucXUGFCFA,4Q6nIcaBED8qUel8bBx6Cr,Jax Jones,You Don't Know Me,96,0,14,7049,394053
6KEkXeBJIHTFifMp9HK8tc,7k73EtZwoPs516ZxE72KsO,ONE OK ROCK,Letting Go,34,0,23,22821,393764
3SPoYmmSbA5wnAksRWFKEr,0qC4CNzOUtgdmdVzRqCa1d,STUTS,Presence Remix,13,0,140,32260,393595
5KfJvZ0PZzRdwFRaTUDAA7,6HaGTQPmzraVmaVxvz6EUc,Jung Kook,Somebody,7,0,86,65651,393254
2kVHAQKVtczchKctctzbtK,6jJ0s89eD6GaHleKKya26X,Katy Perry,Swish Swish,80,1,9,9942,392415
1nH2PkJL1XoUq8oE6tBZoU,1Xyo4u8uXC1ZmMpatF05PJ,The Weeknd,Sacrifice,12,0,114,36751,392210
2qJjNAljfrYm7slPCXzRtC,1dTvYIUWdOcBXYyUWhi91W,Girls Planet 999,Shine,12,0,96,39427,391762
2ghcGrI4iQKmRyhOW4M2fq,5kYS7bPX5tm3jrsYqqNSZN,ZONE,Secret Base -Kimiga Kureta mono-,73,0,112,6961,391607
48XfojJC87VKLlUotYV0Gm,3Nrfpe0tUJi4K4DXYWgMUX,BTS,The Truth Untold,50,0,12,18379,391293
6bLopGnirdrilrpdVB6Um1,5WUlDfRSoLAfcVSX1WnrxN,Sia,The Greatest,88,31,4,7581,391277
7MJjY4KS5rK4WoZJ9AKkN6,7cjg7EkeZy3OI5o9Qthc6n,ZEROBASEONE,Doctor! Doctor!,8,0,180,52637,388624
3qBnGCOxeKwfHALoFqziRi,4wCW8kZ8LL7QIdcE8EOKPP,BE:FIRST,BF is...,10,0,60,62080,388613
5ai97hAB5rHiV2luX5NWw5,7lbSsjYACZHn1MSDXPxNF2,Hikaru Utada,Somewhere Near Marseilles ーマルセイユ辺りー,12,0,139,37778,388505
2SAqBLGA283SUiwJ3xOUVI,3TVXtAsR1Inumwj472S9r4,Drake,Laugh Now Cry Later,17,0,144,25807,388323
4e5kKctP1oVPUvST4Dto1o,7xlTOxmnztZVNgoPlMV6YS,Kei Sugawara,crash,12,0,139,34902,388168
0THn1agoZT9wJXkITUz6dJ,4SpbR6yFEvexJuaBpgAU5p,LE SSERAFIM,Choices,10,0,159,41205,387944
1xOqGUkyxGQRdCvGpvWKmL,3c0gDdb9lhnHGFtP4prQpn,KATSEYE,Gabriela,7,0,139,58539,387027
6nxQdXa1uAL0rY72wPZu89,5y2Xq6xcjJb2jVM54GHK3t,John Legend,Love Me Now,115,0,16,5575,385093
1ZLrDPgR7mvuTco3rQK8Pk,72nLe76yBFSlP6VBzME358,SHAUN,Way Back Home,48,0,100,9210,384057
22ryCgQttpV7oCrn7llGRu,3Nrfpe0tUJi4K4DXYWgMUX,BTS,Magic Shop,54,0,24,15407,383824
2XJvonfhR3IaO5jqD2mh4c,1ZFfhzyXjPvbzSYPlCIwo3,timelesz,RIGHT NEXT TO YOU,6,0,57,102430,383820
4WjH9Bzt3kx7z8kl0awxh4,738wLrAtLtCtFOLvQBXOXp,Major Lazer,Lean On,258,0,71,2390,382914
4BtOh0Xwh3DHelPQ14MPVC,4hnHLgMSOiqERWBL4jINP1,BOYNEXTDOOR,Hollywood Action,7,0,160,58384,382903
6XzDz5r1bGMkcOKeXQwTqM,1S2S00lgLYLGHWA44qGEUs,Gen Hoshino,Family Song,11,0,54,69975,382488
1DhRbox3xkceP64k3JeYfW,6eUKZXaKkcviH0Ku9w2n3V,Ed Sheeran,Antisocial,26,0,55,21731,382174
3Z0oQ8r78OUaHvGPiDBR3W,73Np75Wv2tju61Eo9Zw4IR,Idina Menzel,Into the Unknown,25,0,96,20467,380738
4vTgx6h4seHvkuFh84JXYP,3Nrfpe0tUJi4K4DXYWgMUX,BTS,My Time,16,0,58,37475,377063
1OqDvYVDhJyFZny7XlfIyZ,3Nrfpe0tUJi4K4DXYWgMUX,BTS,Let Go,46,0,73,18432,376860
2xdwCJLfKCkat14mlgR26M,6qqNVTkY8uBg9cP3Jd7DAH,Billie Eilish,Lost Cause,12,0,106,37420,376480
5Gd19NupVe5X8bAqxf9Iaz,06HL4z0CvFAxyc27GXpf02,Taylor Swift,Gorgeous,66,4,9,12883,376344
3CUMIkvvarUDjD5bVIWKl8,0hCWVMGGQnRVfDgmhwLIxq,sakanaction,多分、風。,32,0,53,20948,375098
2gpWyfu7eZ01zzncHpxOtA,1h6Cn3P4NGzXbaXidqURXs,Swedish House Mafia,Moth To A Flame,13,0,139,31502,374941
5C5m0n29iXtAg5cQZt6cEN,6CKN3GUiWMrESH1RKn3ecz,E-girls,Love ☆ Queen,101,0,58,6217,374528
29DcvRCdssv0rISbZrYSqe,0O0hxUrO2PKxZknken3R24,Suchmos,Volt-Age,38,0,23,14535,374410
3IkWmgGsXbsafrunwPojXO,5F1aoppMtU3OMiltO8ymJ2,Hugh Jackman,From Now On,59,0,71,7594,373948
3IB5qOeMayvpOdHxYCL5tZ,3Nrfpe0tUJi4K4DXYWgMUX,BTS,ON (Feat. Sia),18,0,75,25882,373311
6HZILIRieu8S0iqY8kIKhj,2YZyLoL8N0Wb9xBt1NhZWg,Kendrick Lamar,DNA.,94,0,20,6074,372503
3LOABIMDwVt73PGG7d4yW2,4XFkDALFTsSHVnRtJSsaMN,Number_i,In-flight,6,0,79,86612,371686
0UJRzax7oFLoK8Sb9IcPcm,41MozSoPIsD1dJM0CLPjZF,BLACKPINK,Lovesick Girls - JP Ver.,12,0,116,35642,371606
3JQAPaMYUAf6jXNe2xkscR,4upiYMjsFfLRieGo8RVRzD,ORANGE RANGE,ロコローション,7,0,143,58688,371349
4RVwu0g32PAqgUiJoXsdF8,6qqNVTkY8uBg9cP3Jd7DAH,Billie Eilish,Happier Than Ever,13,0,125,32485,371325
5R3APNsmIBonlqY6X2J9k5,7k73EtZwoPs516ZxE72KsO,ONE OK ROCK,Push Back,31,0,18,24407,371182
7aF09WaavZAmAWuUeYxlYD,5Pwc4xIPtQLFEnJriah9YJ,OneRepublic,Rich Love,89,0,33,7987,370187
3qCeq0rWK67SoBDgFd2sId,7K78lVZ8XzkjfRSI7570FF,José Feliciano,Feliz Navidad,9,0,64,104881,369365
3towKHKVOXCCcL1fHv6xFO,5p7f24Rk5HkUZsaS3BLG5F,Hailee Steinfeld,Capital Letters,60,0,66,7900,368602
1ahVFh0ViDZr8LvkEVlq3B,60d24wfXkVzDSfLS6hyCjZ,Martin Garrix,No Sleep,41,0,93,10974,368531
6i0V12jOa3mr6uu4WYhUBr,3YQKmKGau1PzlVlkL1iodx,Twenty One Pilots,Heathens,123,0,17,4123,367822
3xh2jJm9jbyhMPlIQQYfyN,0jJmZHZHNe8n24Y33z5Nil,DISH//,猫 ~THE FIRST TAKE ver.~,16,0,70,29002,367423
4PS1e8f2LvuTFgUs1Cn3ON,7v4imS0moSyGdXyLgVTIV7,Nat King Cole,The Christmas Song (Merry Christmas To You),14,0,74,68644,366101
1L5nG7AwmjCAcxfuubekFb,5kVZa4lFUmAQlBogl1fkd6,Aimyon,鯉,30,0,40,21410,365426
3gJAFFELdZyIM8tiwLAikg,250b0Wlc5Vk0CoUsaCY84M,JENNIE,Handlebars,7,0,148,56074,365410
6FoQmfTaX4fXxwL9lu6ZHp,1HzcHe0WFm4koBalCEOkVh,SIRUP,Pool,41,0,102,11325,364918
1k0JAiH11gHL9dc5dfQjQr,36cgvBn0aadzOijnjjwqMN,ILLIT,NOT CUTE ANYMORE,5,0,88,88142,364891
5DEb6u4nukTgZh4fF9JNNx,5fgs0MDos9tQllg7fV27Ug,中山美穂 & WANDS,世界中の誰よりきっと,6,0,91,70610,364656
2QvLlmXqx0IbWehDdA2hrx,22FsmLO3ZyvgWBy5QbfcQi,ayaka,たしかなこと,54,0,135,7814,364626
4ER4YpPx5OS9pNdP7aDwJL,0pWR7TsFhvSCnbmHDjWgrE,Creepy Nuts,バレる!,12,0,99,36778,363687
6k0X05danQOXSBTVek5DU1,2BM933ADIluGGrPBOhPgIt,SiM,The Rumbling,13,0,162,30185,363528
4ktn4pnufSi9X0WI2Iojzs,2UmhByzSum8X2lQZ7pWvWp,RIRI,Maybe One Day,57,0,59,9175,363476
7aDTcAtL4HAXHTYmJBi9se,5IlQkA8Lq4X0dOWHBumeJP,Tempalay,どうしよう,40,0,32,15119,363190
3F6hLslmlD9k5qRZdn5Gab,4QvgGvpgzgyUOo8Yp8LDm9,Mrs. GREEN APPLE,アボイドノート,19,0,130,21750,362136
7rDBnVl5x89WuhWmmLRQfU,3PLCOySHJ9zwED5yZvDtPZ,CUTIE STREET,ラブトレ,7,0,166,53070,361748
4fScMLlVGpFZMm1o30pJvQ,6KQWWzFLPQbqomJrieHAW5,Tokyo Incidents,選ばれざる国民,15,0,23,39904,361479
1pa3HLcst2XUYkJzz59LKG,2aoUBwmHWln0JSEZbi9E70,nishina,東京マーブル,12,0,123,33348,361102
4AW9Fobw3ENnOFDKwKdq7Q,4UTEZqrPqLDOhBfraPNciJ,Daichi Miura,普通の今夜のことを ー let tonight be forever remembered ー,84,0,64,6809,361057
2s8K7EFB4xFaSVlg4Q6PqK,6TDMbiQCWeMClsMr9ORLRK,aiko,磁石,14,0,128,29805,360783
7oQZR3Bq6HMrTdkqcbCJNf,0eQSoTI7sQENREQM8Klp2j,Hinatazaka46,Kyun,34,0,63,13725,360519
1vBVxhdaJWb1Eca4yc7K4t,6zGmypGQUBXD4ZC9EbfMme,EXILE,Michi,110,0,133,4674,360453
5hVghJ4KaYES3BFUATCYn0,4V8LLVI7PbaPR0K2TGSxFF,"Tyler, The Creator",EARFQUAKE,34,0,72,12794,359055
0yt6toATQ5qwIADXUKtGn5,4FyAgiZa3q0eeljDvcOXFh,Ketsumeishi,トモダチ,72,0,136,6411,358290
62aP9fBQKYKxi7PDXwcUAS,1lmU3giNF3CSbkVSQmLpHQ,Surf Mesa,ily,19,0,143,20265,357963
32gvR8ySw32FThelwi9yWQ,3Nrfpe0tUJi4K4DXYWgMUX,BTS,Dope,11,0,120,37598,357722
5qrSlOut2rNAWv3ubArkNy,3QSQFmccmX81fWCUSPTS7y,Dean Lewis,Be Alright,60,0,99,7481,357703
5wbM5DwZfnfM0U1UFpq8xQ,1XYuC1vxinTjHCNd5clB8C,ARASHI,Troublemaker,18,0,53,51279,357504
1HsSIPLTQT354yJcQGfEY3,0ghlgldX5Dd6720Q3qFyQB,TOMORROW X TOGETHER,Good Boy Gone Bad,11,0,129,35521,357281
4IfAArwYrxwGvwSHMGPRFi,7MmIC8lbUdmL6c05M63KF6,The Rossman Ensemble,Snowfall on Christmas Eve,9,0,65,73583,356606
1MsgOy65pxeU7BZkDvqItH,6S8w5rLsEwjN21jQeRES0n,Hitsujibungaku,永遠のブルー,9,0,140,43874,354922
3Kkjo3cT83cw09VJyrLNwX,4dpARuHxo51G3z768sgnrY,Adele,Oh My God,11,0,117,36093,354747
0wnjaknKCvliLDwsrTiAYz,0UuiWPm9FpWvRuWNrXO98N,Snow Man,TRUE LOVE,6,0,115,67065,353427
3p7XQpdt8Dr6oMXSvRZ9bg,6eUKZXaKkcviH0Ku9w2n3V,Ed Sheeran,Eyes Closed,8,0,107,51974,353422
3mUDs6V97GirTDSNLJr5z6,6oued35Hkg7GIEXqVfBrQK,WurtS,SWAM,10,0,134,37951,351422
5NAtMtiyKLZFNDFHAtDrXj,1EowJ1WwkMzkCkRomFhui7,RADWIMPS,ラストバージン,10,0,139,63691,351070
5xNUR50KxswPRAvx7S163g,5F1aoppMtU3OMiltO8ymJ2,Hugh Jackman,Come Alive,54,0,66,7830,349905
4CvId64YZSB0RfRdfzPIQU,3Nrfpe0tUJi4K4DXYWgMUX,BTS,So What,37,0,23,29928,348636
0wMfMGp7nz7JMNw7tei9f5,24ljrnVUlUZ2apxF6GZsrm,Elephant Kashimashi,今宵の月のように,58,0,58,50537,347628
3cjlIkGj2T8TWkBdSfEHnE,2ZjWbNQAjL74Pf4aqikIz2,Shota Shimizu,Sorry Not Sorry,88,0,50,5427,345713
44V6EzbUSYgyfsNiP0FrlA,6eUKZXaKkcviH0Ku9w2n3V,Ed Sheeran,Visiting Hours,11,0,102,37874,344722
1xfXXujIlLZAx5wpu46Nyk,3Nrfpe0tUJi4K4DXYWgMUX,BTS,Moon,15,0,61,35944,344013
1lfK0hVEKdq0k4fFCZvQge,64tJ2EAv1R6UaZqc4iOCyj,YOASOBI,Prologue,14,0,121,29279,343608
3kxfsdsCpFgN412fpnW85Y,73sIBHcqh3Z3NyqHKZ7FOL,Childish Gambino,Redbone,93,0,51,5032,343475
3lkYS3iMpWMVpaJ0yJAFrJ,2iE18Oxc8YSumAU232n4rW,The Jackson 5,I Saw Mommy Kissing Santa Claus,11,0,76,78646,343099
26b8AQqACTxOEWpEejMPLY,29D4iRqjepAsZt6o5hccND,Miliyah,Aitai,111,0,136,5868,342392
5ZiAYujs7k4C8ByqZX7n3A,2XMxWKPKCxoLkSdpCViCnr,Perfume,再生,24,0,124,16961,341854
2ddPABR2Qfj7lq9v6QVTVn,08lN7bm4Etec8ETFxaTUmq,Nogizaka46,君に叱られた,13,0,153,28445,341354
10y76UPiv2GXaAAuGASHLf,1t17z3vfuc82cxSDMrvryJ,Macaroni Empitsu,ハッピーエンドへの期待は,12,0,171,31012,340548
1EI1Zd5VoJ8xXVUYbeDIWZ,0ySFZq3Wd0SQUyJUzmJAeb,sumika,祝祭,14,0,141,26286,340162
5XQMr19TL7Mfksq9zihbOu,7bXgB6jMjp9ATFy66eO08Z,Chris Brown,Questions,93,0,56,5093,338908
711jMTuY20NIVCT9fHEU78,5Vo1hnCRmCM6M4thZCInCj,OFFICIAL HIGE DANDISM,Bad for Me,19,0,123,20954,338287
3TJk0aoXM0knrOlgd1fnbx,6s22t5Y3prQHyaHWUN1R1C,AJR,Weak,106,0,30,4968,337818
7mFj0LlWtEJaEigguaWqYh,181bsRPaVXVlUKXrxwZfHK,Megan Thee Stallion,Sweetest Pie,11,0,137,33008,337604
7AbqgE05nFl9qY4FRUiq2p,6HaGTQPmzraVmaVxvz6EUc,Jung Kook,Shot Glass of Tears,6,0,93,63858,336795
3NeYF8TmfqpsFnLCSvPrYb,7lbSsjYACZHn1MSDXPxNF2,Hikaru Utada,Chikai,33,0,51,15357,336451
2NeJBfbWgs19WiBXAUPpBq,2dIgFjalVxs4ThymZ67YCE,Stray Kids,WHY?,6,0,64,79264,336183
6bp3UWuLklGIK8VgkRUKkP,0ghlgldX5Dd6720Q3qFyQB,TOMORROW X TOGETHER,Upside Down Kiss,6,0,131,61463,335709
1hoeIeIVXV9nDPWL21Nbjj,0JROVv4P85ZVPFbaJIqAty,Kiro Akiyama,SKETCH,10,0,160,35918,335587
5ExfTiWAHvxG03Kq9zrjBn,1ioDAlx6i5snCxm2z9ZnUD,Akihito Okano,MELODY (prod.by BREIMEN),10,0,126,36625,335174
3FIquXR4UGd6raaJFuNsu5,5QdG7ZI7k64K5DLjOJgK31,Matt Cab,Famima Rap,14,0,160,25599,335037
1aKuG1GG76xPLUkjBbQo3W,3Nrfpe0tUJi4K4DXYWgMUX,BTS,UGH!,14,0,59,37453,334801
3y4jIWFoIzmu7mPE0Q3llR,19FI3bwyW062xAmEy3rzsk,(sic)boy,爆撃機,12,0,140,30315,334284
4GZvo0OL3BsRxNrj4TBeP3,3X6XIt8zNXvrNzxb1R8TW5,En Butter,En Garde,7,0,102,56675,333991
0U1W2LZVUX7qTm7dDpqxh6,7n2wHs1TKAczGzO7Dd2rGr,Shawn Mendes,When You're Gone,11,0,143,33952,333919
7x2I2T56E162miRzBh2Rpw,7n2Ycct7Beij7Dj7meI4X0,TWICE,STAY BY MY SIDE,29,0,13,17898,333762
3IIRfFYKHPYTgKHw3oJUVn,2UmhByzSum8X2lQZ7pWvWp,RIRI,RUSH,91,0,43,5930,333740
4VDURZ7Vt7Wd0ED5TzUcNO,7lbSsjYACZHn1MSDXPxNF2,Hikaru Utada,Hatsukoi,40,0,99,9837,333276
3KOAjzxIJdreRSzffGLYoa,2ZjWbNQAjL74Pf4aqikIz2,Shota Shimizu,366nichi,143,0,118,3484,333105
7fwXWKdDNI5IutOMc5OKYw,1vyhD5VmyZ7KMfW5gqLgo5,J Balvin,Mi Gente,63,0,36,8210,333024
3khLfnWKvEJuJLrcASCXWF,706WzkJEacBrtkHKRpBU2q,Motohiro Hata,Girl,117,0,53,4913,332276
6AQTOZha17PMmRrK32qsFu,1XYuC1vxinTjHCNd5clB8C,ARASHI,Face Down : Reborn,16,0,73,29487,331838
23UvqSjWD2dilIjKkCd2pf,45ft4DyTCEJfQwTBHXpdhM,milet,Final Call,10,0,157,34961,331705
41d7uC7xV3u82wMN0TOoGy,7tZ4vIF5bfR7cI1VOVPvpy,Junichi Inagaki,クリスマスキャロルの頃には,11,0,74,62495,331615
4DcF5SAToAmmaF06vMstfJ,4HfuyMMy295oBvbIuXr0v8,GENERATIONS from EXILE TRIBE,Brand New Story,31,0,122,13167,331055
1WSGTYKLEpKfNQYYW5Oymt,5CiGnKThu5ctn9pBxv7DGa,benny blanco,"I Can’t Get Enough (benny blanco, Selena Gomez, J Balvin, Tainy)",35,0,65,12255,330755
314FsA0pidoo1N3Y6pMcEW,6rxPqMdbKAh5wDrUn78c7e,PRODUCE 101 JAPAN SEASON2,RUNWAY,11,0,125,34293,330150
6s5C5gYdmhqH5UiYPTkJIq,4UTEZqrPqLDOhBfraPNciJ,Daichi Miura,Be Myself,49,0,65,9268,329664
0M7weglx299zGho7MbjoST,0jJmZHZHNe8n24Y33z5Nil,DISH//,ありのまんまが愛しい君へ,12,0,135,29896,329635
6NYHXyWnurns3vjIsohSGX,7kOrrFIBIBc8uCu2zbxbLv,yama,BURN,7,0,177,49281,329366
3Fj47GNK2kUF0uaEDgXLaD,6qqNVTkY8uBg9cP3Jd7DAH,Billie Eilish,wish you were gay,35,0,76,14023,329107
0YHUITU3w6ws1v8ehT264g,3e7awlrlDSwF3iM0WBjGMp,Little Mix,Shout Out to My Ex,126,3,9,6974,328827
0RbW8kWozrVSIGb4V13o0o,5K4W6rqBFWDnAN6FQUkS6x,Kanye West,Hurricane,11,0,107,35787,328389
4Bkh5uDlP14vneIoRG0umC,3Nrfpe0tUJi4K4DXYWgMUX,BTS,DNA - Japanese ver.,52,0,60,9586,328249
1Pt2STlAgfB1CiEV8mf3CN,41qil2VaGbD194gaEcmmyx,Will Smith,Prince Ali,30,0,96,14066,327439
2gMXnyrvIjhVBUZwvLZDMP,4GNC7GD6oZMSxPGyXy4MNB,Lewis Capaldi,Before You Go,23,0,148,15959,327363
6fYnCv7uovk7dzdpxYOHDE,7k73EtZwoPs516ZxE72KsO,ONE OK ROCK,Bombs Away,113,0,12,7666,326985
145NeSTdAD6fJK8BByWCz4,1snhtMLeb2DYoMOcVbb8iB,Kenshi Yonezu,Shunrai,11,0,78,53033,326710
2IS04ea4Zp1081lffiwiuL,7zVOa12T0RhNRzpbwZ4OCt,Che'Nelle,Destiny,93,0,45,5880,325494
06hvpXvaacFB4H4alBN09I,0GZ65zwBwkkwGNJ3zagtTZ,MILLENNIUM PARADE,2992,13,0,132,27358,325145
0mBKv9DkYfQHjdMcw2jdyI,0du5cEVh5yTK9QJze8zA0C,Bruno Mars,Chunky,172,0,30,7322,324833
7Fg342AJtNsIDdwCfX0paC,5ZsFI1h6hIdQRw2ti0hz81,ZAYN,Let Me,52,0,57,9673,324164
0isQWzN11KyHMZTRPsCnPH,0UuiWPm9FpWvRuWNrXO98N,Snow Man,ブラザービート,6,0,119,63259,323605
6AaePXUruO3297PugyiDwT,4XOzeKvdkxm12dE22GJrpM,Bonbero,Makuhari,8,0,177,41738,323385
1TZ4LiInoM2sdTCJEwtZCM,79nkC8XZ5ohEVU0Xlf5Ael,SOUTHERN ALL STARS,LOVE AFFAIR~秘密のデート,9,0,94,48072,323252
5k6DwtL38uTMioBwIxX0Lx,1XYuC1vxinTjHCNd5clB8C,ARASHI,サクラ咲ケ,13,0,56,73566,322882
0Yt2RH9xo5D4SQExS1b8Sf,706WzkJEacBrtkHKRpBU2q,Motohiro Hata,花,32,0,26,15318,322328
3FONlTFe8EZ3L8FaVFz1es,1qM11R4ylJyQiPJ0DffE9z,Lilas,JUMP,9,0,160,37345,322307
7m9OqQk4RVRkw9JJdeAw96,15UsOTVnJzReFVN1VCnxy4,XXXTENTACION,Jocelyn Flores,81,0,57,6512,322077
6ozSdLQYOBh6R2VlRb3t98,7k73EtZwoPs516ZxE72KsO,ONE OK ROCK,Listen,149,0,39,3893,321666
2E124GmJRnBJuXbTb4cPUB,7gZfnEnfiaHzxARJ2LeXrf,6ix9ine,FEFE,52,0,79,7683,321171
2UVbBKQOdFAekPTRsnkzcf,6oMuImdp5ZcFhWP0ESe6mG,Migos,Stir Fry,59,0,66,7822,321097
0tY2EdfrJYjs9cTyglVmaq,7i9bNUSGORP5MIgrii3cJc,B'z,愛のままにわがままに 僕は君だけを傷つけない,9,0,75,50817,319429
4ELSoW5BZzs7rV8ac0Cpit,7kOrrFIBIBc8uCu2zbxbLv,yama,MoonWalker,11,0,147,31698,319016
6tLmupAPzyJhB6WrpDFMLZ,7sG4FexEprpVch00GAM0w7,Kiyoe Yoshioka,アイネクライネ,42,0,61,9701,318842
4XZxalvnG4Yo8YZLuiT1kV,1vCWHaC5f2uS3yhpwWbIA6,Avicii,Tough Love,25,0,43,19407,318743
5EnYT6F7wEcdege6mDHEfO,3TVXtAsR1Inumwj472S9r4,Drake,Signs,51,0,15,8940,318237
7nimCdASI4W4j5C4zqvKO5,5r1tUTxVSgvBHnoDuDODPH,IZ*ONE,好きと言わせたい,33,0,73,12274,318214
6VedlO2MtaEjAITax6vQyg,36cgvBn0aadzOijnjjwqMN,ILLIT,Toki Yo Tomare,6,0,157,55587,318212
4xHKYFUmIRjpW98hbuvwWm,1mN9lPKzTRTOop4u7S1Uy9,iri,摩天楼,11,0,169,30330,317862
6Xizy6cbIVFGuOFMvj1btX,7i9bNUSGORP5MIgrii3cJc,B'z,SLEEPLESS,9,0,85,47247,317837
0LQs5gRhqJKLOl8fFukRsQ,0pWR7TsFhvSCnbmHDjWgrE,Creepy Nuts,よふかしのうた,7,0,170,46320,316932
0MvgUGhKvrStBo2XsPuwt6,2dIgFjalVxs4ThymZ67YCE,Stray Kids,MOUNTAINS,5,0,71,79938,316075
24WOKllIT2yySSqtcTFmMf,1t17z3vfuc82cxSDMrvryJ,Macaroni Empitsu,洗濯機と君とラヂオ,6,0,169,57775,315301
2pJZ1v8HezrAoZ0Fhzby92,6eUKZXaKkcviH0Ku9w2n3V,Ed Sheeran,What Do I Know?,120,0,18,6817,315264
0Pb0emBpjgAGnae5eq4HEa,6YqdtpUutxodni6lUD4stM,WANIMA,りんどう,23,0,115,16589,314810
7ySHoLhSRmWjfhuDmOcvTy,5kVZa4lFUmAQlBogl1fkd6,Aimyon,ジェニファー,44,0,149,8947,314803
1JKI1pTB2WZMMw7wF2jCTg,5kVZa4lFUmAQlBogl1fkd6,Aimyon,風のささやき,44,0,135,8559,314368
27VnLN3KUpvEdKI8n1Zyid,0ghlgldX5Dd6720Q3qFyQB,TOMORROW X TOGETHER,Heaven,6,0,128,58001,314009
6Fl9MoM9BDk6vwbHqBBZeK,1dfeR4HaWDbWqFHLkxsg1d,Queen,Ay-Oh - Live Aid,47,0,115,8534,313800
0ZPjVmof45INEERgYfadtv,0ghlgldX5Dd6720Q3qFyQB,TOMORROW X TOGETHER,Chasing That Feeling,6,0,95,62333,313381
2KoTHZuVZFCmbiVaLic9uC,26ZBeXl5Gqr3TAv2itmyCU,indigo la End,ABCDC,5,0,63,84112,312955
396FqjKmViUZ92Wmm4rx3i,6YVMFz59CuY7ngCxTxjpxE,aespa,Illusion,10,0,128,34892,312812
3frUvGrmGcay91lvFbOgsN,23fqKkggKUBHNkbKtXEls4,Kygo,Like It Is,17,0,112,21202,312733
2y449AvZEi4dbGoSjnsgSY,1HzcHe0WFm4koBalCEOkVh,SIRUP,FINE LINE,8,0,175,41826,311794
6uVpG6300TODQGjOAtXJjh,2dIgFjalVxs4ThymZ67YCE,Stray Kids,BLIND SPOT,6,0,93,60422,311202
2isSdmQfVv32j2haL6hk9x,3Nrfpe0tUJi4K4DXYWgMUX,BTS,Intro : Persona,19,0,23,33451,310771
4KcTqk3YtbJNVhvbhBDVw2,58oPVy7oihAEXE0Ott6JOf,Eve,心予報,19,0,125,19214,310750
1WC5UN1U79gJlxGLYDGIO7,163tK9Wjr9P9DmM0AVK7lm,Lorde,Green Light,71,0,19,6675,310138
1zPsa7aCICVvxBpPuzA9JJ,7k73EtZwoPs516ZxE72KsO,ONE OK ROCK,Vandalize,8,0,84,48278,310097
0HVj61S4pQJdQhgZP61G65,1Xylc3o4UrD53lo9CvFvVg,Zara Larsson,I Would Like,83,0,18,5054,309963
6SKwQghsR8AISlxhcwyA9R,0du5cEVh5yTK9QJze8zA0C,Bruno Mars,Marry You,164,0,88,7270,309392
5FDJtn4aPFx5KqQkE5xiOy,7JthQ6zwNzfxRfIEjp6wUs,HIRAIDAI,SONG FOR TWO,53,0,81,7750,308385
450FXvztbInAhIBDmnUBgR,4FrFdi2hHpulQOxDihRIQD,Aoi Teshima,ただいま,12,0,132,29840,308137
1oyv2lh8H3dI27aGV1OgPC,0qC4CNzOUtgdmdVzRqCa1d,STUTS,Presence IV,8,0,84,44076,307438
3Y7MHz19qCg1Pkxridtu1k,06HL4z0CvFAxyc27GXpf02,Taylor Swift,The Archer,21,0,70,17141,307218
5JTifhhY3xVMClctpOSpDo,5kjGRHClVacSyllOUqU1S0,SPITZ,見っけ,21,0,86,20196,307109
43GUQ5FujwMeyYZ4ns0Wek,0bAsR2unSRpn6BQPEnNlZm,Aimer,Tiny Dancers,37,0,53,11120,307092
4lHFKMTM7ylnD5OEbvMVpf,0qC4CNzOUtgdmdVzRqCa1d,STUTS,Presence III,8,0,90,43728,306760
3xgxEgp7Cd69RqbkK374Mm,3z8diLlUCkN1j9N9ZdnfBJ,NiziU,COCONUT,7,0,132,53432,305439
6ojfWEW5oBSyXQqO9G72iM,2dIgFjalVxs4ThymZ67YCE,Stray Kids,JJAM,5,0,83,75718,305273
5WwwgrjwI7DLLfg0qCEL7t,7i9bNUSGORP5MIgrii3cJc,B'z,UNITE,9,0,106,36798,303433
5FdGQ3eYwVLv4aDBoSHsIE,7CifQjntMwkU4kfV85zTnS,Def Tech,You Gotta,50,0,69,8400,302992
6uqyE384HDSsuwpoF4mjrL,6qqNVTkY8uBg9cP3Jd7DAH,Billie Eilish,NDA,10,0,119,33726,301076
2i4DNxEjTT5gjk7wgfSpFq,4VrqQQy6X0hlMtqY5gp6Wx,X JAPAN,Endless Rain - 2014 Remaster,53,0,128,6833,300591
2DMHUE1Inway1eCAaq4Vua,5kVZa4lFUmAQlBogl1fkd6,Aimyon,RING DING,42,0,141,8695,300586
4HivAu7y24pYsYvorqICr2,0B1ce3uNrzkdm76NXI4mhX,Tani Yuuki,燦々たるや,8,0,154,41584,300291
4Dxdlxky5TV96ibYwFUxhp,7n437ZdDaCzqjJDJ7WmbyX,androp,Hikari,39,0,62,10104,300246
1mucJa0A819ikDw6qesrTR,74iC908yY2tkjyHMOl0Fyr,KOH+,ヒトツボシ,9,0,144,38112,300179
4yRVrTMD8zLyaCVcirIAdu,0ghlgldX5Dd6720Q3qFyQB,TOMORROW X TOGETHER,0X1=LOVESONG (I Know I Love You) - Japanese Ver.,10,0,129,33563,299791
22uQDAWeupUDmr3Qit0abI,4FyAgiZa3q0eeljDvcOXFh,Ketsumeishi,夏の思い出,94,0,93,5481,299677
4rF72sAKXnQ2t2Q5aZlreW,6hgAxdLyAScworv2mZucqK,ØMI,You (Prod. SUGA of BTS),11,0,144,30009,299399
4PvZYIfjE3xrVWLnCwXzYF,7lbSsjYACZHn1MSDXPxNF2,Hikaru Utada,Face My Fears (Japanese Version),8,0,74,49917,299131
7Lk3bl1VFAcW9KFfXqL4S7,7JthQ6zwNzfxRfIEjp6wUs,HIRAIDAI,願いごと,10,0,156,32195,298755
2QpGZOhTCHHiKmpSO9FW4h,5K4W6rqBFWDnAN6FQUkS6x,Kanye West,Follow God,18,0,82,20138,298683
0KuX5JwRcmB7316EcvhmLS,1qma7XhwZotCAucL7NHVLY,Mr.Children,GIFT,42,0,101,31319,298122
0Wv5wuenRLI3BcwgT3HPIP,540vIaP2JwjQb9dm3aArA4,DJ Snake,A Different Way,80,0,85,4682,297675
4I4x08U64sl0BQvOYI8TYM,6eQaoV4hcIjHERsUBZILMp,ヒプノシスマイク -D.R.B- (伊弉冉一二三),パーティーを止めないで,14,0,52,39062,296384
4qKcDkK6siZ7Jp1Jb4m0aL,4TEJudQY2pXxVHPE3gD2EU,BlocBoy JB,Look Alive,57,0,108,5848,295706
5eNlrdrZSTnfJjXpPg1ykV,7k73EtZwoPs516ZxE72KsO,ONE OK ROCK,I Was King,135,0,27,5175,295700
1aNlV4Nl3sxYwvBBupcSmu,6le80R1opKnTlP4o3KvA2k,Uru,ファーストラヴ,12,0,153,26729,295530
6Ujff0V1HPkvD6QxLHctff,2XMxWKPKCxoLkSdpCViCnr,Perfume,ポリゴンウェイヴ,10,0,130,33619,294771
6690Oo2YKerGp9Zvm9EY6S,4hnHLgMSOiqERWBL4jINP1,BOYNEXTDOOR,今日だけ I LOVE YOU - Japanese Ver.,6,0,153,49971,294542
243y7cJgXzvJFWo7Ey6M44,706WzkJEacBrtkHKRpBU2q,Motohiro Hata,聖なる夜の贈り物,7,0,124,66366,294538
7aV2mflaASUmGhCErm7kBO,15NtJjjHRFybdNSMyM9smT,Nevada,The Mack,107,0,22,4798,294355
2P6YMsU9jt22CXfizfudi3,250b0Wlc5Vk0CoUsaCY84M,JENNIE,Love Hangover,6,0,161,50406,293700
7jzOZuWgZ5gaMet9V5Ix1d,7zYj9S9SdIunYCfSm7vzAR,JEON SOMI,Fast Forward,7,0,144,44401,293684
0zCfmceT1YvtZXGbR6Roht,6T70tWxqyIpdVbsFvPzqM3,La La Land Cast,Another Day Of Sun,96,0,22,6368,292970
5dUjBnP5zrWpWA5RGrr73g,2dIgFjalVxs4ThymZ67YCE,Stray Kids,Cover Me,6,0,111,56324,292879
4BKOjYosPhw334moS3wlbO,3Nrfpe0tUJi4K4DXYWgMUX,BTS,Inner Child,13,0,60,35952,292425
39oAp7sfaU9PDaraVLD31O,1EowJ1WwkMzkCkRomFhui7,RADWIMPS,おしゃかしゃま,6,0,97,65575,292196
1jN4iYlI3s1EVDnzhHL1LT,1mN9lPKzTRTOop4u7S1Uy9,iri,STARLIGHT,9,0,122,36366,292000
2bjMRVAaaIwZVN2MtJCvok,58oPVy7oihAEXE0Ott6JOf,Eve,インソムニア,6,0,158,50440,291701
5Cea2XN6SOW1m8XcHV7wKU,4L9VSeE7K3BTBndqEL9A6q,Nissy,Say Yes,11,0,149,28348,291327
7IObqGlSfLP4KsEt47WC28,6YIqgghQqnkNne8BKQpW6v,Keisuke Kuwata,Kissin' Christmas (クリスマスだからじゃない) 2023,5,0,106,71993,291102
6leUG4QSX6vEYVVFsWSFST,6TDMbiQCWeMClsMr9ORLRK,aiko,Kira Kira,13,0,52,41598,290674
27bIik73QCu8Xzt3xpG1bI,1gBUSTR3TyDdTVFIaQnc02,NCT DREAM,Candy,7,0,129,43642,290541
3tlYsD5AYsZY0XPVJEfmXe,2AwGvrbcvOSx5HDwc4OQE3,SALU,Good Vibes Only,50,0,82,7175,290377
2i6yll6tD5VVPcZidxa1xu,1NdpjvRYsY6cwAVX9YWzAB,Genie High,ランデブーに逃避行,39,0,57,10378,290304
1iQDltZqI7BXnHrFy4Qo1k,3KwmxIhSe9UTSEF37kwngR,SHAED,Trampoline,22,0,148,13981,290248
55HzAX2f4rVNpJ0XzyNHkP,2XMxWKPKCxoLkSdpCViCnr,Perfume,Flow,9,0,113,36815,290141
66CUAxsf23g1FI7SgJGhsj,3cbd5GWGOknxmFAe77MDbk,ELLEGARDEN,Missing,34,0,24,13580,289049
44WLOqH7QayQOQdeUHeKUK,3Nrfpe0tUJi4K4DXYWgMUX,BTS,We are Bulletproof : the Eternal,14,0,66,32382,288566
2LjUXunDvyWR2YrKGgMWpT,0aD7NQx7yauKlVDnqOxk6q,AI,THE MOMENT,11,0,174,28485,288298
1fipvP2zmef6vN2IwXfJhY,2wY79sveU1sp5g7SokKOiI,Sam Smith,I’m Ready,14,0,97,22999,288129
0OlnLZY4cmQzT6ZGttvWBM,60d24wfXkVzDSfLS6hyCjZ,Martin Garrix,So Far Away,56,0,61,8471,288017
3n5GIKGHX4cdMRM2mEU6MN,7lbSsjYACZHn1MSDXPxNF2,Hikaru Utada,Can't Wait 'Til Christmas,7,0,129,64822,287623
1VIXmzlTN3HSIbwCQQaCl8,6LesPuO1nhgJ2acJ4MjyBI,和ぬか,進め!そっちだ!,10,0,157,30833,287536
4PEGqvUezoQd7zEE7u07GB,3D73KNJRMbV45N59E8IN0F,Mika Nakashima,Yuki No Hana,46,0,111,9277,287121
2SJAhpAZZLKYIWWu7S2idS,2N19kPGlqKY8GiyE4DkAtp,Little Glee Monster,Jupiter,53,0,59,7735,286883
0GVuLQtPXFaL18ijEOqoAa,2LAqcqAQ8KPTsl1HBgBrqM,Michelle Williams,Tightrope,49,0,87,6904,286842
0S89mp6dMPpMOq9BYxuUDh,0GZ65zwBwkkwGNJ3zagtTZ,MILLENNIUM PARADE,Fly with me,15,0,68,26771,286161
0eurhU5ak9lXwhOFgmo42M,7tCgZB3cHou13zCzimxILs,ACAね,Character,11,0,169,27659,285879
0oFE8NlomVrCxhgVZ5FsuE,7n2Ycct7Beij7Dj7meI4X0,TWICE,SCIENTIST - Japanese ver.,9,0,105,37323,284830
7dthn3tyJkotnxTRih1LMo,0B1ce3uNrzkdm76NXI4mhX,Tani Yuuki,Unreachable love song,6,0,129,51395,284239
7khrpN8dSwTnyHIN47r0ZF,1snhtMLeb2DYoMOcVbb8iB,Kenshi Yonezu,Uchiagehanabi,9,0,73,56755,284214
798NAQr3YdJlSLceuuVp1s,1r0lz3aAi4jYLSZwOh9F4L,J SOUL BROTHERS III,Movin' on,15,0,91,23507,283659
3Yq5orBb97KAajDN52s92t,4QvgGvpgzgyUOo8Yp8LDm9,Mrs. GREEN APPLE,PRESENT - English ver.,15,0,114,20838,283445
4HFlBhRFp14CcbD8RReUB8,0blbVefuxOGltDBa00dspv,LiSA,REALiZE,7,0,185,41216,283106
7GARzfC1mwhDuk4t9WOACq,0b1sIQumIAsNbqAoIClSpy,j-hope,MORE,8,0,94,43405,282566
25uNN8plmZmN5wBd4F7vEw,6rs1KAoQnFalSqSU4LTh8g,back number,大不正解,8,0,152,41294,282254
0SuLAslEMFZAXf0SwY7syi,50JJSqHUf2RQ9xsHs0KMHg,Jon Bellion,All Time Low,81,0,32,4821,282137
42CeaId2XNlxugDvyqHfDf,246dkjvS1zLTtiykXe5h60,Post Malone,Candy Paint,63,0,63,6472,281671
4vb4mFvYsr2h6enhjJsq9Y,4dpARuHxo51G3z768sgnrY,Adele,Water Under the Bridge,137,0,18,5419,281644
1DWZUa5Mzf2BwzpHtgbHPY,4LLpKhyESsyAXpc4laK94U,Mac Miller,Good News,18,0,138,17393,281502
2Ce5IyMlVRVvN997ZJjJJA,1RyvyyTE3xzB2ZywiAwp0i,Future,Selfish,96,0,26,5302,281490
4iJkPFfvhKL08H9dhHhr3c,6t6aXZlmnAF1VuiG8BVjQZ,Mafumafu,命に嫌われている。,10,0,116,30807,281163
1a5Yu5L18qNxVhXx38njON,0NGAZxHanS9e0iNHpR8f2W,Alok,Hear Me Now,98,0,27,4998,281101
2im8jqte4utp2s1ZI52OFv,1XYuC1vxinTjHCNd5clB8C,ARASHI,ワイルド アット ハート,14,0,54,49632,280248
55sgQENF3LY1sUcJUwasLl,5he5w2lnU9x7JFhnwcekXX,Skrillex,Don’t Go,10,0,135,30446,280240
05mDaV9Vb3wrzjF6OPZnhq,246dkjvS1zLTtiykXe5h60,Post Malone,Saint-Tropez,20,0,85,16996,280208
0sQvfZYnaW8QrSyDxIYrr8,7cjg7EkeZy3OI5o9Qthc6n,ZEROBASEONE,Dumb,5,0,118,59665,279500
49taB0TtcOzSjb2aAjAkdE,0qC4CNzOUtgdmdVzRqCa1d,STUTS,Presence V,7,0,97,42472,279370
0lqAOs9poxlM8FE5j40URh,0UuiWPm9FpWvRuWNrXO98N,Snow Man,タペストリー,5,0,105,66350,278646
3op7HNwLli54MBjFGzIlZO,3Nrfpe0tUJi4K4DXYWgMUX,BTS,Louder than bombs,12,0,62,34318,278094
6wH3CPsb81Yr7zgqFsgR9U,6wxfx1yhyqjCPYwwxJktR2,King Gnu,Haretsu,17,0,99,22145,277827
0tTtt53nSgGGy4uiNRaw8c,1r0lz3aAi4jYLSZwOh9F4L,J SOUL BROTHERS III,FUYUZORA,18,0,106,17362,277645
3kwgqoBqTwoAH4nT29TYrq,04gDigrS5kc9YWfZHwBETP,Maroon 5,Nobody's Love,12,0,123,25037,277474
7nwsaMx5BA7HAH4DP0VH8y,0bAsR2unSRpn6BQPEnNlZm,Aimer,STAND-ALONE,23,0,106,14533,277113
6B8MM3PVQtUbZLay7tP7er,1gBUSTR3TyDdTVFIaQnc02,NCT DREAM,Hot Sauce,10,0,142,28908,276944
0rhMvEJsl55VRQl3JnI8JW,2koP6FEfIEVk4l2Fe6jFhu,JO1,Romance,7,0,141,45418,276568
1K3gY8nfWxK0BA8qD6Sio2,6POfB0fHdzXFLWL3RHxLv8,Creep Hyp,しょうもな,10,0,129,30914,275396
05HuGF8QJGxH2UiQ77ldTK,4HfuyMMy295oBvbIuXr0v8,GENERATIONS from EXILE TRIBE,ALRIGHT! ALRIGHT!,45,0,55,8386,275049
4Km5HrUvYTaSUfiSGPJeQR,6oMuImdp5ZcFhWP0ESe6mG,Migos,Bad and Boujee,101,0,40,3943,274682
6Hgh47WXVKtXN5zGOu0hjI,6LuN9FCkKOj5PcnpouEgny,Khalid,OTW,51,0,92,7026,273301
2GquhrcHbl2zOnF5javAFp,4SpbR6yFEvexJuaBpgAU5p,LE SSERAFIM,Swan Song,6,0,124,54431,273292
5T6rEdxOoJ79MfOJpUx33d,5r1tUTxVSgvBHnoDuDODPH,IZ*ONE,Beware,12,0,163,24358,272836
7k4t7uLgtOxPwTpFmtJNTY,790FomKkXshlbRYZFtlgla,KAROL G,Tusa,19,0,152,15593,272802
7vJS1DPc3FzBtqBs8n3mW5,66CXWjxzNUsdJxJ2JdwvnR,Ariana Grande,Bad To You,16,0,84,21111,272802
2ouguQxJZn4jXisuNREqe5,6YVMFz59CuY7ngCxTxjpxE,aespa,Life's Too Short (English Version),9,0,122,33764,272801
7JNh1cfm0eXjqFVOzKLyau,4obzFoKoKRHIphyHzJ35G3,Becky G,Mayores,76,0,131,4209,272706
6TFzT4oCM5vamJWRI4sWlu,5kVZa4lFUmAQlBogl1fkd6,Aimyon,from 四階の角部屋,29,0,84,12104,272370
0KiENYfEAy3LfvzFmgdu9L,03E7w8NrBr4lNCK33TQyil,Keyakizaka46,Fukyouwaon,50,0,126,12002,271525
3XpV0yCZRizTsCMEIkxZVm,7kOrrFIBIBc8uCu2zbxbLv,yama,桃源郷,9,0,169,31771,271073
2gyCwrOcC6JBoaJ8JGJ7T8,3qNVuliS40BLgXGxhdBdqu,TAEYEON,To. X,6,0,187,46901,270711
6tF5SVu63mcy3bxzqpTiap,2vjeuQwzSP5ErC1S41gONX,CHANMINA,Mirror,8,0,168,35331,270671
3soOPBuMK8YMdWnV7xpEyf,3Isy6kedDrgPYoTS1dazA9,Sean Paul,Mad Love,44,0,91,7288,270509
7njKgVl3AnLflRad38o7AG,4GvEc3ANtPPjt1ZJllr5Zl,Bazzi,Paradise,27,0,83,13032,270229
0FZ4Dmg8jJJAPJnvBIzD9z,46SHBwWsqBkxI7EeeBEQG7,Kodak Black,ZEZE,39,0,59,10219,269802
60SdxE8apGAxMiRrpbmLY0,7dGJo4pcD2V6oG8kP0tJRR,Eminem,Lucky You,34,0,51,10656,269500
0GzuHFG4Ql6DoyxFRnIk3F,1r4hJ1h58CWwUQe3MxPuau,Maluma,Hawái - Remix,11,0,137,26596,269087
5yNEdBlZMxpcVtGKz5NFk5,69GGBxA162lTqCwzJG5jLp,The Chainsmokers,Side Effects,49,0,77,7532,268997
4CaMTx37T9RiHTq7cMeFji,58oPVy7oihAEXE0Ott6JOf,Eve,白雪,7,0,156,40248,268226
0DiDStADDVh3SvAsoJAFMk,7gOdHgIoIKoe4i9Tta6qdD,Jonas Brothers,Only Human,25,0,97,12596,268036
2bnJ8IxZnVc2YmUaX0sZap,3KonOYiLsU53m4yT7gNotP,TREASURE,JIKJIN,9,0,134,33719,267520
7mXKUHWnU3nV5rnbudS03U,1ZFfhzyXjPvbzSYPlCIwo3,timelesz,本音と建前,4,0,58,99082,267302
0u2P5u6lvoDfwTYjAADbn4,6qqNVTkY8uBg9cP3Jd7DAH,Billie Eilish,lovely,41,0,99,17994,266878
5HwnezK198pJCEj1l2Adjy,4nDoRrQiYLoBzwC5BhVJzF,Camila Cabello,She Loves Control,54,0,82,6854,266147
27EnDbXKku4XGjPC7U8ptt,5Vo1hnCRmCM6M4thZCInCj,OFFICIAL HIGE DANDISM,Saigo no Koiwazurai,15,0,129,19688,265729
6JIC3hbC28JZKZ8AlAqX8h,3PhoLpVuITZKcymswpck5b,Elton John,Cold Heart - PNAU Remix,10,0,183,27939,265728
7qq0EOPW4RRlqdvMBmdd73,41MozSoPIsD1dJM0CLPjZF,BLACKPINK,Crazy Over You,8,0,89,39983,264833
0KjILTvrVubwbbxw5Rldxq,0O0hxUrO2PKxZknken3R24,Suchmos,Wiper,68,0,36,6908,264408
4EAV2cKiqKP5UPZmY6dejk,4xRYI6VqpkE3UwrDrAZL8L,Logic,Everyday,39,0,67,8496,264334
64bVDKYuGiJN2ptowD1wVd,1S2S00lgLYLGHWA44qGEUs,Gen Hoshino,Mad Hope,4,0,74,78939,264094
2lyFs3iMvfNi6bfHi3mJKj,1W3oa2UIRtBlQSPwszyIWu,Kyrie,キリエ・憐れみの讃歌,6,0,155,46889,263805
6XpgRRnaMPuk6F8AekuEpI,29D4iRqjepAsZt6o5hccND,Miliyah,どこまでも ~How Far I'll Go~(エンドソング),96,0,22,5885,263779
6xPQsaC2UCY49vb7fZZURz,73kxDUq2Hl7Upy4o0yFxXv,INI,LEGIT,6,0,182,46127,262066
27ieHhhs1OwALnEOWCW0cg,4wW9Mak1gx2PnswYDpHmA1,This is LAST,Strawberry,5,0,133,56093,261472
6uhX8XyLrtVqW5FQmzx7xW,7k73EtZwoPs516ZxE72KsO,ONE OK ROCK,Giants,22,0,30,21013,260675
7sO5G9EABYOXQKNPNiE9NR,4DdkRBBYG6Yk9Ka8tdJ9BW,Offset,Ric Flair Drip,66,0,108,5383,260568
3elouuZKimxnIKhBjUZQ24,19hnen14uXCUMoBAnTmrCp,"Kami-sama, I have noticed",CQCQ,90,0,58,3930,260271
1Pc3Iidmb8EWhMi9An2QLn,2oNStf3CKKLM5lnzELWMcH,Taichi Mukai,Siren,47,0,87,7151,259844
0O6u0VJ46W86TxN9wgyqDj,246dkjvS1zLTtiykXe5h60,Post Malone,I Like You (A Happier Song),8,0,122,36538,259829
3GRSqlALWISqLeNncZMbpX,5JZ7CnR6gTvEMKX4g70Amv,Lauv,Mean It,16,0,96,19301,259742
1FUViuNSldssMIawrOXF2i,64M6ah0SkkRsnPGtGiRAbb,Bebe Rexha,I Got You,140,0,60,2828,258908
6IkCiHgvNknENRSCVSi4qF,7k73EtZwoPs516ZxE72KsO,ONE OK ROCK,Worst In Me,22,0,28,21191,258556
1XGmzt0PVuFgQYYnV2It7A,04gDigrS5kc9YWfZHwBETP,Maroon 5,Payphone,25,0,83,51843,258423
2cnKEkpVUSV4wnjQiTWfH6,3E6xrwgnVfYCrCs0ePERDz,Wisin,Escápate Conmigo,101,0,104,2962,258400
4Fo6du4dMMqN72B3c9Dfea,28IJpwoVi5R92MtHxkj2Lk,Travis Japan,Would You Like One?,5,0,186,52735,257939
0XV1uG0C7ESyj8glirzqYy,27uDA7mGoHPHFvlBiZ4J9Z,Miho Nakayama,ただ泣きたくなるの,5,0,121,58839,257546
5pRchw0E4RpVqIWcyVCrJv,2nvl0N9GwyX69RRBMEZ4OD,kessoku band,光の中へ,5,0,107,56892,257372
11DmLFBRVnUfsCjjeQK862,08W95PavXzyJenqF5bp386,PRODUCE 101 JAPAN,YOUNG,12,0,67,24491,257167
4UOwAdn4wjjjX0r62fPTbO,2koP6FEfIEVk4l2Fe6jFhu,JO1,BE CLASSIC (English ver.),5,0,150,53502,257085
4QfHWIOU5nh4yBdYSnt1AE,0ghlgldX5Dd6720Q3qFyQB,TOMORROW X TOGETHER,Sunday Driver,5,0,171,55150,257044
4HDCLYli2SUdkq9OjmvhSD,2HPaUgqeutzr3jx5a9WyDV,PARTYNEXTDOOR,BELIEVE IT,14,0,116,20386,256548
0NeNAcCVtGqLAAmf4FhWWT,41MozSoPIsD1dJM0CLPjZF,BLACKPINK,BOOMBAYAH,74,0,62,4858,255892
2XKFnwB6djxrJCjR3PdeRb,6LuN9FCkKOj5PcnpouEgny,Khalid,My Bad,28,0,96,10870,255636
2c0DXz1BW0FdiDXi2h4prp,7dhueqtbx2NVq1leXyqaNl,SixTONES,Stargaze,4,0,66,85362,255315
4jvjzW7Hm0yK4LvvE0Paz9,2kCcBybjl3SAtIcwdWpUe3,Lil Peep,Falling Down - Bonus Track,34,0,73,9017,254981
51ChrwmUPDJvedPQnIU8Ls,6eUKZXaKkcviH0Ku9w2n3V,Ed Sheeran,Dive,79,0,16,7893,254668
0q0TDcXNZHj0prJIG4R4Jz,4lsSLCTKrmfULsRivqAShx,Hiroomi Tosaka,DIAMOND SUNSET,51,0,54,6089,254309
0vrjT7RqBiBJeEJdkXlEy0,6TDMbiQCWeMClsMr9ORLRK,aiko,Hanabi,12,0,54,37899,254104
7Ao5aouOwI94DuwcXa5X1i,5ivCbtrcD5N4rD337xIb2z,MisterWives,Jingle Bell Rock -Spotify Singles Holiday,5,0,88,71562,253598
3yYu68P1WYsGCevgip6w2G,1qM11R4ylJyQiPJ0DffE9z,Lilas,With,6,0,194,42972,253491
4M2ft0utYYfDoUkIcupHSq,7Gh6fW49xfXLP8DTWaLVJP,Kyary Pamyu Pamyu,原宿いやほい,90,0,18,5079,251868
5x7tM4dQnGZxw2bfxhHOlo,3x621ItlHMtX7mrJ8QnEjM,HY,あなたを想う風,41,0,114,6901,251841
3s3pQrBt6hBONbxpZHSUnx,2yPOqQXgXAw3TVjCNReIrD,Nulbarich,Kiss You Back,43,0,80,10698,251811
3DGar7krWlmrXRFHBcQF6z,4LcUpNlXFEleaLlelmkv2R,Kris Kross Amsterdam,Whenever,40,0,78,8310,251281
16GmwXr8eice4keZxd1iov,4L9VSeE7K3BTBndqEL9A6q,Nissy,I Need You,8,0,132,33852,251168
54HMpdV2FTXgcI0dkDzMc8,14T8NkbwXVZgbOvwnuGV89,GReeeeN,道,135,0,104,2812,251038
645YBsxhFPSOKxGep3uHLv,3Nrfpe0tUJi4K4DXYWgMUX,BTS,Love Maze,33,0,26,15391,250580
3Hk8BKGT8dvK0ytIEtW58I,2koP6FEfIEVk4l2Fe6jFhu,JO1,Believe in You,5,0,186,52315,250569
5w9c2J52mkdntKOmRLeM2m,4VMYDCV2IEDYJArk749S6m,Daddy Yankee,Con Calma,32,0,132,9391,250416
2fb7o7kHcybamAnIviWfzz,58oPVy7oihAEXE0Ott6JOf,Eve,Aisai,6,0,100,42967,250288
5Ua3GXyHwiSfpNTMjq6m2z,3e7awlrlDSwF3iM0WBjGMp,Little Mix,Touch,92,0,51,4535,250277
43DrDpSiIZWEiEfsQQHoQi,64tJ2EAv1R6UaZqc4iOCyj,YOASOBI,New me,5,0,164,52099,250046
2z4pcBLQXF2BXKFvd0BuB6,07YZf4WDAMNwqr4jfgOZ8y,Jason Derulo,Tip Toe,49,0,63,8213,249825
0VsGaRXR5WAzpu51unJTis,6eUKZXaKkcviH0Ku9w2n3V,Ed Sheeran,Best Part of Me,16,0,47,23157,249741
6B6PeBESFdk0OjBmGDllYI,1EowJ1WwkMzkCkRomFhui7,RADWIMPS,最大公約数,4,0,147,64229,248315
4EXcrHRRhbyrdXfLoxywpm,4QvgGvpgzgyUOo8Yp8LDm9,Mrs. GREEN APPLE,The White Lounge - Live,4,0,72,90163,247904
0qMWgeZ0noIwad06RmVQpm,2XMxWKPKCxoLkSdpCViCnr,Perfume,Spinning World,8,0,152,33051,246997
1TdYXsTtYbud0IieSW5wbh,6YqdtpUutxodni6lUD4stM,WANIMA,アゲイン,20,0,150,13826,246966
0Y4hwUppbGc8aIBmiTz30A,5pUo3fmmHT8bhCyHE52hA6,Liam Payne,Familiar,38,0,11,18536,246517
6V819dF8uqDYAX0mF6m4VM,0hBYSjDjcAaAuSZcpN8jk9,JP THE WAVY,Just A Lil Bit,27,0,63,12188,246464
5p10VwQ8LRoyTc8LFrvPw6,3Nrfpe0tUJi4K4DXYWgMUX,BTS,Outro: Tear,39,0,59,11398,246153
0B8B8cVRFIG1yznoQe7c9s,69GGBxA162lTqCwzJG5jLp,The Chainsmokers,Setting Fires,114,0,18,5343,246031
0N5urzquLnvet6MgGsZMoI,5Vo1hnCRmCM6M4thZCInCj,OFFICIAL HIGE DANDISM,相思相愛,17,0,171,16646,245886
5unCIQfJLMtcsiU6MP5zmB,5RR0MLwcjc87wjSw2JYdwx,MOMOLAND,I’m So Hot,24,0,81,11714,245831
28qbKNucYvPU1QaMAPkeSC,1g51NlHKUXlgfvGP22m0uD,J SOUL BROTHERS III,恋と愛,40,0,64,8261,244962
7iKDsPfLT0d5mu2htfMKBZ,41MozSoPIsD1dJM0CLPjZF,BLACKPINK,Love To Hate Me,8,0,100,36127,244677
19BS0kUoMeUzuxbELrBG4S,4XFkDALFTsSHVnRtJSsaMN,Number_i,未確認領域 - MONJOE Remix,4,0,96,75777,244578
7wWV7FM015VYTlNw6KIYRI,7k73EtZwoPs516ZxE72KsO,ONE OK ROCK,Can't Wait,20,0,22,23199,243483
6UJSR7VXzdzt6mOkpiJRGF,1ZFfhzyXjPvbzSYPlCIwo3,timelesz,Anthem,4,0,77,78134,243480
5nCwjUUsmBuNZKn9Xu10Os,3HqSLMAZ3g3d5poNaI7GOU,IU,Celebrity,10,0,147,25916,243457
4yRKoypnXWwgRQGqqc1Set,2ZjWbNQAjL74Pf4aqikIz2,Shota Shimizu,416,14,0,138,19067,243327
76yju4iyBSTei9zbEzIk3u,58oPVy7oihAEXE0Ott6JOf,Eve,Gunjo Sanka,9,0,145,29305,242776
4ct5cffZGIcSJ6P8iEToG2,6wxfx1yhyqjCPYwwxJktR2,King Gnu,IKAROS,4,0,67,85153,242525
70qAmEfbv849ZxktSJCqvY,4QvgGvpgzgyUOo8Yp8LDm9,Mrs. GREEN APPLE,PRESENT - Japanese ver.,13,0,132,21162,242441
2T7E6Gl6XxB8UnuqrufqYT,5t5FqBwTcgKTaWmfEbwQY9,ENHYPEN,Given-Taken - Japanese Ver.,9,0,164,28469,242316
6VJhf9l4ALDquID0bN51QQ,6RKnXXyprPjhBdCvL802Ku,I.O.I,Very Very Very,12,0,113,24298,242285
0nZthMzXJNAnVQ3SuF3DYd,0pWR7TsFhvSCnbmHDjWgrE,Creepy Nuts,二度寝 - Nidone,5,0,180,53770,242217
58oZnEFcAVvxszG4TJs513,3jO3oDlkVv4sTyvm6lyE0p,ET-KING,ギフト,43,0,148,6599,241936
1LjZnfncDtrn5YtbU4lQMf,6bDWAcdtVR3WHz2xtiIPUi,Fujii Kaze,へでもねーよ,9,0,78,37329,241912
5bt0mCCPCDblhAYrsaHiUs,08lN7bm4Etec8ETFxaTUmq,Nogizaka46,I see...,14,0,125,19808,241711
0L8LOav65XwLjCLS11gNPD,41MozSoPIsD1dJM0CLPjZF,BLACKPINK,Typa Girl,7,0,111,42594,241259
4j3GWI86JvSaF0BLdmgcfF,73sIBHcqh3Z3NyqHKZ7FOL,Childish Gambino,Summertime Magic,33,0,52,10596,241193
3eZYOQO4UzKrUDYDghtnFw,66CXWjxzNUsdJxJ2JdwvnR,Ariana Grande,test drive,9,0,123,31212,241072
6aHFdm58mPF4YPJX3FgI0z,0LlH6J1tj2TPq7AlwXAkY5,Cö shu Nie,give it back,9,0,140,28795,240961
0xbZo7ZaQ3dIFiNjQ3Ik0m,6rs1KAoQnFalSqSU4LTh8g,back number,バンド,4,0,80,72430,240729
7Lw5FXm8nhQPvezIpA6jK5,0b59cVa1STVENq3i7wkcHV,End of the World,Lost,18,0,57,18634,240674
5DDmuZWyW0lyz1NnJTU0z8,2IUl3m1H1EQ7QfNbNWvgru,Vaundy,呼吸のように,5,0,107,59100,240357
5B03nSG8pLE48jh7kmasuL,1vCWHaC5f2uS3yhpwWbIA6,Avicii,Levels,19,3,4,38892,239968
3IdVpFxJ0Vedsnhv8LjnTN,2Nz5XwOa02deTyyS2vw5Wa,KM,098 (Theme of +81 Connect),8,0,123,32807,239480
6s3GEN8wK0OMzzzZbXj0fu,4gzpq5DPGxSnKTe4SA8HAU,Coldplay,Hymn for the Weekend - Seeb Remix,110,0,17,4498,239316
4bxgzMlcoQ21W7hcWr6v7k,1HzcHe0WFm4koBalCEOkVh,SIRUP,umi tsuki,6,0,162,42368,239156
4ZXFRUod7wpphYc7rfiBVH,1XYuC1vxinTjHCNd5clB8C,ARASHI,Wish,13,0,52,32049,239119
0V1dCs8UaoRLpGd6TTuZ4w,0Ti7MfCiVVQAK8zLSiqlto,Sakurazaka46,I want tomorrow to come,4,0,71,79569,238623
3ujORpm8Hf7QWEtfqSAZL8,7vk5e3vY1uw9plTHJAMwjN,Alan Walker,Alone,85,0,29,4008,238620
2VUQEplQ848X6lFLzBxQT8,0ySFZq3Wd0SQUyJUzmJAeb,sumika,Simple,8,0,164,31070,238478
5sjzkxkRVvGtanVjZ86eZu,1qma7XhwZotCAucL7NHVLY,Mr.Children,youthful days,37,0,73,9385,238314
2gzApyJhCWVdTRxL9HB1EO,3uyDATzOGjbGCts7v2eszk,MISIA,アイノカタチ feat.HIDE(GReeeeN),23,0,16,17113,237934
6wQlQrTY5mVS8EGaFZVwVF,4MCBfE4596Uoi2O4DtmEMz,Juice WRLD,Smile,10,0,137,26951,237503
4H6s1mTZcjHAMU36ZF3Xoz,5vV3bFXnN6D6N3Nj4xRvaV,Jin,Nothing Without Your Love,4,0,116,60693,237406
69WpV0U7OMNFGyq8I63dcC,5t5FqBwTcgKTaWmfEbwQY9,ENHYPEN,Given-Taken,10,0,162,25131,237050
7GjZ2TXXfyukkhJrnh754c,2NKadilSWCwuqGp5QoDeUS,ZARD,揺れる想い,7,0,84,44211,236627
2Dovl1obNCp8nJoTT6oJOF,2XjqKvB2Xz9IdyjWPIHaXi,Sheena Ringo,おいしい季節,53,0,54,7562,236428
6s3NAKInkmBr9odaLMOqL3,2yPOqQXgXAw3TVjCNReIrD,Nulbarich,Sweet and Sour,26,0,64,12073,236255
1eIl9qFUGihchPAfSF258T,4HfuyMMy295oBvbIuXr0v8,GENERATIONS from EXILE TRIBE,One in a Million -奇跡の夜に-,13,0,77,20487,236236
04utPBobXAMjh3QF0MxyqA,257kEbQnBziYfmtmqiNuNE,CHEMISTRY,クリスマス・イブ,4,0,74,80331,235786
6lUBiOrB0ilG4wQ0y86oOf,7Il739Q5W4yJUYC3hfnX6z,ano,社会の窓,4,0,71,77259,235373
6FuGJB290AQMAHTfjOYVaK,6fWVd57NKTalqvmjRd2t8Z,24kGoldn,"Mood (Remix) feat. Justin Bieber, J Balvin & iann dior",8,0,92,33531,235053
3iMKletjVqMR7Qr9CP0IIx,0QZqdhoRQkn1VphAa5eX8h,10-FEET,手と手,4,0,76,73701,235031
21BMip8RqunPokzxnkNe3A,1wI6Uih35T0D1OfRAph3kJ,Haruka Kinoshita,Speechless (Full) - Japanese Version,22,0,133,12329,233538
7ozAc74JyFBZaneEwQO1DH,3x621ItlHMtX7mrJ8QnEjM,HY,Song for…,65,0,149,4366,233528
1AiEbhocGMg7Pxi1jdkkhN,3R3WEsfL1WC1zLiz3XG9K5,miwa,Yozora,14,0,175,19169,233184
7ecbsiAQ6PNdiAq0hplVZo,5t5FqBwTcgKTaWmfEbwQY9,ENHYPEN,Blessed-Cursed,8,0,167,31395,233152
5oWbdc6MKLm2y9HIGsSNPx,1g51NlHKUXlgfvGP22m0uD,J SOUL BROTHERS III,J.S.B. HAPPINESS,48,0,52,7598,232982
39N9RPD9MRb5WmoLzNzPeA,1SupJlEpv7RS2tPNRaHViT,Nicky Jam,X,37,1,7,19904,232798
7uiBocndm12aKbsdnQ3Scx,7bXgB6jMjp9ATFy66eO08Z,Chris Brown,Undecided,32,0,135,8303,232774
0esOEHmStYyPNMEU3HwBza,1luOe8HkZQ7zwuaO2wuJqI,[Alexandros],Rock The World,8,0,155,31243,231876
5ekobRVHvm435Eipr1StAg,1dfeR4HaWDbWqFHLkxsg1d,Queen,Hammer To Fall - Live Aid,36,0,140,7779,231777
5xrtzzzikpG3BLbo4q1Yul,3HqSLMAZ3g3d5poNaI7GOU,IU,LILAC,8,0,125,32176,231769
6cPyTS0Kk2sc4xQwC93kOg,69GGBxA162lTqCwzJG5jLp,The Chainsmokers,Break Up Every Night,66,0,11,8123,231731
0P1D8kkQrOQKx7jPWQgJ9M,2UmhByzSum8X2lQZ7pWvWp,RIRI,Summertime,24,0,78,12655,231492
792DLlfFGlrHbvCZGMr4rg,5ki9pRkPNIXLjuiqG1Jh84,KinKi Kids,ジェットコースター・ロマンス,4,0,109,69187,231409
0OyQns5ayNK2OVaES0Vb8t,4MCBfE4596Uoi2O4DtmEMz,Juice WRLD,Righteous,13,0,127,20234,231070
6csS2XiMAmGIWIQlLWP4CC,1XYuC1vxinTjHCNd5clB8C,ARASHI,夏疾風,13,0,59,30494,230601
2p8IUWQDrpjuFltbdgLOag,1Xyo4u8uXC1ZmMpatF05PJ,The Weeknd,After Hours,12,0,100,22716,230533
7vfWgVGiLgnGbInU5lvSQg,2KsP6tYLJlTBvSUxnwlVWa,Mike Posner,I Took A Pill In Ibiza - Seeb Remix,111,0,39,4094,230064
0eu4C55hL6x29mmeAjytzC,6TLwD7HPWuiOzvXEa3oCNe,Oliver Tree,Life Goes On,9,0,173,27818,229548
5HDPtsnyb3maFmPL8LLUTG,6eUKZXaKkcviH0Ku9w2n3V,Ed Sheeran,New Man,73,0,11,7804,229488
6PJ8FF6UR8FZXfEvpHkIVN,6eUKZXaKkcviH0Ku9w2n3V,Ed Sheeran,How Would You Feel (Paean),73,0,13,6985,229343
3lyB2QHD0EWsjk4MjO5NAp,0alZAJx7ODLjbIEl8Od8a3,Buono!,初恋サイダー,4,0,141,59055,229188
1VOe1daaRqlRCW0cGf53g2,3rj96ybf29aaJsJRg4Qci2,THE BOOM,島唄,41,0,141,8519,228569
51hE2l7cmVXtEpmJ0AGh4R,76oZZyUq2OsR4uvuZVYdPn,Whiteberry,夏祭り,36,0,124,11318,228526
3YFJmxh4eG1eKXf9YVTrgU,7k73EtZwoPs516ZxE72KsO,ONE OK ROCK,Bedroom Warfare,114,0,33,4698,228100
1N90cV79gbBgO0bOs74Y0t,7CajNmpbOovFoOoasH2HaY,Calvin Harris,Heatstroke,73,0,33,6049,228031
3gKEYZOMwxzPjo4oNSWYCm,4DDoAL8n6ob19r3jOZEbJI,Kana Nishino,Darling,4,0,110,68915,227800
71GadtKh69Zic9qRm6XnWe,4mcsxXTo5xt1vi48nRg0qe,RICKY,Salvation,3,0,74,84277,227459
7H46BzLoUnOmeMnpmTlddm,5sefnd4yMQNYe9fuLi2XYw,Hilcrhyme,春夏秋冬,58,0,59,6570,226992
3umS4y3uQDkqekNjVpiRUs,1SupJlEpv7RS2tPNRaHViT,Nicky Jam,El Amante,100,0,64,2991,226758
4bNWppqeaAQ6Dui3M3cS0j,5NuEFfheZBa6uFZVFNAND8,Green Boys,声,92,0,25,4979,226580
0mSG3sEPChXW7NBzQ1UQfM,4gg2Eg18OeqjqzfWtsBTMG,TENSONG,はじまりのおわり,8,0,175,29518,226538
3K7dAM3ummhbRZgaFyQa49,1S2S00lgLYLGHWA44qGEUs,Gen Hoshino,うちで踊ろう,11,0,84,24632,226165
0XnqHkt7nGsK1RJ0zENLr0,5RR0MLwcjc87wjSw2JYdwx,MOMOLAND,I'm So Hot - Japanese ver.,24,0,94,12105,225916
0iB3hXMWoXsBVyTpnac2EY,2XMxWKPKCxoLkSdpCViCnr,Perfume,STAR TRAIN,8,0,154,30404,225786
7d6clvdPOrpZhddyds5R31,2XjqKvB2Xz9IdyjWPIHaXi,Sheena Ringo,幸福論,4,0,166,63834,225545
0qtJxTtfsUjjFZAI05GtNl,0bAsR2unSRpn6BQPEnNlZm,Aimer,STAND ALONE,18,0,97,15709,225508
2Oycxb8QbPkpHTo8ZrmG0B,5YGY8feqx7naU7z4HrwZM6,Miley Cyrus,Prisoner,9,0,142,26802,225355
0bw6h2xufXqSeu0YQYFdjv,5zbLosbBSia5befO1WUzVB,Doughnuts Hole,おとなの掟,78,0,24,5091,225298
2R8MZR1RCP4cIJITHDPRbY,7f4ignuCJhLXfZ9giKT7rH,NCT 127,Favorite (Vampire),8,0,144,30267,225245
0E9ZjEAyAwOXZ7wJC0PD33,3v6Ji4uoWtKRkhuDUaxi9n,Dynoro,In My Mind,43,0,154,6048,225069
0mOcCHxgDyry2kEjZjh8y4,7JthQ6zwNzfxRfIEjp6wUs,HIRAIDAI,Holiday,10,0,171,26436,224783
5566hAPt0WmMPr9Xn749L7,5vV3bFXnN6D6N3Nj4xRvaV,Jin,Rope It,4,0,143,56983,224468
7sMRDjjwsB7wQEBOkdfg0i,0hCWVMGGQnRVfDgmhwLIxq,sakanaction,Kaiju,1,1,10,224441,224441
6zZWoHlF2zNSLUNLvx4GUl,6YVMFz59CuY7ngCxTxjpxE,aespa,Better Things,5,0,128,48698,223941
4vziJcnB2Qyi9o4nIRUeN7,3WrFJ7ztbogyGnTHbHJFl2,The Beatles,Now And Then,4,0,63,79388,223507
7jkrxM1JAK7BAjrKZY7EnD,6YIqgghQqnkNne8BKQpW6v,Keisuke Kuwata,SMILE~晴れ渡る空のように~,9,0,174,25877,223190
1nQRg9q9uwALGzouOX5OyQ,1dfeR4HaWDbWqFHLkxsg1d,Queen,Radio Ga Ga - Remastered,35,0,157,7356,223111
2RBQ84niVRC6bBdhe7lc9F,6ptdMFoqgQZRoccAYK9Opd,hachi,砂の惑星 feat.初音ミク,7,0,80,49775,222967
2BMFiGYCJ89EVxZTVZikSj,6oued35Hkg7GIEXqVfBrQK,WurtS,ブルーベリーハニー,8,0,167,31806,222691
186NCtNk1tUYS7c2DxgJ7O,3JsHnjpbhX4SnySpvpa9DK,V,Christmas Tree,7,0,101,39805,222270
2X5WNn3nHqFhihs8TtulVc,7lbSsjYACZHn1MSDXPxNF2,Hikaru Utada,Beautiful World - PLANiTb Acoustica Mix,8,0,109,35953,222076
5EaVikAxSRponyifRP6Fhp,5vV3bFXnN6D6N3Nj4xRvaV,Jin,Super Tuna,4,0,94,64830,221843
43jBqV3j3Xi1g6wO0bhIMd,6d47Z08T4snK50HgTEHo5Z,Sage The Gemini,Now and Later,78,0,38,3965,221328
0LyJwTZThNbKH4tzoJsKNQ,5Xcbv83o11Ez2XPHa1n8Pf,AmPm,Best Part of Us,69,0,28,5751,221222
4e378M6XRmJBW30gNws2TE,0SLGKxtZbiQFfJGtJ8TDTo,Gguggugi,Switch,5,0,125,48898,220449
15ZEkb83IYYal4xsbhHE03,1luOe8HkZQ7zwuaO2wuJqI,[Alexandros],todayyyyy,5,0,165,46793,219005
6pb6ABuZ7oXFlnSgEndJlH,5FGlhIQqewJRV8fx24toG0,Masaharu Fukuyama,心音,10,0,177,23072,218357
7fYRg3CEbk6rNCuzNzMT06,7CajNmpbOovFoOoasH2HaY,Calvin Harris,Potion,7,0,137,34072,218271
1Fb3LtxFAY2eMmauqJQsKq,7JthQ6zwNzfxRfIEjp6wUs,HIRAIDAI,I’ll be by your side,7,0,133,33876,217993
5ry2OE6R2zPQFDO85XkgRb,3TVXtAsR1Inumwj472S9r4,Drake,Money In The Grave (Drake ft. Rick Ross),19,0,88,14139,217635
6ahKnsl2tuTCyaBwt45WAz,6YqdtpUutxodni6lUD4stM,WANIMA,やってみよう,15,0,175,49643,216838
3jjBPF4NDMCU51psU8JPpR,66CXWjxzNUsdJxJ2JdwvnR,Ariana Grande,34+35 Remix,8,0,120,30425,216673
2vNSLr3z97V71gG9l6sLEB,0ySFZq3Wd0SQUyJUzmJAeb,sumika,zekkyoserenade,10,0,159,24245,216582
1ex8euBuzVyqjThnYfwY2k,3KonOYiLsU53m4yT7gNotP,TREASURE,HELLO,6,0,158,39627,216387
1w0hboEMff54kez5XXyRNP,7k73EtZwoPs516ZxE72KsO,ONE OK ROCK,One Way Ticket,118,0,52,3333,215969
2VkuxjlbnbaBiWYpdBGVol,4iHNK0tOyZPYnBU7nGAgpQ,Mariah Carey,Oh Santa!,5,0,103,59029,215892
535arwGNZvUKdQrdHV7U4L,1XYuC1vxinTjHCNd5clB8C,ARASHI,a Day in Our Life : Reborn,12,0,72,24943,215835
2Ya8bityItATB8WNxaaed1,3Nrfpe0tUJi4K4DXYWgMUX,BTS,Boy With Luv - Japanese ver.,14,0,63,27795,215615
0YVsrgp4OOUhFuYMAVQazV,4Kxlr1PRlDKEB0ekOCyHgX,BIGBANG,FXXK IT,95,0,93,4062,215561
0FQyN5NxcWWNuQmQlGAVed,0O0hxUrO2PKxZknken3R24,Suchmos,A.G.I.T.,77,0,15,5790,215536
797Vk2YjznpSZfslJURmaS,22wa94PJF9zyFJMTp2BYus,ReN,We'll be fine,10,0,150,25224,215484
1HM8c12RSGSaHJ5SfWN3Eu,7cjg7EkeZy3OI5o9Qthc6n,ZEROBASEONE,NOW OR NEVER - Korean version,4,0,119,58396,215294
3JLn2XYaAkN3E5LbbX0MYm,1XYuC1vxinTjHCNd5clB8C,ARASHI,I Can't Wait For Christmas,8,0,124,36037,215228
1yxgsra98r3qAtxqiGZPiX,0Y5tJX1MQlPlqiwlOH1tJY,Travis Scott,BUTTERFLY EFFECT,61,0,80,4092,214942
4GmnZ5RpbeTSqO6krbvajX,0UuiWPm9FpWvRuWNrXO98N,Snow Man,Dangerholic,4,0,120,62989,214795
3ZtHtqqSEKd8EcggroTfZU,7KSbqXHO0xzNQhzaIWILIo,Masanori Otoda,ウエディング,6,0,181,38399,214600
6XOYVSmNDjKUNMXooU4s4z,5Pwc4xIPtQLFEnJriah9YJ,OneRepublic,No Vacancy,72,0,53,4247,214509
4SUcD2v7iEcjMiQJTC6idd,7lSZHedda1CjyJwI6Z9Zlj,nobodyknows+,ココロオドル -original version-,7,0,177,32115,214419
5WQAussByRFjUWYQDowtHE,7mvhRvEAHiCTQHUnH7fgnv,Tatsuya Kitani,スカー,6,0,151,36855,214273
5b88tNINg4Q4nrRbrCXUmg,2RdwBSPQiwcmiDo9kixcl8,Pharrell Williams,Happy,111,0,95,8986,213829
1ZYeM36V89BQ7S3UTJsgX9,4HfuyMMy295oBvbIuXr0v8,GENERATIONS from EXILE TRIBE,SHONEN,27,0,80,9494,212996
2T2PRhaEQLPoo78E8zyVgw,6bDWAcdtVR3WHz2xtiIPUi,Fujii Kaze,ロンリーラプソディ,6,0,79,48027,212932
5jHdhhlCyI5Oxf4eta0jnV,4iu3NcU8ZoistQ19d8k9mS,The Hotpantz,Nowhereland [type A],106,0,34,4545,212607
1xcly2STvNcbfbUwZWuAL9,22wa94PJF9zyFJMTp2BYus,ReN,Tell Me Why,49,0,71,5447,212463
6stn0schvLBMoRHsDeYiIi,58zME34zPsQx58YXCyFryH,The Birthday,LOVE ROCKETS,6,0,178,36751,212445
583H4PwxDEj4bOcIN2ZQOG,2vjeuQwzSP5ErC1S41gONX,CHANMINA,i love you,4,0,188,53731,211994
05oCy8i4msaz4aHu0Vk9uS,7cjg7EkeZy3OI5o9Qthc6n,ZEROBASEONE,I Know U Know,4,0,148,54793,211905
3ryjLm3oupIjJFGc39naNi,3Nrfpe0tUJi4K4DXYWgMUX,BTS,dimple,34,0,20,32834,211649
6tsOcBnaKgzK22yEiqRh8P,66CXWjxzNUsdJxJ2JdwvnR,Ariana Grande,MONOPOLY,17,0,45,19221,211580
1zEwIq8oRilgqPUyjPiKcw,1luOe8HkZQ7zwuaO2wuJqI,[Alexandros],ハナウタ,32,0,71,8420,211109
3KhwEuqLNjHfsKaBDo1yVh,1ZnuqrjIR4q8zhgriUYsSo,Shinsei Kamattechan,Boku no Sensou,8,0,129,29704,211052
5C1BhnH2RjQfShN1DzqyKy,6wxfx1yhyqjCPYwwxJktR2,King Gnu,F.O.O.L,6,0,65,51654,210960
0Zx8khUcEfCFK2AEoIhC92,2FwJwEswyIUAljqgjNSHgP,Snakehips,Don't Leave,77,0,26,5408,210899
47BBI51FKFwOMlIiX6m8ya,5rSXSAkZ67PYJSvpUpkOr7,Backstreet Boys,I Want It That Way,24,0,68,12016,210703
7CgxrGWsDarS8ZvGAQG0jE,70x6gPIjIhWtxjczooKl3p,Shonan No Kaze,睡蓮花,4,0,172,53622,210619
1TEL6MlSSVLSdhOSddidlJ,66CXWjxzNUsdJxJ2JdwvnR,Ariana Grande,needy,21,0,49,14352,210046
4moXDtZ8yh7xIzJIsHQP7C,19FI3bwyW062xAmEy3rzsk,(sic)boy,Miss You feat. Vernon of SEVENTEEN,5,0,167,44770,209694
7LI2pQoE3fWfOQuds2paXs,6bDWAcdtVR3WHz2xtiIPUi,Fujii Kaze,へでもねーよ - LASA edit,6,0,82,47328,209569
3nqKzoptpnyofFLEkTtd1v,1nzId6SLDDTUTRV7lNbgxp,King & Prince,シンデレラガール,4,0,131,60697,209485
3jISIAdAIdyrKcyFVw7uKP,0bAsR2unSRpn6BQPEnNlZm,Aimer,Black Bird,30,0,71,8450,209445
4lpFErPc45W6HYnpoaxCdl,1qma7XhwZotCAucL7NHVLY,Mr.Children,ケモノミチ,5,0,167,46431,209049
2JH5T18dQte4IMXqxY4Fn6,1XYuC1vxinTjHCNd5clB8C,ARASHI,Do you... ?,8,0,109,35394,208565
76XAwMxmnJexw1NJXOyjsg,7kOrrFIBIBc8uCu2zbxbLv,yama,あるいは映画のような,9,0,157,25090,207736
0zXGUUy3TtLH9Oo0FRgbB8,1SIocsqdEefUTE6XKGUiVS,BABYMONSTER,HOT SAUCE,4,0,148,54293,207683
15WwIDmvJi1f4CRdduBbrr,01b6szRrEne55vkR4tVPHP,KID FRESINO,hikari,3,0,65,80991,207357
2ZwuYASDCCauXmgs1xpho2,1t17z3vfuc82cxSDMrvryJ,Macaroni Empitsu,好きだった (はずだった),7,0,146,31838,207163
2x0WlnmfG39ZuDmstl9xfX,06HL4z0CvFAxyc27GXpf02,Taylor Swift,End Game,37,0,56,9098,207137
1hAAuDuBSaoIkgSb7Lyakt,36cgvBn0aadzOijnjjwqMN,ILLIT,jellyous (Feat. Sophie Powers),3,0,92,71196,206920
4tscsbUMuX7EUZE2m97C6d,58oPVy7oihAEXE0Ott6JOf,Eve,Avant,7,0,141,32455,206680
75FDPwaULRdYDn4StFN2rT,4kYSro6naA4h99UJvo89HB,Cardi B,Bartier Cardi,43,0,99,6003,206123
6tDDoYIxWvMLTdKpjFkc1B,1U1el3k54VvEUzo3ybLPlM,Kali Uchis,telepatía,8,0,159,27150,206059
3kzqaYC7Kdqiy2D0D3ry4o,2qxJFvFYMEDqd7ui6kSAcq,Zedd,Stay (Covered by RIRI),33,0,78,8067,206054
4nMlau89VAjmV7agkl7OY3,2oX42qP5ineK3hrhBECLmj,Andy Grammer,Fresh Eyes,60,0,19,5634,205847
79esEXlqqmq0GPz0xQSZTV,7n2wHs1TKAczGzO7Dd2rGr,Shawn Mendes,Lost In Japan,30,0,71,8664,205698
3KLU8Fa0jx8wIh91m4ItFK,5Vo1hnCRmCM6M4thZCInCj,OFFICIAL HIGE DANDISM,フィラメント,7,0,124,32879,205583
3m3MgceLJd7XcovLNchPa6,6TDMbiQCWeMClsMr9ORLRK,aiko,荒れた唇は恋を失くす,5,0,164,42572,205579
4Q5yMlwAfAoitqg4r9oZHN,2LZDXcxJWgsJfKXZv9a5eG,Cashmere Cat,Quit,62,0,44,5386,205499
6BuTdLWETxfrszBbnf2EzX,22wa94PJF9zyFJMTp2BYus,ReN,Rainbow,8,0,165,29443,204730
332fDlQqsFVpB5wdwJ5SJt,4DDoAL8n6ob19r3jOZEbJI,Kana Nishino,Dear…,4,0,168,53773,204427
0JiX8UaEUb2mt4Hrp3HtrK,1S2S00lgLYLGHWA44qGEUs,Gen Hoshino,折り合い,10,0,108,24410,204310
7kNqn2JADquq4tOvoKzAM1,73kxDUq2Hl7Upy4o0yFxXv,INI,DOMINANCE,4,0,168,52297,203790
386RUes7n1uM1yfzgeUuwp,0du5cEVh5yTK9QJze8zA0C,Bruno Mars,The Lazy Song,130,0,78,5929,203516
6B0vefz8IsYUZ8zBNXhzeP,0hBYSjDjcAaAuSZcpN8jk9,JP THE WAVY,Dilemma,23,0,136,9728,203355
6ZVLzrvg4jw9bS9NChKFOr,0ghlgldX5Dd6720Q3qFyQB,TOMORROW X TOGETHER,ひとつの誓い (We’ll Never Change),4,0,175,54014,203241
0z8hI3OPS8ADPWtoCjjLl6,7n2wHs1TKAczGzO7Dd2rGr,Shawn Mendes,Summer of Love (Shawn Mendes & Tainy),7,0,135,30334,202925
3t4KHjd8uQpJJ2fa0fRIpR,69GGBxA162lTqCwzJG5jLp,The Chainsmokers,High,7,0,170,31311,202833
7gINxzz4ErVMK3FAli7Bt7,6c1w45xLPDcBpx1O1I1h8t,ヒプノシスマイク -D.R.B- (波羅夷 空却),そうぎゃらんBAM,10,0,44,33666,202625
72lrebaqFNOZt8GMS32gvZ,26ZBeXl5Gqr3TAv2itmyCU,indigo la End,通り恋,16,0,146,15004,202429
1vpizp0dfEwIhY5PzIe2fs,5VxQzcVrakID2E4UxaDPNs,Kvi Baba,I Like It,4,0,161,52562,202111
7tvHcZM7GcXJQ1rKWuwRgp,2dIgFjalVxs4ThymZ67YCE,Stray Kids,DIVINE,3,0,90,80153,201986
67BbMuItfrHmaNqDxBPF7c,41MozSoPIsD1dJM0CLPjZF,BLACKPINK,WHISTLE - KR Ver.,72,0,111,3454,201571
3XqQ0lZWvh47ySXRQaEXso,2N19kPGlqKY8GiyE4DkAtp,Little Glee Monster,Sukida,40,0,51,6641,200900
6kVGMX0oj2c8qJmywaWJt1,4BmWSGKG6HiYvLuJvZ9afa,Namie Amuro,Christmas Wish,4,0,87,71583,200556
4H0jA4BmoPsR1g0YojlYKV,0GZ65zwBwkkwGNJ3zagtTZ,MILLENNIUM PARADE,Secret Ceremony,6,0,132,35106,200344
6zGPytJiZmFuyVq7RTNO9G,1uNFoZAHBGtllmzznpCI3s,Justin Bieber,Get Me,10,0,76,26028,200245
6n8LTAGQysmNjt6aDwizO6,5NUhVvh0ERaLUcVqbUfDhK,ao,チェンジ,7,0,184,29708,199814
7yyRTcZmCiyzzJlNzGC9Ol,5M0lbkGluOPXLeFjApw8r8,DRAM,Broccoli,96,0,47,3151,199561
7JvOGQbMHOcOnz4riGimUb,2XjqKvB2Xz9IdyjWPIHaXi,Sheena Ringo,人生は夢だらけ,35,0,53,12558,199469
2Rz7TEBsIXbI1tKsfQOCjI,2dIgFjalVxs4ThymZ67YCE,Stray Kids,COMFLEX,4,0,119,54524,198871
1Pokmu0TSWcf7Af3EMSCNv,1CWmF1EcrKoWIbZt9Ivfg2,BLUE ENCOUNT,バッドパラドックス,18,0,124,13700,197994
3Wdl8X2RLBUEcAf2lU0JIL,6zGmypGQUBXD4ZC9EbfMme,EXILE,LAST CHRISTMAS,5,0,119,59773,196680
33NAYATbWRoo5RuEP30JBZ,3cjEqqelV9zb4BYE3qDQ4O,EXO,Love Shot,28,0,83,9724,196546
23nQaCPwwIT4AV9jn6kUbg,0M4dswQMgupUdoLt5YJVoV,Unknown Artist,ステップアップLOVE,43,0,57,6063,196410
7xTDT7gyIrv0xWpwwXExxU,6eUKZXaKkcviH0Ku9w2n3V,Ed Sheeran,Celestial,6,0,159,34745,196286
6dgUya35uo964z7GZXM07g,74KM79TiuVKeVCqs8QtB0B,Sabrina Carpenter,Nonsense,5,0,163,40261,196196
1VVZ8gfAlTAmPn8XIYLPuX,6U2dgcU46Iy9pF3RQBj5hG,Monkey Majik,クリスマスキャロルの頃には - NORTH FLOW,19,0,34,22509,195394
7KlTFTpy7dXLzr2NtLkvG6,3Nrfpe0tUJi4K4DXYWgMUX,BTS,Not Today,92,0,120,4357,195202
6ZRuF2n1CQxyxxAAWsKJOy,0cGUm45nv7Z6M6qdXYQGTX,Kehlani,Nights Like This,23,0,93,10223,195006
2dHoVW9AxJVSRebPRyV2aA,3eVa5w3URK5duf6eyVDbu9,ROSÉ,Gone,7,0,135,30846,194060
6wbAYr03Fh5H0e7O6Y5CMl,7sQoTj58fUHPl6BX1qI4FF,Azaran Ma,One Jump Ahead,18,0,114,13192,194019
7mawUh4upc0sJVHgkgY3wb,762RAUTV6WKHmrHR7fsFbj,有華,Baby you,5,0,190,41366,193858
55TarCmm2umLi8nd0db4tZ,4dEHIhldHT2U8CMQ6nNgDT,LANA,No.5,4,0,184,50856,193703
639zCIE1VgXaXwbk2uqoV4,1ZFfhzyXjPvbzSYPlCIwo3,timelesz,名脇役,3,0,69,81079,193455
2j2fIJGh4PMdXt9ULI5Tlc,4VMYDCV2IEDYJArk749S6m,Daddy Yankee,Dura,36,0,121,8216,193359
1nZlkcceuqGnUNug0lUlsk,6wxfx1yhyqjCPYwwxJktR2,King Gnu,Prayer X - Acoustic,12,0,105,21482,192777
77WrUAbySLHjGwd5n9B7WN,2XMxWKPKCxoLkSdpCViCnr,Perfume,Moon,5,0,190,40369,192724
01dmH2IPkrLNWIMPNXlreE,3Nrfpe0tUJi4K4DXYWgMUX,BTS,Paradise,24,0,30,14784,192704
4QpX8CApLs7cGmmR5y3dAV,6wxfx1yhyqjCPYwwxJktR2,King Gnu,Summer Rain Diver,12,0,109,21132,191684
3I51KkjhqwuXLcslSz0Q02,6rs1KAoQnFalSqSU4LTh8g,back number,繋いだ手から,23,0,161,10382,191607
4jgmMySpab1UwgOga72w5q,6VhZSXucPwAlDJD1j2Zayk,Nariaki,Lonely One,27,0,22,12571,191554
1Chpng5LbC4eS8SYpIswzs,4HfuyMMy295oBvbIuXr0v8,GENERATIONS from EXILE TRIBE,SHOOT IT OUT,19,0,131,12069,191359
3BEe9LK3z2HPaF64VC5t4A,0hCWVMGGQnRVfDgmhwLIxq,sakanaction,マッチとピーナッツ,13,0,51,21239,190526
3Z6Li4ySCGc1Cqjm2QU6qT,5kVZa4lFUmAQlBogl1fkd6,Aimyon,いつまでも,28,0,155,8265,190367
0a5rZP8sYdlvBRVmcNovyC,7k73EtZwoPs516ZxE72KsO,ONE OK ROCK,キミシダイ列車,27,0,150,8236,188988
5MvLsT03RBp67RLoeISCdl,69GGBxA162lTqCwzJG5jLp,The Chainsmokers,Do You Mean,22,0,121,9525,188785
0bBl2jjpCFCgRd60BowZoV,7kOrrFIBIBc8uCu2zbxbLv,yama,血流,7,0,160,28239,187856
37Nqx7iavZpotJSDXZWbJ3,3TVXtAsR1Inumwj472S9r4,Drake,Girls Want Girls,7,0,147,28645,187676
7Bo66ZWgFGwRUmsVrW6lT1,6wxfx1yhyqjCPYwwxJktR2,King Gnu,千両役者 (ALBUM ver.),3,0,74,79028,187531
5b2QnYcT9rQIkhRWt4HztQ,7dGJo4pcD2V6oG8kP0tJRR,Eminem,Walk On Water,28,0,35,9794,187474
6OcssYxhXZ9pZAkcYfeEsU,6KQWWzFLPQbqomJrieHAW5,Tokyo Incidents,緑酒,6,0,107,37262,186858
3xVCQGla5LLhrwqNS2FcHo,6whFEcaV75AmQMiwlfaxvc,QUEEN BEE,Fire,22,0,98,10216,186838
2qG5bCwcJ0bn0HrYMIoviY,0FnDCrmcQT8qz5TEsZIYw5,Awich,口に出して,7,0,143,28123,186572
2x5ZR6Q11zgH8z7FtwY4H5,6wxfx1yhyqjCPYwwxJktR2,King Gnu,CHAMELEON,3,0,68,80774,186521
2Z8WuEywRWYTKe1NybPQEW,3YQKmKGau1PzlVlkL1iodx,Twenty One Pilots,Ride,68,0,20,4714,185871
0fToFBFypPz5XMyAdAm7Ay,7nqOGRxlXj7N2JYbgNEjYH,SEVENTEEN,Fear,15,0,116,14287,185449
51rXHuKN8Loc4sUlKPODgH,28ExwzUQsvgJooOI0X1mr3,Jay Rock,King's Dead,40,0,114,5738,185260
5PhGuBzFH9vLwQXn4dWM6L,7dhueqtbx2NVq1leXyqaNl,SixTONES,Good Luck!,3,0,102,68964,185240
0PXd9WwmX3Y04KfHAaldDS,3Nrfpe0tUJi4K4DXYWgMUX,BTS,Run,6,0,171,31800,185094
2ZTYlnhhV1UAReg7wIGolx,2wY79sveU1sp5g7SokKOiI,Sam Smith,To Die For,11,0,140,17639,184706
6N1K5OVVCopBjGViHs2IvP,6eUKZXaKkcviH0Ku9w2n3V,Ed Sheeran,The Joker And The Queen,6,0,141,31692,184672
1jhljxXlHw8K9rezXKrnow,66CXWjxzNUsdJxJ2JdwvnR,Ariana Grande,Winter Things,27,0,61,50732,183624
7ou5Oj4lZUKhtGxoJZg9pE,6m14xgA0m3w92UM7ujJgky,UVERworld,ROB THE FRONTIER,13,0,124,16792,183606
0pUQH30znBxboQoTtmh9Oe,6KQWWzFLPQbqomJrieHAW5,Tokyo Incidents,獣の理,7,0,157,29976,183163
3TRFq09DUgYj1mug6RRqJW,787bCXOIvGeBw0Bc4kEjhD,Luke Christopher,Lot to Learn,109,0,57,2722,183127
6S12wSUpj4Gdjld8Rfu7zm,43sb4bVUPB5mWHAsm9bdT5,Wink,淋しい熱帯魚[Bonus Track] (Remastered 2013),31,0,139,6752,183052
41JPN7pZMTp1sumBOHOzHd,5RmQ8k4l3HZ8JoPb4mNsML,Agust D,People Pt.2,4,0,78,55168,183013
4bJBbc2YnrdPcwch64BuRh,0SMhG4gXGD4gzLMMz08cQU,SUPER BEAVER,幸せのために生きているだけさ,4,0,139,48734,182909
57p8CBvPOxrvyCbn6ttl5r,5he5w2lnU9x7JFhnwcekXX,Skrillex,Would You Ever,61,0,68,4510,182847
0IGr2xuMj48hjT6Vua9Qoc,2dIgFjalVxs4ThymZ67YCE,Stray Kids,Parade,3,0,86,71304,182611
0SGkqnVQo9KPytSri1H6cF,0c173mlxpT3dSFRgMO8XPh,Big Sean,Bounce Back,73,0,53,3186,182295
7xE4vKvjqUTtHyJ9zi0k1q,68Uwx1d3EbjDJhYsLjqvIq,Emma Stone,Someone In The Crowd,67,0,30,4906,182077
1a2CdI5ysXBHfNKF6ofGHR,1XYuC1vxinTjHCNd5clB8C,ARASHI,Bittersweet,10,0,62,29431,182057
2wWFtGbWP4KLQHTGgT4nLO,2XjqKvB2Xz9IdyjWPIHaXi,Sheena Ringo,青春の瞬き,70,0,30,4326,181865
2vXKRlJBXyOcvZYTdNeckS,3hteYQFiMFbJY7wS0xDymP,Gesaffelstein,Lost in the Fire,21,0,77,11034,181369
5g7sDjBhZ4I3gcFIpkrLuI,0du5cEVh5yTK9QJze8zA0C,Bruno Mars,Locked out of Heaven,98,0,73,7703,181156
3i9UVldZOE0aD0JnyfAZZ0,06HL4z0CvFAxyc27GXpf02,Taylor Swift,Lover (Remix),11,0,65,22632,181151
4OMJGnvZfDvsePyCwRGO7X,6M2wZ9GZgrQXHCFfjv46we,Dua Lipa,Houdini,4,0,169,46553,180863
3Wnba0vkxR4nmXbaRF9foE,7mvhRvEAHiCTQHUnH7fgnv,Tatsuya Kitani,化け猫 - Leaks From His Laptop,5,0,179,38042,180832
36ZwP0pla5hbvBpueB0gaJ,26WuprsX7JRG69T0PXkze4,Quruli,ソングライン,23,0,62,10231,180583
6dh7woGX8OfRUFanTAGhp4,6PR5lyCpN2aFKgHUvY9B3O,NINTYSIX,SuperCharger,4,0,122,47966,180568
7oC9vXkvabScgyD4CD39C6,1XYuC1vxinTjHCNd5clB8C,ARASHI,復活Love,10,0,57,30516,180523
0XJMS3oV6rv69jZElWweA8,5fNuYnFYyzsrVRtDcKPnxb,AKLO,Different Man,50,0,61,4799,180374
4bzvfCxv6dtsFDQ8JWUxGM,6n4SsAp5VjvIBg3s9QCcPX,SUDA MASAKI,見たこともない景色,80,0,65,3550,180219
4SRDtCxZnhJavG4vMnHLgs,1luOe8HkZQ7zwuaO2wuJqI,[Alexandros],Philosophy - 18祭Mix,11,0,130,18886,179308
5ixWzfH7Z3o5TM10WJPYCK,5r1tUTxVSgvBHnoDuDODPH,IZ*ONE,Vampire,15,0,144,13168,179301
6wyr4ReB05D9sJB1Rsmcqo,0b1sIQumIAsNbqAoIClSpy,j-hope,Chicken Noodle Soup,13,0,112,15678,178780
4cP6KmNvTFkLHZo6fVJq0c,4L9VSeE7K3BTBndqEL9A6q,Nissy,NA,17,0,120,11942,178775
4SPu0Ql902hTVXkBoNIYtq,66CXWjxzNUsdJxJ2JdwvnR,Ariana Grande,NASA,18,0,51,13212,178543
1t2qYCAjUAoGfeFeoBlK51,6YVMFz59CuY7ngCxTxjpxE,aespa,Black Mamba,8,0,170,23433,178432
4mqvE5F95nKSUrUvUH3YB7,5338fdSzGNOFD4cxAxDTeq,Aaron Carter,Sooner Or Later,88,0,53,3366,178349
4suDPyEfKYtqDR2OGblbTi,0ghlgldX5Dd6720Q3qFyQB,TOMORROW X TOGETHER,9と4分の3番線で君を待つ (Run Away) - Japanese Ver.,11,0,122,19678,178335
6e6ag4qyhhn8JRF1xmMJYR,66CXWjxzNUsdJxJ2JdwvnR,Ariana Grande,Beauty and the Beast,74,0,21,5325,178146
1I6pKIyaBp4OebTGLJpCCC,0du5cEVh5yTK9QJze8zA0C,Bruno Mars,Perm,107,0,25,6114,178072
39kzWAiVPpycdMpr745oPj,41MozSoPIsD1dJM0CLPjZF,BLACKPINK,You Never Know,6,0,111,32744,177803
38td8VabuKlQt72Q2VnhbO,3Nrfpe0tUJi4K4DXYWgMUX,BTS,134340,22,0,26,14908,177798
0RB00aMsmBlr91i9r4Sfib,3Nrfpe0tUJi4K4DXYWgMUX,BTS,Save ME,6,0,164,30878,177624
13MsJxqGrRPVr6rwGZfDh7,5ki9pRkPNIXLjuiqG1Jh84,KinKi Kids,愛されるより 愛したい,3,0,129,63676,177620
3YDjqMC2P5jW1RjXhaEuK2,0MK8l3nURwwQIjafvXoJJt,ASIAN KUNG-FU GENERATION,Kouya Wo Aruke,78,0,53,3231,177482
5OepnJhqZoyJN8qWo2LZzy,41MozSoPIsD1dJM0CLPjZF,BLACKPINK,PLAYING WITH FIRE - KR Ver.,67,0,131,3229,177480
5NclFtKE9l08xM8XhDKyzx,0O1UtbTe4ca7HabaiMhYZ7,KIRINJI,エイリアンズ,70,0,54,3598,177299
3s4mrPrEFFPF0LmAfutW0n,50co4Is1HCEo8bhOyUWKpn,Young Thug,The London,19,0,110,10318,177250
7qPkJMGh2f9HdE3paVoRb4,013zmpwJVA8E15pb1hM68O,TakaseToya,どうして,6,0,170,31368,177228
1e0Wxoraz9IzFhREDqgJAe,3Nrfpe0tUJi4K4DXYWgMUX,BTS,Butter (Instrumental),5,0,82,46187,177162
7e8IV4U2LdP7p7uJ83EZmh,08lN7bm4Etec8ETFxaTUmq,Nogizaka46,帰り道は遠回りしたくなる,9,4,6,23588,177160
2G1tXoGBaEMJ7FKGnkf6ud,13y7CgLHjMVRMDqxdx0Xdo,Gucci Mane,Wake Up in the Sky,25,0,68,9337,177149
3tgWMPOY4stCdKYj5NjrAe,7nqOGRxlXj7N2JYbgNEjYH,SEVENTEEN,F*ck My Life,4,0,100,52428,177015
21kn2sWOZANPZHGOpW7pG9,0hCWVMGGQnRVfDgmhwLIxq,sakanaction,ミュージック,23,0,58,10296,176840
6QX5xybvl9Gk750M5Mm4qe,58oPVy7oihAEXE0Ott6JOf,Eve,Heikousen,5,0,76,41744,176748
0INxaaPlo9DnT0OYEzHdsk,5t5FqBwTcgKTaWmfEbwQY9,ENHYPEN,Bite Me - Japanese Ver.,3,0,80,60431,176672
2CPqh63wRVscbceKcPxwvv,6lB8vOoI4DRrrVxXwuV19c,Mike Perry,The Ocean,68,0,20,4466,176598
0B7wvvmu9EISAwZnOpjhNI,0du5cEVh5yTK9QJze8zA0C,Bruno Mars,When I Was Your Man,99,0,71,7130,176566
5SwEgzUFDHwpWHKrbnP32Z,7n2wHs1TKAczGzO7Dd2rGr,Shawn Mendes,Youth feat. Khalid,24,0,64,8734,176444
4HeAeBch9lYc4IeF4w33fV,4FyAgiZa3q0eeljDvcOXFh,Ketsumeishi,テイクオフ,92,0,33,4126,176379
1lOe9qE0vR9zwWQAOk6CoO,4Ga1P7PMIsmqEZqhYZQgDo,Lil Tecca,Ransom,16,0,162,12151,176358
3qz3m46mqtWEaq4XFthhOs,2vjeuQwzSP5ErC1S41gONX,CHANMINA,Doctor,25,0,51,10612,176027
2S1LebN6AXXQqJolBxlWgO,1tqhsYv8yBBdwANFNzHtcr,Lil Dicky,Earth,18,0,90,12121,175968
4ewPCPyvbCfZ7mPUWw5f2D,7lNFzeAXmSIKexINNgO6bu,YUZU,Natsuiro,15,0,145,19071,175592
4eYkFk3D1GCvk6sFTCpEq7,2ahbTOVqWJKyj6TUXqFcf1,IMP.,CRUISIN',4,0,120,51006,175482
14QzgobDQlHXrdwQEcbpRz,1XYuC1vxinTjHCNd5clB8C,ARASHI,感謝カンゲキ雨嵐,10,0,68,27354,175149
60wxMzp43GS06tfG8ReRfI,2dIgFjalVxs4ThymZ67YCE,Stray Kids,just a little,3,0,85,71688,174880
5Q2P43CJra0uRAogjHyJDK,0qSX3s5pJnAlSsgsCne8Cz,Brett Eldredge,"Baby, It's Cold Outside",18,0,29,24019,174698
3r9FFjLrAIQjoR8pSHVPC9,3Nrfpe0tUJi4K4DXYWgMUX,BTS,Outro : Ego,8,0,73,30904,174685
4eUnlLhTvXCdOiycD9sBTL,4dEHIhldHT2U8CMQ6nNgDT,LANA,Xmas with U,3,0,114,69784,174486
1d2a71jhvtx3QhF4gKHa1b,2FzqIT8JP1gd3Tlo6ix1fT,tofubeats,RUN,29,0,94,6732,174414
72TTklcEwZA03XJtnJ9m7t,1XYuC1vxinTjHCNd5clB8C,ARASHI,言葉より大切なもの,10,0,69,26826,173207
0UvCh63URrLFcPkKt99hHd,2DaxqgrOhkeH0fpeiQq2f4,Oasis,Don't Look Back in Anger - Remastered,3,0,131,63775,173161
337dZo6Fo3hIq0iMANoZmS,28IJpwoVi5R92MtHxkj2Lk,Travis Japan,JUST DANCE!,5,0,153,36429,172932
1Esn1GqzqnQAstrHmf327y,0O0hxUrO2PKxZknken3R24,Suchmos,PINKVIBES,73,0,43,3713,172890
1eWE9MBcX8cqYPXhdf2d38,2aoUBwmHWln0JSEZbi9E70,nishina,U+,6,0,153,30514,172639
7EQpvVujgytLVY8vKiDHAg,66CXWjxzNUsdJxJ2JdwvnR,Ariana Grande,bad idea,18,0,63,12347,172602
0aZo9k3b4kOrtq36ZmcJLh,0UuiWPm9FpWvRuWNrXO98N,Snow Man,BOOST,3,0,165,65113,172576
2FeBslNBMdR9V58uv6hd2t,2YZyLoL8N0Wb9xBt1NhZWg,Kendrick Lamar,N95,5,0,116,36702,172481
3J8EOeKLTLXORtWPpOU5bE,6jGMq4yGs7aQzuGsMgVgZR,Lil Tjay,Calling My Phone,7,0,166,26805,172381
4tIAHpF340zdoCCIBFcyit,2dIgFjalVxs4ThymZ67YCE,Stray Kids,Runners,3,0,122,64019,172253
27ycaQnQAxaPiyeg3nr2aB,5YGY8feqx7naU7z4HrwZM6,Miley Cyrus,Midnight Sky,8,0,174,22793,172191
4VwkODja7853Fz1FWzp126,2dIgFjalVxs4ThymZ67YCE,Stray Kids,宿命,3,0,91,69726,172106
1Us8GzdOVcU9DEjxm8FWgv,1jFS1ybytbb9YCWaTnhQ7I,ヒプノシスマイク -D.R.B- (観音坂独歩),BLACK OR WHITE,9,0,54,33511,171941
1RogcNGrZlyEL7f7YopOOx,0mP8A1qIoufScrsxq18Cw6,PUNPEE,タイムマシーンにのって/家族の風景,4,0,136,45714,171849
18vXApRmJSgQ6wG2ll9AOg,6AgTAQt8XS6jRWi4sX7w49,Polo G,RAPSTAR,7,0,185,26013,171773
7aiDOJpuS4UxjKpgQe2mjF,1XYuC1vxinTjHCNd5clB8C,ARASHI,きっと大丈夫,10,0,66,28277,171630
2MuMD298IpYqKF367wegUd,4xRYI6VqpkE3UwrDrAZL8L,Logic,Homicide,15,0,65,13990,171495
2Nib4r0saYQf2pUV4RFDhl,3Nrfpe0tUJi4K4DXYWgMUX,BTS,Interlude : Shadow,8,0,72,30999,171270
7ehS6lPVr1MpddmIjqD7p6,7cjg7EkeZy3OI5o9Qthc6n,ZEROBASEONE,In Bloom,4,0,144,47185,171117
5T9sIIIJjg0bUScrA4xWc5,4BuaC48pvatn5gWSqV45cR,JJJ,Eye Splice,3,0,87,71403,170945
1pVz3rceiJP0sHgM3bGnAU,7k73EtZwoPs516ZxE72KsO,ONE OK ROCK,The Last Time,15,0,37,18801,170900
2F8nES9LUn51YRuIEKYacn,3R3WEsfL1WC1zLiz3XG9K5,miwa,リブート,12,0,61,17916,170841
4RXpgGM7A4Hg7cFBoH5KyF,1vCWHaC5f2uS3yhpwWbIA6,Avicii,Hey Brother,14,2,6,34970,170746
1bWy671fAsbAD8OJhfnvD7,2kgwlK1KWV3bgzT7FsJGoR,703goushitsu,偽物勇者,9,0,175,20865,170431
4GzzHFm86eKfTBkUyVnWJW,5TS11vZTUaDP4maTjFCcBU,Sakurako Ohara,泣きたいくらい,35,0,143,5816,170409
2GrYIUrAYK5TZhSh0RJV6H,4Kxlr1PRlDKEB0ekOCyHgX,BIGBANG,Fantastic Boy,49,0,145,4294,170395
5SXEEYJxc5OPoOn5H9SHvX,3Nrfpe0tUJi4K4DXYWgMUX,BTS,Crystal Snow,28,0,47,9076,170252
4GVwjLRT7oSsKby7Vy8EHr,3Nrfpe0tUJi4K4DXYWgMUX,BTS,Skit,5,0,68,46523,169815
4WrkJNGb4zUwARc0FD3iNf,5vV3bFXnN6D6N3Nj4xRvaV,Jin,Loser,3,0,129,58755,169807
7pYfyrMNPn3wtoCyqcTVoI,04gDigrS5kc9YWfZHwBETP,Maroon 5,"Moves Like Jagger - Studio Recording From ""The Voice"" Performance",118,0,131,8303,169654
66y7x28jXOPrcmu3D5Zjh6,6Y20PijIkUoCtuvtkz37dO,Austyn Johnson,A Million Dreams (Reprise),33,0,103,6064,169622
5iPzcSeQp4P3KnUMeWa7BX,6TDMbiQCWeMClsMr9ORLRK,aiko,Boyfriend,7,0,55,37838,169197
2slqvGLwzZZYsT4K4Y1GBC,06HL4z0CvFAxyc27GXpf02,Taylor Swift,Only The Young - Featured in Miss Americana,10,0,123,18620,168795
11HUvojdq0GOZAHyxKzfZ0,1Fe6FA7A57suR2KAaERpqH,¥ellow Bucks,GIOTF,6,0,185,28321,168234
1F6lnQwfiEzq7ikNnODitc,2KC9Qb60EaY0kW4eH68vr3,ITZY,WANNABE - Japanese ver.,6,0,172,28447,167766
2OQ6a4CfUeYskpTTgyawyJ,4yiQZ8tQPux8cPriYMWUFP,Gwen Stefani,You Make It Feel Like Christmas,12,0,30,33034,167664
7Eiwn5pyUzVmj2UJnQSsuE,3Nrfpe0tUJi4K4DXYWgMUX,BTS,FAKE LOVE - Japanese ver.,19,0,52,12049,167480
5RdKO1lsHG9jhbG03LL7cv,5vV3bFXnN6D6N3Nj4xRvaV,Jin,With the Clouds,3,0,139,57687,167468
2P0k3IObUJAoOZTCCnJ9I7,0wRzWf3I4lUl9hdFF5uL0m,Sukima Switch,クリスマスがやってくる,17,0,17,29135,166881
6V2JPFiAeqfZjM3A8VNr5q,66CXWjxzNUsdJxJ2JdwvnR,Ariana Grande,Santa Tell Me - Naughty Version,2,0,59,84747,166818
58AGoOGbwsQMhBbH0eFLRR,7CajNmpbOovFoOoasH2HaY,Calvin Harris,Over Now,7,0,131,26201,166814
1aUuEO2zNz6HQfoeXwV5c0,0UuiWPm9FpWvRuWNrXO98N,Snow Man,D.D.,3,0,104,66642,166691
7pCCfsBCazRimSYu8zmf7c,7Gh6fW49xfXLP8DTWaLVJP,Kyary Pamyu Pamyu,きみのみかた,27,0,68,9726,166350
5X5dZALmQKMV4p8pm9V1FP,4UTEZqrPqLDOhBfraPNciJ,Daichi Miura,EXCITE,32,0,105,6957,166295
0QSP9tn359MID3YybBGnSx,4HfuyMMy295oBvbIuXr0v8,GENERATIONS from EXILE TRIBE,F.L.Y. BOYS F.L.Y. GIRLS,32,0,89,6865,166234
3AEZUABDXNtecAOSC1qTfo,0eecdvMrqBftK0M1VKhaF4,CNCO,Reggaetón Lento (Bailemos),88,0,63,2588,166123
16LTIvNG7DLSTc48flc1NZ,1XYuC1vxinTjHCNd5clB8C,ARASHI,君のうた,10,0,85,24581,165580
2hloaUoRonYssMuqLCBLTX,66CXWjxzNUsdJxJ2JdwvnR,Ariana Grande,bloodline,17,0,56,13043,165085
4UpUPg66At2lE0aJYox7Qm,5ki9pRkPNIXLjuiqG1Jh84,KinKi Kids,フラワー,3,0,136,62108,164849
1YCHalpMsHDWcVmRwMxwYQ,1snhtMLeb2DYoMOcVbb8iB,Kenshi Yonezu,アンビリーバーズ,5,0,81,49439,164716
6Za3190Sbw39BBC77WSS1C,1GDbiv3spRmZ1XdM1jQbT7,NATTI NATASHA,Criminal,50,0,139,4091,164707
05sAiE8Cg4njAkvzLEVCRt,5uDMiTt5fxXmUyPS5HPwvS,Fumiya Fujii,True Love,32,0,159,5872,164669
2xEKc6wWva0tYlB1bo2bfc,0d4XqzcMpgP6eQZ6TIW2pI,My Hair is Bad,ただ,3,0,102,64670,164659
5WrEilrRI5cIW0DxMvQYPZ,5BHFSMEjfLVx1JwRWjAOsE,SuperM,Jopping,11,0,75,21870,164214
5WEqjIUHkwZ5h3DSE7F9bM,1vCWHaC5f2uS3yhpwWbIA6,Avicii,Friend Of Mine,26,1,9,11344,163183
4qIQn9YSS8hPc6ItNjxySJ,1XYuC1vxinTjHCNd5clB8C,ARASHI,迷宮ラブソング,10,0,75,25634,162982
3BRHmDkirmIySxQF2M2TP2,5kVZa4lFUmAQlBogl1fkd6,Aimyon,マシマロ,6,0,109,30336,162716
3hMIcOHAoWah28OYeRzw7N,08lN7bm4Etec8ETFxaTUmq,Nogizaka46,ありがちな恋愛,16,0,62,14007,162489
4ZvArhJ7yds6f2yEyfDHjY,1snhtMLeb2DYoMOcVbb8iB,Kenshi Yonezu,Flowerwall,5,0,84,47900,162404
6RWaeePOtZROiS2kyQhMs3,6T5tfhQCknKG4UnH90qGnz,DNCE,Truthfully,48,0,158,3771,161787
6t2ubAB4iSYOuIpRAOGd4t,0jnsk9HBra6NMjO2oANoPY,Flo Rida,Cake - Challenge Version,87,0,65,2588,161428
6DYXopoafJeQkxY4C2hknf,5jQa0f5MIMPEK7udL7UpI6,PornoGraffitti,Music Hour,28,0,146,6823,161408
4eSaL5oRwSHcMGvmIrgYzP,49pGKUCSjzaCfv8gdTWG98,BOYS PLANET,Hot Summer,4,0,172,44791,161305
6sESCqEL3UmdmOO2UBrg8c,1XYuC1vxinTjHCNd5clB8C,ARASHI,愛を叫べ,10,0,81,24967,160856
3sIVVUfkU2xJnyOOFaihZy,2ZjWbNQAjL74Pf4aqikIz2,Shota Shimizu,Alone,29,0,79,7492,160347
5WHTFyqSii0lmT9R21abT8,1MIVXf74SZHmTIp4V4paH4,Mabel,Don't Call Me Up,20,0,166,8602,160219
7pWK1kMgHy5lNNiIfuRbkP,60d24wfXkVzDSfLS6hyCjZ,Martin Garrix,Used To Love,12,0,152,14514,160131
5PCOOngROV9jWsUViSy4Ed,0b1sIQumIAsNbqAoIClSpy,j-hope,Killin' It Girl,3,0,155,55991,159924
693iqPOQvhI7PobtR8CC8v,1vyhD5VmyZ7KMfW5gqLgo5,J Balvin,Bonita,58,0,130,3327,159834
0TlLq3lA83rQOYtrqBqSct,3TVXtAsR1Inumwj472S9r4,Drake,Nonstop,26,0,68,9706,159421
5BWGc0gLdrFpAwfn0dMdPT,2XjqKvB2Xz9IdyjWPIHaXi,Sheena Ringo,TOKYO,15,0,60,14105,159358
3jwBvFnQqVPO447lDtR1cx,4jvLe7IMxOoDtC90Qkv2cd,シン & ふうか,体の芯からまだ燃えているんだ(Duet ver.),23,0,62,10200,159339
4WFfPxJv1KRekG6mxn837K,6UZ0ba50XreR4TM8u322gs,JISOO,EYES CLOSED,3,0,184,54318,159313
5B36byNsxLer31rJz1jlKT,3NRXKeatDxKe4apH6XawKX,DA PUMP,桜,19,0,97,10708,159062
4P2UCrJwyPcQ3NTx50wcWt,3guYSm9Rp77d1f2ZKt2ZZF,YAMASHITA TOMOHISA,Beautiful World,6,0,152,28072,158873
1a9z9LQ3Hjrzj7M6OnxhIF,6m14xgA0m3w92UM7ujJgky,UVERworld,GOOD and EVIL,19,0,57,10773,158768
5yFSF6qQA1rcLsQRnBsZgb,7vk5e3vY1uw9plTHJAMwjN,Alan Walker,All Falls Down,45,0,137,4058,158067
7zFmKU0eBvvyo1NC9iDcl5,14T8NkbwXVZgbOvwnuGV89,GReeeeN,一緒にいこう,18,0,61,12023,157950
2wdNrkehTJtwXHH0NfFM2V,706WzkJEacBrtkHKRpBU2q,Motohiro Hata,泣き笑いのエピソード,7,0,185,25944,157571
1LmkdWSxjCV7wKTPsCvYWN,7gW0r5CkdEUMm42w9XpyZO,Laufey,Winter Wonderland - Spotify Singles Holiday,2,0,75,89308,157060
741UUVE2kuITl0c6zuqqbO,0hCNtLu0JehylgoiP8L4Gh,Nicki Minaj,Barbie World,4,0,177,40596,157055
14oOKFGuXu8DqvOe1W8vao,6jJ0s89eD6GaHleKKya26X,Katy Perry,Bon Appétit,47,0,34,6473,156915
3GBlLqIYgB8zWaeWDNJzdh,7xEFii6utZmQ61kX59HmLH,FRENSHIP,Capsize,51,0,27,4308,156900
3hePH8YWEb6BUJ163U9wDa,7n2Ycct7Beij7Dj7meI4X0,TWICE,Heart Shaker - Japanese ver.,18,0,99,10297,156758
7MHN1aCFtLXjownGhvEQlF,0tmwSHipWxN12fsoLcFU3B,Manuel Turizo,Una Lady Como Tú,62,0,140,3143,156717
0GPQ8dUnusAgl8Rxu686bI,2BbGifSrMGEgvUXLypUWzV,Yaffle,Reconnect,6,0,173,27442,156563
3SMpsXpVrFju2OUzFtJPws,1EowJ1WwkMzkCkRomFhui7,RADWIMPS,なんでもないや - movie ver.,7,0,67,30973,156525
7wHtfzKFqvr6fUkKzhMr1c,6POfB0fHdzXFLWL3RHxLv8,Creep Hyp,本当なんてぶっ飛ばしてよ,4,0,154,40655,156467
6pvO2QELREHmVc0xyWU2z6,3BjFX1nExMNHvSaoLd1I1k,Takaya Kawasaki,曖昧Blue,3,0,195,55495,156322
1Kv0G4eKjJ4ysGRXlHvQCm,0ghlgldX5Dd6720Q3qFyQB,TOMORROW X TOGETHER,Song of the Stars,3,0,167,55421,156307
46D0hYb1B7qiU33VtXt21W,4nDoRrQiYLoBzwC5BhVJzF,Camila Cabello,Easy,12,0,145,13862,155908
4YuuLTmHmU4Ihn9gmCJsAR,5zV9afUO4DVqJeRaZvfNev,POLKADOT STINGRAY,ヒミツ,23,0,90,8205,155740
25jU5oL0obrmowbMThCBkV,0bp9CvkjQYhUJvWRHjFRWI,WEDNESDAY CAMPANELLA,一休さん,68,0,30,4490,155294
4NmE2ytXI8S2svTRSmEdpO,6jJ0s89eD6GaHleKKya26X,Katy Perry,Small Talk,13,0,106,13939,154832
4VuS959DSpr82t3qBqCrWG,6eUKZXaKkcviH0Ku9w2n3V,Ed Sheeran,Supermarket Flowers,57,0,30,5588,154779
1m69ELEgE6k5ZWsap40ozt,1i8SpTcr7yvPOmcqrbnVXY,Ozuna,Se Preparó,51,0,154,3706,154692
5b1PngLlxc7hj3fJXrE2Zm,1gBUSTR3TyDdTVFIaQnc02,NCT DREAM,Glitch Mode,5,0,146,32905,154584
7DsX5K72fewVGb47qj7Tbg,2wY79sveU1sp5g7SokKOiI,Sam Smith,Pray,31,0,52,6956,154583
4F7A0DXBrmUAkp32uenhZt,1Xyo4u8uXC1ZmMpatF05PJ,The Weeknd,Party Monster,51,0,16,5106,154574
5C6cwYdWQhqw8BPxY8ZQvY,45ft4DyTCEJfQwTBHXpdhM,milet,checkmate,6,0,164,26827,154106
4nA0biSjtvOL41Hd9MBXqR,1Xylc3o4UrD53lo9CvFvVg,Zara Larsson,Ain't My Fault,49,0,25,4560,154059
27UJxpZmZwr7ruF0R7m4Hy,5YneEA2nLtAhkD5t2769lZ,Ikimonogakari,WE DO,16,0,52,13226,153958
32m8QolmAYUaUafzdL25Xm,2ZjWbNQAjL74Pf4aqikIz2,Shota Shimizu,Sorry,14,0,109,12845,153926
1lZyM0j1iFa4vB9xSkpjur,08lN7bm4Etec8ETFxaTUmq,Nogizaka46,ここにはないもの,4,0,136,43348,153381
6ZxPYutGhjLTrcmvcshCa4,41qil2VaGbD194gaEcmmyx,Will Smith,Arabian Nights (2019),15,0,153,11692,153081
2zPqhdPGNCwzXnvSvj7WgD,2dIgFjalVxs4ThymZ67YCE,Stray Kids,Leave,3,0,132,52472,152952
37TSJmYKLxXmx8OehFpqMN,3Nrfpe0tUJi4K4DXYWgMUX,BTS,Respect,7,0,76,30024,152907
2ggw0Py9eptisSvB1xkgkc,5O6t6gb6MeNqzOBAq1oLad,globe,DEPARTURES - RADIO EDIT,20,0,137,48339,152854
52s9OJ4nuKQTIARqu939fg,0bp9CvkjQYhUJvWRHjFRWI,WEDNESDAY CAMPANELLA,アラジン,64,0,27,3828,152740
1oHbI3fZToSugPMcCcrhp5,1XYuC1vxinTjHCNd5clB8C,ARASHI,Sakura,9,0,73,26175,152647
4Q6tJExe0LhBW6nhgEN8PC,1AyWsgtaIgXbzjJlTx2ZDp,AAA,LOVER,61,0,158,3182,152459
6WY4wvlmgccWapnIg14Vy0,1tcgfoMTT1szjUeaikxRjA,Ryuichi Sakamoto,Merry Christmas Mr. Lawrence,3,0,69,66558,152392
0PvRQaGO5lkS7uqdsOHdvI,7nqOGRxlXj7N2JYbgNEjYH,SEVENTEEN,HBD,3,0,183,52392,152317
4pfJEUjNi65LLQcEBHaWAz,08lN7bm4Etec8ETFxaTUmq,Nogizaka46,Actually...,5,0,141,32680,152306
4XdSe3t6dLv4wm38EzztCc,0ZNOGQWBmBxJPBQG0HS0mJ,Rekishi,たぶんMaybe明治 feat. あ、たぎれんたろう,5,0,144,33415,152035
4so0Wek9Ig1p6CRCHuINwW,6ZjFtWeHP9XN7FeKSUe80S,Bing Crosby,White Christmas,12,0,77,59123,151869
7K72dcZf3FX0h01PTKTFut,7JthQ6zwNzfxRfIEjp6wUs,HIRAIDAI,はじまりの歌,27,0,82,7153,151598
0939D7aT18uBDS2MTjWzct,4gzpq5DPGxSnKTe4SA8HAU,Coldplay,Higher Power,5,0,130,31936,151442
5HXFC9A9HAsHtf9WuwVhvX,5vLM0jSwj4TMVhnWuocoaD,EMMA WAHLIN,Can't Have - Produced by Sick Individuals,23,0,86,8071,151441
0HI4lUmOWpFzxPB5NMlAXW,7mvhRvEAHiCTQHUnH7fgnv,Tatsuya Kitani,まなざしは光,3,0,184,51216,151011
2Vdub5mY4lad7w64bFPUez,0TnOYISbd1XYRBk9myaseg,Pitbull,Hey Ma,77,0,97,2374,150958
4yyX2Iu4xJjW9xMvBZKSBi,6S2OmqARrzebs0tKUEyXyp,Demi Lovato,Met Him Last Night,6,0,156,26694,150814
0qRZ9ydGdzeVk3S01pLGoJ,3tQx1LPXbsYjE9VwN1Peaa,Marc E. Bassy,You & Me,53,0,16,4098,150728
39gjkczuXxeWjoFNLjk8c7,0PYPjvZaOa7bsCq26JOX8d,VK Blanka,ウララ,23,0,86,9417,150703
3gY1UX6zV7IQAKcBgi2gcm,4UK2Lzi6fBfUi9rpDt6cik,Yorushika,夕凪、某、花惑い,12,0,110,14409,150648
1jJR9vHfvEOdHnmYuYkgl3,6mEQK9m2krja6X1cfsAjfl,Ado,ブリキノダンス,3,0,157,52345,150060
3iq9nhbI8fcnNamxMft1uv,4nDoRrQiYLoBzwC5BhVJzF,Camila Cabello,Real Friends,24,0,49,9480,149992
5MKOwGFsUcF1HwyUiDlzGf,0T5lSNqv0Utp1JPA21CWDw,ヒプノシスマイク -D.R.B- (四十物 十四),月光陰 -Moonlight Shadow-,8,0,54,29085,149985
3hD6z4YbJk64kN3v3N47hr,7oQ6zxSp4eQjvVkk9rGIDV,Marcy,未来図,4,0,188,37681,149794
11KJSRSgaDxqydKYiD2Jew,3TVXtAsR1Inumwj472S9r4,Drake,Too Good,52,0,13,4558,149725
7swTJOnvm3zEg7QdmJs52T,1EowJ1WwkMzkCkRomFhui7,RADWIMPS,夢灯籠,6,0,94,46820,149590
0ckvQkYnxqWhPPXR0glScG,2FzqIT8JP1gd3Tlo6ix1fT,tofubeats,WHAT YOU GOT,55,0,50,4878,149329
065CI94mu3IZwqPU4BX4Cb,74KM79TiuVKeVCqs8QtB0B,Sabrina Carpenter,Christmas the Whole Year Round,4,0,105,51839,148859
5RqR4ZCCKJDcBLIn4sih9l,1XLWox9w1Yvbodui0SRhUQ,StaySolidRocky,Party Girl,8,0,162,19603,148769
0H4ugk6rhnXmTl47ayy9O5,5RmQ8k4l3HZ8JoPb4mNsML,Agust D,Daechwita,7,0,89,27158,148600
0p7iKRaZNtDdrm8e9o17Rb,22wa94PJF9zyFJMTp2BYus,ReN,What I'm Feeling,54,0,62,4116,148577
1u0BOAJnNyf6RV6B69MpMO,2dd5mrQZvg6SmahdgVKDzh,PSY,That That prod,4,0,110,38382,148424
3Lfiu5sZ4M4B6JaKMBc0FU,6eUKZXaKkcviH0Ku9w2n3V,Ed Sheeran,Barcelona,56,0,33,5453,148333
3Ga6eKrUFf12ouh9Yw3v2D,7FNnA9vBm6EKceENgCGRMb,Anitta,Downtown,27,0,16,17344,148323
6qB3lZIfnDC8TE2245NDtO,0hCWVMGGQnRVfDgmhwLIxq,sakanaction,夜の踊り子,19,0,54,10650,148045
24jiZZOsuSva5ZI0pZghx1,4L9VSeE7K3BTBndqEL9A6q,Nissy,そうしようか,3,0,158,52316,147978
5MMW4CZsZiZt2iuqAXzzWC,2YZyLoL8N0Wb9xBt1NhZWg,Kendrick Lamar,The Heart Part 5,5,0,138,33498,147643
7cD5iMN0Oq385by3Xhg8Ca,1NdpjvRYsY6cwAVX9YWzAB,Genie High,夏嵐,6,0,183,25605,147094
6Bn04lduXSSqvUbrDXxtb3,7Lb6KifoVBVM3cAXiDvirw,MIREI,Dear My Boo,29,0,104,6435,147069
0djkJ3iAARXRCbfbwwVc3o,3HqSLMAZ3g3d5poNaI7GOU,IU,Love wins all,3,0,126,54681,146993
3lY4xuQhj0SJ8M7PS4ykah,7i9bNUSGORP5MIgrii3cJc,B'z,今夜月の見える丘に,4,0,76,49146,146993
4jVBIpuOiMj1crqd8LoCrJ,0Y5tJX1MQlPlqiwlOH1tJY,Travis Scott,FRANCHISE,6,0,129,26873,146962
78pn8k7RogKo2oxl0DyX6d,5lKZWd6HiSCLfnDGrq9RAm,Leona Lewis,One More Sleep,14,0,45,23763,145944
6AQbmUe0Qwf5PZnt4HmTXv,78rUTD7y6Cy67W1RVzYs7t,PinkPantheress,Boy's a liar Pt. 2,4,0,193,37411,145484
5qGpsL9fCOr1sGYNMmFFtI,6bDWAcdtVR3WHz2xtiIPUi,Fujii Kaze,それでは、,4,0,88,45830,145262
61hFHmeLzpM85Wz2WU9pNp,5V0oa9WaeYkBszHV6ItVD6,Naniwa Danshi,I Wish,3,0,147,54027,145077
5tapE1gGyABsGFtgeOYchU,1t17z3vfuc82cxSDMrvryJ,Macaroni Empitsu,ワンドリンク別,3,0,177,50881,144942
26G0YadGheKo31IcLFqe3r,0PYPjvZaOa7bsCq26JOX8d,VK Blanka,Slave of Love,63,0,29,4766,144798
20nuvkWTNP8m1qqssMFYvB,1g51NlHKUXlgfvGP22m0uD,J SOUL BROTHERS III,冬空,8,0,84,20749,144442
2mrZYZGmPFV3QOyYPZ1zsn,0du5cEVh5yTK9QJze8zA0C,Bruno Mars,Straight Up & Down,94,0,41,5382,144100
6V90svq6ex0XsvLxgQ5dGm,1XYuC1vxinTjHCNd5clB8C,ARASHI,果てない空,9,0,102,23269,144097
340UVheS8z3ncW9TTUhAbc,26VFTg2z8YR0cCuwLzESi2,Halsey,Nightmare,14,0,79,12596,143588
0jdny0dhgjUwoIp5GkqEaA,6LqNN22kT3074XbTVUrhzX,Kesha,Praying,49,0,58,4669,143515
2qNZAHdE9SlmVAHRIGXofT,7i9bNUSGORP5MIgrii3cJc,B'z,ZERO,4,0,80,46285,143464
6szhhJNtgEPgxr74s1rMMo,6wxfx1yhyqjCPYwwxJktR2,King Gnu,Night Pool,9,0,114,20748,143313
0TVfS8GKzlHNT9Z4IQ7Wrz,1S2S00lgLYLGHWA44qGEUs,Gen Hoshino,Ain't Nobody Know,8,0,50,30192,143036
5sMZm3jJiLgkbDOGSztRSY,1snhtMLeb2DYoMOcVbb8iB,Kenshi Yonezu,メランコリーキッチン,4,0,182,36980,142999
1SIdLxKYVTWKtRL5LibnJe,4QvgGvpgzgyUOo8Yp8LDm9,Mrs. GREEN APPLE,スターダム,7,0,133,22067,142338
6WT1tWfxUQREmEwzc4TRMV,2IUl3m1H1EQ7QfNbNWvgru,Vaundy,Fukakoryoku,2,0,67,71370,141866
7guT1V4QGvfUafWOX8NiYI,38WbKH6oKAZskBhqDFA8Uj,ZUTOMAYO,微熱魔,3,0,185,48332,141794
5b3XJ1pjrHO5JtY2PcTjnI,181bsRPaVXVlUKXrxwZfHK,Megan Thee Stallion,Mamushi,3,0,188,48743,141523
4uoumbAMEMaKdtiv763jKz,1Xylc3o4UrD53lo9CvFvVg,Zara Larsson,TG4M,70,0,58,3917,141178
6EDO9iiTtwNv6waLwa1UUq,0QHgL1lAIqAw0HtD7YldmP,DJ Khaled,POPSTAR,7,0,146,21124,141112
6G7DuXoSGeAf6BZivJdEjF,2KC9Qb60EaY0kW4eH68vr3,ITZY,달라달라 DALLA DALLA,11,0,50,15945,140861
0KhwC1YQp9LbLpzAejRWZB,7lbSsjYACZHn1MSDXPxNF2,Hikaru Utada,気分じゃないの (Not In The Mood),4,0,97,41259,140583
5TyCTVsBsHeeutZcU2uP5s,7nqOGRxlXj7N2JYbgNEjYH,SEVENTEEN,Home,18,0,104,8952,140238
4cGqn0E8JCSY9gQllQj4Mf,4gzpq5DPGxSnKTe4SA8HAU,Coldplay,Let Somebody Go,5,0,150,29764,140133
1YZfcVLbbJwfizR5cDOp3q,6oMuImdp5ZcFhWP0ESe6mG,Migos,MotorSport,34,0,78,5372,139758
1TFv0KXyFvC7eCP2ury0KV,1EowJ1WwkMzkCkRomFhui7,RADWIMPS,スパークル - movie ver.,6,0,62,32942,139574
4EjUFjzi4ErWjklOA3Aslu,3cjEqqelV9zb4BYE3qDQ4O,EXO,Tempo,18,0,68,9559,138444
22HV45yz3qAOXQLGRAkHYK,0FnDCrmcQT8qz5TEsZIYw5,Awich,Remember,43,0,63,4269,138182
1mbMo0w6TMyPSi4NFDsKbD,0hCWVMGGQnRVfDgmhwLIxq,sakanaction,陽炎,10,0,61,17665,137832
1pcbZGYNepdnU53r3vTDN6,2fpbR8VQWHUivTaeLTR5MJ,PRINCESS PRINCESS,世界でいちばん熱い夏,20,0,73,9095,137805
4f7YxnNIp3eGNUNIie9nKc,1XYuC1vxinTjHCNd5clB8C,ARASHI,Face Down,8,0,71,26550,137295
33ALvsldNGJduk3Bqr7VjS,64tJ2EAv1R6UaZqc4iOCyj,YOASOBI,Haven't,5,0,174,28610,136725
65x81o2eIyfQT6hpQkCKhj,5BHFSMEjfLVx1JwRWjAOsE,SuperM,100,6,0,157,24640,136382
1XOFm0r3HBeVKfCL0cCKBv,4wCW8kZ8LL7QIdcE8EOKPP,BE:FIRST,Great Mistakes,3,0,130,48428,135090
4eVkn18rN4GguUWOsR6Use,3Nrfpe0tUJi4K4DXYWgMUX,BTS,Answer : Love Myself,19,0,54,11176,134943
7o5Mjx1XHg7WBARjn9MVJu,6wxfx1yhyqjCPYwwxJktR2,King Gnu,MIRROR,2,0,72,79570,134871
0lTurWECr2XL607eJAj1A3,6JL8zeS1NmiOftqZTRgdTz,Meghan Trainor,I'll Be Home,13,0,25,42928,134684
0ai3ERkMlnP4m2T9JyYvHG,1luOe8HkZQ7zwuaO2wuJqI,[Alexandros],Beast,6,0,148,24749,134680
1yDQHmQ4uxcC3qrYpd702l,7k73EtZwoPs516ZxE72KsO,ONE OK ROCK,Cry out,102,0,51,2191,134532
6uE9SHkGFAvAyXZdIOgXBV,7k73EtZwoPs516ZxE72KsO,ONE OK ROCK,Bon Voyage,78,0,50,3571,134444
2b5CS01QECfqKE25e0vF0V,6geY1qz5UkWhIMQxp3oHCr,tegacreampan,会いたいな,4,0,175,34419,134256
6hj7oouO8ySuG6w4FyOryI,4HfuyMMy295oBvbIuXr0v8,GENERATIONS from EXILE TRIBE,G-ENERGY,19,0,112,9315,134131
6vVtJoHIZIjbQAlw1TFX05,4lsSLCTKrmfULsRivqAShx,Hiroomi Tosaka,WASTED LOVE,45,0,86,4014,133993
2vXuVpGXqIXF6KB2jeWhXI,1XYuC1vxinTjHCNd5clB8C,ARASHI,Believe,8,0,79,25128,133931
1JLi1LOHt6dDTiMrwejsd1,14T8NkbwXVZgbOvwnuGV89,GReeeeN,愛し君へ,94,0,104,1971,133839
0XfOi87h82i09rQjWYG0Bm,4Q6nIcaBED8qUel8bBx6Cr,Jax Jones,Instruction,57,0,99,3067,133701
3CYH422oy1cZNoo0GTG1TK,1z4g3DjTBBZKhvAroFlhOM,Red Velvet,Psycho,10,0,143,15229,133671
2tYs5Knxzt3TwuRjRWlKLR,73vrL9RiKlSaQFo2izavC1,Tokimeki Records,クリスマスキャロルの頃には,3,0,117,47773,133176
6IRdLKIyS4p7XNiP8r6rsx,6qqNVTkY8uBg9cP3Jd7DAH,Billie Eilish,all the good girls go to hell,14,0,129,16352,132847
2RSHsoi04658QL5xgQVov3,53XhwfbYqKCa1cC15pYq2q,Imagine Dragons,Bad Liar,18,0,85,9285,132774
3izOZelMZaCC0MMabvssCw,1snhtMLeb2DYoMOcVbb8iB,Kenshi Yonezu,vivi,4,0,88,45801,132756
11eQxBfl5tMxs1lWaM91r1,0ixzjrK1wkN2zWBXt3VW3W,Yuuri,飛行船,5,0,155,28916,132421
0JeDwT1t3gcrAH29RA0yvm,7n2Ycct7Beij7Dj7meI4X0,TWICE,OXYGEN,6,0,74,30407,131384
6Tt2iUfGonmGZQLJjUsDph,41hQ0PoEyj9xEBhwt73aWC,Tatsuro Yamashita,クリスマス・イブ,2,0,87,79455,131189
1yGiuCOSDhVvifpmMO9yHP,1XYuC1vxinTjHCNd5clB8C,ARASHI,Love Rainbow,8,0,90,24289,130764
4QnC1bIaMSfDQvF4XDhV5M,0C8ZW7ezQVs4URX5aX7Kqx,Selena Gomez,Boyfriend,7,0,130,20027,130684
0OwX5aROoW1Iip8FV51Efg,1zNqDE7qDGCsyzJwohVaoX,Anne-Marie,Alarm,53,0,36,3785,130678
7JFyFGvIXZEKdfGUiRVBTY,5Xcbv83o11Ez2XPHa1n8Pf,AmPm,Darling Break Free,44,0,71,4046,130578
5XMkENs3GfeRza8MfVAhjK,0du5cEVh5yTK9QJze8zA0C,Bruno Mars,Finesse,75,0,53,6538,130373
7BgNhufmVuEQjRo86YrsJR,1LQQtqc1vQ1neUgZrjYlEU,Yumi Matsutoya,春よ、来い,20,0,138,9300,130130
04t8HpnAGcLaWnBwzVR7H1,4iHNK0tOyZPYnBU7nGAgpQ,Mariah Carey,Oh Santa!,3,0,78,75719,129954
09mhA1SJjMHniZPF4Hcihn,1uNFoZAHBGtllmzznpCI3s,Justin Bieber,Company,91,0,157,1947,129938
5y4WmuvFX1t3NdSId0MFOh,41MozSoPIsD1dJM0CLPjZF,BLACKPINK,Yeah Yeah Yeah,4,0,136,37807,129915
5F1R7I96suaUQ3ZWYXYWUq,6p3G10bi9yrw3me7CDrCta,ACE COLLECTION,70億にただ1つの奇跡,7,0,178,19664,129814
5sdb5pMhcK44SSLsj1moUh,5CiGnKThu5ctn9pBxv7DGa,benny blanco,I Found You,18,0,82,9325,129796
74A5fPLR86U9XWYostkXwS,6ptdMFoqgQZRoccAYK9Opd,hachi,マトリョシカ - ORIGINAL,4,0,85,47842,129608
2Lc9jfH3cphfr9ZKkJdccp,6wxfx1yhyqjCPYwwxJktR2,King Gnu,DARE??,2,0,80,76355,129597
1dsh4buvcBs2u7YtHy29c7,3PWp9R5HvbQgxI5KBx5kVd,KANA-BOON,ないものねだり,34,0,184,9651,129519
0ZoHxBd1enqGDSNjqUptmY,0IRFQcZbbHHpFY5EUNA2XA,Takehara Pistol,よー、そこの若いの,21,0,45,9280,129438
5rKtKcIy6ErKf3O7uGfRca,1XYuC1vxinTjHCNd5clB8C,ARASHI,SHOW TIME,5,0,126,32471,129412
27OeeYzk6klgBh83TSvGMA,2tIP7SsRs7vjIcLrU85W8J,The Kid LAROI,WITHOUT YOU,6,0,182,22292,129189
2GTW2FOMRXJoOOCnfNlMhs,5b3ZFm6P1lpZIASMDnBDs9,Kan Sano,Magic!,65,0,43,3070,129085
04pyEgfLGPt3YUjZ9wQpOB,5FGlhIQqewJRV8fx24toG0,Masaharu Fukuyama,零 -ZERO-,23,0,100,7579,128975
6PGoSes0D9eUDeeAafB2As,2YZyLoL8N0Wb9xBt1NhZWg,Kendrick Lamar,LOVE. FEAT. ZACARI.,44,0,54,4396,128839
6pGSdoTOOkNbgChfXHcnBX,7n2Ycct7Beij7Dj7meI4X0,TWICE,SAY YOU LOVE ME,17,0,60,10532,128597
6Ncq1Leb6Ga2Kl391yLHXz,4FyAgiZa3q0eeljDvcOXFh,Ketsumeishi,夏のプリンス,25,0,111,6182,128520
0vENG11oPsLk9PCCH28M7S,6ptdMFoqgQZRoccAYK9Opd,hachi,パンダヒーロー - ORIGINAL,4,0,86,47169,128507
77khP2fIVhSW23NwxrRluh,0MHgLfmQdutffmvWe5XBTN,Burl Ives,A Holly Jolly Christmas - Single Version,10,0,81,51878,128051
4Vm9XIi9AD1oK39xACmqk5,4rqJz9fE9prZvQd8WsQv6q,THE ORAL CIGARETTES,ワガママで誤魔化さないで,16,0,116,8943,127947
3MJhPqL2IgGs7gHEB2M35q,41MozSoPIsD1dJM0CLPjZF,BLACKPINK,Hard to Love,4,0,146,36073,127489
3iDdrh15xYLHKafxYNLF4F,6RHTUrRF63xao58xh9FXYJ,IVE,CRUSH,2,0,76,72619,127474
3chgmcXcJPCDxo24uRCba3,6PcCgi0ladfogWN4ZEAwn1,illion,BANKA,36,0,49,5388,127237
37s938bWAvlpXG4NGwgbhn,7lbSsjYACZHn1MSDXPxNF2,Hikaru Utada,二時間だけのバカンス,27,0,111,5844,127005
0JQxcnndIGjBF4DFFkTYKr,4QvgGvpgzgyUOo8Yp8LDm9,Mrs. GREEN APPLE,Blizzard,3,0,171,42663,126808
6osaMSJh9NguagEDQcZaKx,540vIaP2JwjQb9dm3aArA4,DJ Snake,Loco Contigo,12,0,152,12130,126679
17AFcTj1bj9qhWrHbsLDSb,3Nrfpe0tUJi4K4DXYWgMUX,BTS,Boy In Luv,4,0,162,33257,126570
5hcisvFMidkMJlElTO9Qmw,4q3ewBCX7sLwd24euuV69X,Bad Bunny,Sensualidad,33,0,135,5329,126470
1QLZKzC2pjP4ySf4ALrNhm,4npEfmQ6YuiwW1GpUmaq3F,Ava Max,Christmas Without You,3,0,159,51232,126371
1N7YeVU0ZwAFbOhwM61ef6,0p4nmQO2msCgU4IF37Wi3j,Avril Lavigne,Head Above Water,21,0,119,7180,126333
7vBvAgZizx6wvlVXMbvuf4,6bDWAcdtVR3WHz2xtiIPUi,Fujii Kaze,もうええわ,6,0,78,28001,126132
5G38KxyH8NNjV3ZkrfOmB8,3I0DG4uOeYNPq5MCyHPPer,THE SUPER FRUIT,チグハグ,4,0,177,34294,125980
4xBjsLUSjcx2h7PcRikpQp,4nDoRrQiYLoBzwC5BhVJzF,Camila Cabello,OMG,44,0,79,4159,125505
0TrPqhAMoaKUFLR7iYDokf,6LuN9FCkKOj5PcnpouEgny,Khalid,Know Your Worth,7,0,124,20688,125459
7gNG0m4HxvuK3cGgb65OQg,6vopmRBXGtMV0MMVJtzbWD,Boku no Lyric no Boyomi,僕はもういない,17,0,69,9529,124823
2Aa1wE8ofs2tu59TOQrZKW,6T5tfhQCknKG4UnH90qGnz,DNCE,Cake By The Ocean,96,0,68,2248,124679
1j5RqRiLx66wr6GyLRrV7w,0bp9CvkjQYhUJvWRHjFRWI,WEDNESDAY CAMPANELLA,メロス,37,0,46,5183,124596
5GFDrUTLGJix84sNhjCG0g,3Gm5F95VdRxW3mqCn8RPBJ,Aminé,Caroline,63,0,55,2531,124517
4eEEnO0kryfUiHEyUX1q17,1snhtMLeb2DYoMOcVbb8iB,Kenshi Yonezu,Number Nine,4,0,92,42400,124503
2iLgHSA5ar3kJKUWvegGPm,3Nrfpe0tUJi4K4DXYWgMUX,BTS,Permission to Dance (R&B Remix),5,0,177,25960,124353
0Ra4RgtAMs9fJrV2DgJkG4,6MXOcf1IlhzpV0b8qtjAzd,KSUKE,Pool,51,0,86,3345,124340
6nTCilgkzvZIreFO4pI5Gd,1ZFfhzyXjPvbzSYPlCIwo3,timelesz,Purple Rain,2,0,94,71702,124195
1q3C6brbmRrULTyo2mseKF,6C4irZ60X8G7UimMRQiCcg,X1,FLASH,10,0,121,14255,124053
4RvXKXQGHCAXVfkk4QEJCa,14T8NkbwXVZgbOvwnuGV89,GReeeeN,蕾,5,0,174,26567,123923
4GbISDmTf7DKzEkP3iFOQt,0iWpuF3h43ZtZJxcUp8eti,Yusuke,ひまわり,8,0,188,16155,123919
43Pmqpiw4zFY77pT5QdxQ8,1gBUSTR3TyDdTVFIaQnc02,NCT DREAM,ISTJ,3,0,178,41657,123834
0ApuDyXWrX6CFYnqlvy0ao,6wxfx1yhyqjCPYwwxJktR2,King Gnu,Voice Comment,7,0,76,26998,123748
4vAbUiv5byAtNdencSeaRn,4QvgGvpgzgyUOo8Yp8LDm9,Mrs. GREEN APPLE,Feeling,3,0,178,42147,123659
3eYnKe0LhQA1B5HEkQaRTP,1uNFoZAHBGtllmzznpCI3s,Justin Bieber,The Christmas Song (Chestnuts Roasting On An Open Fire),2,0,115,69642,123292
5q5gzmbBS5yQzos2BvVr1t,0bdfiayQAKewqEvaU6rXCv,MØ,Nights With You,55,0,81,2913,123260
1ZPpGPko8oULTmi34rozMh,3Nrfpe0tUJi4K4DXYWgMUX,BTS,Trivia 轉 : Seesaw,19,0,64,9412,123242
50z6LbNQHju3qdrBMaSji8,7JthQ6zwNzfxRfIEjp6wUs,HIRAIDAI,素晴らしき人生,5,0,167,25923,123235
0PnrdoLqdpScsUTYd06Zb8,3B9O5mYYw89fFXkwKh7jCS,TK from Ling tosite sigure,Katharsis,15,0,65,10508,123001
6JTUCs01Y8POQjeh5lDvlo,1snhtMLeb2DYoMOcVbb8iB,Kenshi Yonezu,ゴーゴー幽霊船,4,0,93,42360,122956
2dfHh7ECGxfNqZTQno09Vk,6eUKZXaKkcviH0Ku9w2n3V,Ed Sheeran,Hearts Don't Break Around Here,45,0,25,5951,122763
4HWUNmXtf74s4MGNeuy1L4,5MRAExqyhUPkktT9yWNvIe,KICK THE CAN CREW,住所,20,0,90,7746,122603
0eQNqq5xUB8bzudTL15ByI,4HfuyMMy295oBvbIuXr0v8,GENERATIONS from EXILE TRIBE,Taiyomo Tsukimo,55,0,87,3509,121918
40FLJc17FMZaPmCQEEZgB0,0hEurMDQu99nJRq8pTxO14,John Mayer,New Light,24,0,92,6901,121731
5H6WX29XQMNE4oZVooEGeH,6wxfx1yhyqjCPYwwxJktR2,King Gnu,δ,2,0,94,70510,121712
6hHrPwQYGp9kPL7xLZviBS,3paGCCtX1Xr4Gx53mSeZuQ,NCT U,Universe (Let's Play Ball),4,0,141,32691,121580
1M4OcYkxAtu3ErzSgDEfoi,4kYSro6naA4h99UJvo89HB,Cardi B,Up,5,0,150,25852,121553
2Xqo3hbuyHFnVmh2ORVRUD,5vO3b6n7tKXv7S9JWmeniF,JY,Sukina Hitoga Irukoto,37,0,134,3916,121487
6pBLBPnfColV4UhAPnocWK,2sd5k8N8cAOm6Q8OCcePw4,Rin音,What's up,4,0,166,30984,121487
6rCaPvmNWMCgrG7luwaHs5,1XYuC1vxinTjHCNd5clB8C,ARASHI,マイガール,7,0,76,25303,121466
7vRriwrloYVaoAe3a9wJHe,3iri9nBFs9e4wN7PLIetAw,gnash,"i hate u, i love u",43,0,32,3646,121370
2KdKh9vHbKW0tZLqtpxxI0,1uNFoZAHBGtllmzznpCI3s,Justin Bieber,Honest,4,0,160,30867,121302
0JsxTs1lZfKkDWxLZdJOmv,4GxWcui9BlMJH9VOOK5wav,Ai Higuchi,悪魔の子,3,0,91,41155,121209
0fUFpFczhuhJBz2Z28IL2x,0SCbttzoZTnLFebDYmAWCm,Glee Cast,Last Christmas,2,0,117,67711,120806
35QZaWQRkmnAVqBF1TLCxQ,6eUKZXaKkcviH0Ku9w2n3V,Ed Sheeran,Nancy Mulligan,45,0,35,5359,120769
7DF8lvLdV3htIbuTWpc7lR,4MCBfE4596Uoi2O4DtmEMz,Juice WRLD,Girl Of My Dreams,4,0,156,31144,120510
1X1nr03YwYlwGxWHolbwzw,4Mc3zbnQx4wRb0tYg7A8sG,supercell,Kimino Shiranai Monogatari,47,0,82,8181,120490
4MOMdeAcIa3CR1fuGa4vwz,3Nrfpe0tUJi4K4DXYWgMUX,BTS,血、汗、涙 - Japanese ver.,39,0,54,6678,120369
52hQcHZh1RwZ8fX9BOwtZa,1snhtMLeb2DYoMOcVbb8iB,Kenshi Yonezu,MAD HEAD LOVE,4,0,96,41543,120223
6XhOrT6C9VG7UmH3e70CkF,1S2S00lgLYLGHWA44qGEUs,Gen Hoshino,2,2,0,120,64890,120108
7FXKNJyVAbN3l72GHePFqu,2dIgFjalVxs4ThymZ67YCE,Stray Kids,Holiday,2,0,131,64710,119865
7ILEWkpfdK6AjH2D7jppWk,7bXgB6jMjp9ATFy66eO08Z,Chris Brown,Don't Check On Me,10,0,99,13944,119796
0E6PsO3ymCfUh7pJQjBgkj,4fpTMHe34LC5t3h5ztK8qu,The Carters,APESHIT,23,0,101,6870,119768
08H8CT32rALUZvL8TE4ruD,2dIgFjalVxs4ThymZ67YCE,Stray Kids,Stray Kids,2,0,116,64806,119455
5e7DX8ZlkJFO4PyiffFpYp,5R7AMwDeroq6Ls0COQYpS4,Kep1er,MVSK,4,0,160,31232,119439
0ffweDHrg4bZqdG4IfGYuo,3Nrfpe0tUJi4K4DXYWgMUX,BTS,Pied Piper,26,0,27,9746,119356
0lmdsH1MIoLsMymnNpd6HU,1b4DN8Vj0dnj5cceMFsRYN,Dante Klein,Let Me Hold You (Turn Me On),39,0,30,4412,119164
3CtnuBSfdpoxHglOGGPgmU,5W7F9IM2vsR9EDCk5T2Uqz,Yumi Arai,やさしさに包まれたなら,16,0,62,15434,119092
1sbnAdLtWFqzDvwcf3SuCF,6wxfx1yhyqjCPYwwxJktR2,King Gnu,W●RKAHOLIC,2,0,100,69129,119003
5nvA0EX0Itao5I6t89A7X2,4UK2Lzi6fBfUi9rpDt6cik,Yorushika,花人局,5,0,100,30286,118879
2RlcBZiskvuupu6pG8bsNe,2LZDXcxJWgsJfKXZv9a5eG,Cashmere Cat,Trust Nobody,79,0,59,2330,118860
3mwOSXT9ko8LR4dofYzgHz,2AwGvrbcvOSx5HDwc4OQE3,SALU,RAP GAME,14,0,122,9318,118809
0wHFktze2PHC5jDt3B17DC,2LIk90788K0zvyj2JJVwkJ,Jack Harlow,First Class,4,0,137,33373,118692
7oolFzHipTMg2nL7shhdz2,6eUKZXaKkcviH0Ku9w2n3V,Ed Sheeran,Eraser,41,0,22,6635,118474
4e392CAUrX4fzn6AejtNtf,2dIgFjalVxs4ThymZ67YCE,Stray Kids,Never Alone,2,0,100,67441,118452
3FplluIx08Bk6NCLKRAtJ0,7k73EtZwoPs516ZxE72KsO,ONE OK ROCK,Answer is near,89,0,73,1714,118422
3i1YBIdZzBPvZectd5wLw0,6wxfx1yhyqjCPYwwxJktR2,King Gnu,2 Μ Ο Я Ο,2,0,108,65990,118124
6SwRhMLwNqEi6alNPVG00n,2YZyLoL8N0Wb9xBt1NhZWg,Kendrick Lamar,LOYALTY. FEAT. RIHANNA.,33,0,22,4948,117916
0UOuIzqiiOXvDniatsUNsP,0bp9CvkjQYhUJvWRHjFRWI,WEDNESDAY CAMPANELLA,オードリー,47,0,38,4419,117752
2j0DHd8nwPOkxx9UsccKka,08lN7bm4Etec8ETFxaTUmq,Nogizaka46,歩道橋,2,0,116,66167,117614
7z6wfRDM09uY5x5HUoqSjV,08lN7bm4Etec8ETFxaTUmq,Nogizaka46,僕は僕を好きになる,5,0,151,25976,117556
3DA3jAF1EjbyoiFvZor4Ov,41hQ0PoEyj9xEBhwt73aWC,Tatsuro Yamashita,クリスマス・イブ,3,0,105,53637,117467
6Upu6yjkdi0DVI8E3IBZEU,7nqOGRxlXj7N2JYbgNEjYH,SEVENTEEN,Don't Wanna Cry,33,0,80,5925,117398
1xtecrg5NPRM84NJKEkg1r,4HfuyMMy295oBvbIuXr0v8,GENERATIONS from EXILE TRIBE,AGEHA,28,0,132,5025,117255
4NSW0Km5ZG60L8FthUebPJ,1HBjj22wzbscIZ9sEb5dyf,Jonas Blue,What I Like About You,14,0,145,9456,116850
48TPAQGjRuGzARTHAaiWkD,0OelQzwa7YekcN4dG8wgy3,yui (FLOWER FLOWER) × ミゾベリョウ (odol),ばらの花 × ネイティブダンサー,8,0,154,15453,116610
3EjJTwcTv3MLeab9y1qqG7,6m14xgA0m3w92UM7ujJgky,UVERworld,Itteki No Eikyo,52,0,58,2973,116588
28wjCqjicbFcgfMNGA7EsB,73kxDUq2Hl7Upy4o0yFxXv,INI,君がいたから,2,0,157,58931,116421
4JnIqjjkvaepfs6yeQGM8F,6U2dgcU46Iy9pF3RQBj5hG,Monkey Majik,A.I. am Human,69,0,55,2333,116368
3fpVWegR6YOS1Yk5HSMYIq,246dkjvS1zLTtiykXe5h60,Post Malone,Paranoid,22,0,107,6328,116154
6iLnjLp3O7ajFdEO9QqKDn,0FnDCrmcQT8qz5TEsZIYw5,Awich,紙飛行機,18,0,99,7805,116150
1KjHPv0YOx8YgxV8nkChtk,50QaWH5OLY3Pkt1XNCGk6L,Penthouse,恋標,4,0,186,29650,116104
463PQggkmk5tTw8ug0ahOX,7tYKF4w9nC0nq9CsPZTHyP,SZA,The Other Side (from Trolls World Tour),7,0,148,18484,116061
2UQTiwVbMftbFaXKPhFHBu,4HfuyMMy295oBvbIuXr0v8,GENERATIONS from EXILE TRIBE,HIRAHIRA,7,0,166,18009,115753
6czikg0NNdfo119UDDP63K,3GP0RQRnBvpYVgdVYfcaGS,Yabai T-Shirts Yasan,ハッピーウェディング前ソング,11,0,181,11735,115706
46LzUNQbhoNBTcBNp0dtsH,6YqdtpUutxodni6lUD4stM,WANIMA,曖昧,4,0,173,29404,115620
54kqQ4WDZFy6GDJSNJ5PWE,7i9bNUSGORP5MIgrii3cJc,B'z,ALONE,3,0,81,46239,115532
7xpD6IKiL8ldCg2WRzsb4K,1snhtMLeb2DYoMOcVbb8iB,Kenshi Yonezu,愛麗絲(正式表記はAliceの中国語簡体字表記となります。),4,0,100,39051,115316
1ZFnNl8O8zd4mef77SAd91,2nvl0N9GwyX69RRBMEZ4OD,kessoku band,ひとりぼっち東京,3,0,190,38684,115032
7gDB5zDY7IxNmRfrJ9KR8J,0hCWVMGGQnRVfDgmhwLIxq,sakanaction,「聴きたかったダンスミュージック、リキッドルームに」,9,0,69,16177,114821
1myGHe8IVIXuWfdCQqFlrJ,6PcCgi0ladfogWN4ZEAwn1,illion,Miracle,56,0,53,2927,114798
12ip0ceCeszDTDFxDY1AXJ,1vCWHaC5f2uS3yhpwWbIA6,Avicii,You Be Love,18,0,15,23665,114737
5mi0HQrZMhRb2MRdFiUP6v,74KM79TiuVKeVCqs8QtB0B,Sabrina Carpenter,santa doesn’t know you like i do,2,0,130,61482,114694
3Wf2YGdYT8xVdNsQSoRKk9,7n2wHs1TKAczGzO7Dd2rGr,Shawn Mendes,Youth,18,0,83,7623,114434
5nA67Y0XX9JipZwYxX7Gl7,1Hsdzj7Dlq2I7tHP7501T4,Niall Horan,This Town,42,0,35,4280,114395
1ii5VcKUdCde84rHkKZREC,5gSFxPK5Te7WRIKL5CEWos,Jin Akanishi,Fill Me Up,25,0,56,6711,114266
4zCIxSnVWpGNghERX4uWZF,49muoiIu4uea4PO8vueUNN,YENA,SMILEY(Feat. BIBI),4,0,175,30196,114253
6vYjJqHXji2o7TtQKI9Xb2,1S2S00lgLYLGHWA44qGEUs,Gen Hoshino,Glitch,2,0,130,61830,114077
2wvt7xewOhMAqsEXVpFAfs,08W95PavXzyJenqF5bp386,PRODUCE 101 JAPAN,GrandMaster,7,0,86,20747,114062
3hrplYBqjpNFQrdoOgRAPV,0hSFeqPehe7FtCNWuQ6Bsy,BUMP OF CHICKEN,Aurora,9,0,63,18097,114002
5Mfl8vbXKjNO2qmUiZDUh4,6n4SsAp5VjvIBg3s9QCcPX,SUDA MASAKI,糸,6,0,178,19950,113914
6f8b6mxNNDJdE5tC4MCTxt,0LyOADBjj28cbvJWTXUEGA,Loren Allred,Never Enough (Reprise),24,0,111,5433,113543
1snWlbcbgQpJfknoI30DWG,7vk5e3vY1uw9plTHJAMwjN,Alan Walker,Darkside,23,0,137,5605,113368
0rHToGels2lt8Y0mCYoF90,7v4imS0moSyGdXyLgVTIV7,Nat King Cole,Deck The Hall,2,0,98,67088,113347
64yv4Oj1BfZse3JswH5iBH,7n2Ycct7Beij7Dj7meI4X0,TWICE,STUCK IN MY HEAD - Japanese ver.,5,0,143,24929,112956
6DJufb1am2ldhryvhP3dpC,1snhtMLeb2DYoMOcVbb8iB,Kenshi Yonezu,メトロノーム,4,0,107,37504,112950
1QNPTNaw67BanVtwXKIX1a,6VuMaDnrHyPL1p4EHjYLi7,Charlie Puth,December 25th,2,0,139,63030,112924
1T0hdoMSjzoKUPbKRmrDg3,2dIgFjalVxs4ThymZ67YCE,Stray Kids,twilight,2,0,132,60369,112920
5LWVXN39UpNyhkYnBvDfyq,4NHQUGzhtTLFvgF5SZesLK,Tove Lo,Cool Girl,36,0,29,4163,112801
7dF2uMG6NuHH2xipdNAWBq,7JthQ6zwNzfxRfIEjp6wUs,HIRAIDAI,「いつも通り」のキセキ。,4,0,185,28557,112781
1H6UmStQYT7JkAcHMpI9TB,1m9ZvxLFfX9avls54a0y40,Belle,はなればなれの君へ Part1,4,0,143,29914,112590
0Dq49j3dELbttQVUJbtn0c,7n2wHs1TKAczGzO7Dd2rGr,Shawn Mendes,Nervous,18,0,77,8493,112564
0EMcGnATwfcWbxmQKBJhB2,3R3WEsfL1WC1zLiz3XG9K5,miwa,We are the light,26,0,99,5374,112492
2bjwRfXMk4uRgOD9IBYl9h,3TVXtAsR1Inumwj472S9r4,Drake,Portland,44,0,52,3050,112447
5cQB9fbuQCz4muQUFkv3rR,3Nrfpe0tUJi4K4DXYWgMUX,BTS,Serendipity (Full Length Edition),18,0,62,9374,112321
0AtP8EkGPn6SwxKDaUuXec,6eUKZXaKkcviH0Ku9w2n3V,Ed Sheeran,Remember The Name,9,0,84,15184,112244
4LQuXzeyaX3V6DM4uHK2PQ,0UuiWPm9FpWvRuWNrXO98N,Snow Man,HELLO HELLO,2,0,124,62034,112032
4iQW82spaUIDNrwz1arAx6,6BG4T6h3TJSa0j1JejYAjr,I WiSH,明日への扉,13,0,142,9666,111790
6XvUbny0oY8v4sPicah4Ju,7n2Ycct7Beij7Dj7meI4X0,TWICE,1 To 10,50,0,147,2575,111713
2Pg6Ky5dzhWHv8uB9fNiOR,6TDMbiQCWeMClsMr9ORLRK,aiko,Kisshug,5,0,58,33525,111600
0Fb1M7rbOnydw6SrXXSlHr,0ghlgldX5Dd6720Q3qFyQB,TOMORROW X TOGETHER,Ito,4,0,159,29818,111126
1HdqMIGjLm8wkL4vWDcFPm,1EowJ1WwkMzkCkRomFhui7,RADWIMPS,スパークル,2,0,156,56443,111112
4th1RQAelzqgY7wL53UGQt,1vCWHaC5f2uS3yhpwWbIA6,Avicii,The Days,9,1,9,27947,111059
5XkyZyKMdFungjDb9cUKc3,3Nrfpe0tUJi4K4DXYWgMUX,BTS,A Brand New Day (BTS World Original Soundtrack) [Pt. 2],10,0,93,12126,110932
1RVHkDoAuGib7L8b9c2tBz,6wxfx1yhyqjCPYwwxJktR2,King Gnu,泡 (ALBUM ver.),2,0,115,62693,110833
6aoGtdWXBkYQ2O2wnyIz2x,23fqKkggKUBHNkbKtXEls4,Kygo,Not Ok,11,0,90,12370,110801
2NFKSwzaNKXAqBqlXgeTEo,45JvI0rkPkFFL14Cj0eput,Toshinobu Kubota,LA・LA・LA LOVE SONG,4,0,100,31483,110760
1NbGcdgwRHZ5rbPIT9hdR3,3WGpXCj9YhhfX11TToZcXP,Troye Sivan,Dance To This,21,0,91,6906,110749
4VI45tdu3hZw5eugs9c6AX,0fLlzy1mzxu6XItsSY5KN2,RIKON,ファーストキス,2,0,168,56830,110638
3ISYGHoYnu4gos6JNMfL4z,3dz0NnIZhtKKeXZxLOxCam,Porter Robinson,Shelter,69,0,51,3134,110552
1L3NV7VrCiuE8C5QlhdeQL,31TPClRtHm23RisEBtV3X7,Justin Timberlake,Filthy,19,0,48,8491,110527
5PFsSn38aMVt1qkBsGPrp9,0ySFZq3Wd0SQUyJUzmJAeb,sumika,フィクション,8,0,140,15979,110507
4UP9Dn3u8O4p8oH41EXOai,2dIgFjalVxs4ThymZ67YCE,Stray Kids,BLEEP,2,0,112,60956,110378
6AzSMF56Bce1YCaizQpzWH,4d2zOuYJHBPJTpVblHEKJb,Mondo Grosso,ラビリンス - Album Mix,31,0,42,6517,110274
0puZUrjhNhWl98RdE7YfNM,6bDWAcdtVR3WHz2xtiIPUi,Fujii Kaze,キリがないから,5,0,71,29603,110158
6QkDGe4ShZ4nodZCyUdjcR,2ZjWbNQAjL74Pf4aqikIz2,Shota Shimizu,alone feat.SALU,16,0,67,8538,110057
7avonBlH46Wq0yUiekRINX,22FsmLO3ZyvgWBy5QbfcQi,ayaka,ハートアップ,23,0,112,5624,109894
6PRy17C5LiiN7VCLS6IA98,5t5FqBwTcgKTaWmfEbwQY9,ENHYPEN,Future Perfect (Pass the MIC),4,0,188,28494,109802
4qqArAiTPueDxIp7cf87h7,0bdfiayQAKewqEvaU6rXCv,MØ,Final Song,37,0,23,4179,109788
2XlHu0HcujBCkWMdIAvrqt,3TVXtAsR1Inumwj472S9r4,Drake,Blem,33,0,40,4345,109525
7wC5eZcFS1Q1BsQ35DU6H4,6qqNVTkY8uBg9cP3Jd7DAH,Billie Eilish,come out and play,13,0,60,10841,109498
0lIBp6lovie7jxCKxHQGXL,384MAG8fZLUBFQoO2KgDVG,KIRA,Bye Bye Boy,21,0,105,6326,109497
4BZXVFYCb76Q0Klojq4piV,0XATRDCYuuGhk0oE7C0o5G,MAMAMOO,AYA,5,0,168,22844,109430
1qmcc6IRvBdhmqhLhSaJoo,5vV3bFXnN6D6N3Nj4xRvaV,Jin,Background,2,0,153,54884,109388
5664npiyyvli6veD4VINZ1,6S8w5rLsEwjN21jQeRES0n,Hitsujibungaku,1999,3,0,160,55160,108822
3GgcfjsAe3Wo9Zf7pf8IZL,5b3ZFm6P1lpZIASMDnBDs9,Kan Sano,C'est la vie,64,0,44,2856,108794
0lH9KLh9SAC8honP42ydkf,6wxfx1yhyqjCPYwwxJktR2,King Gnu,STARDOM (ALBUM ver.),2,0,121,61622,108587
2Tq2R8sRftNEqdgJK5HadO,3WGpXCj9YhhfX11TToZcXP,Troye Sivan,My My My!,19,0,60,8348,108390
7MSYSOobsombc1mbDWFxtD,0HU0U9kdXEHZVxUNbuQe8S,Donny Hathaway,This Christmas,8,0,70,45710,108159
3f7rVNaBNocDLtPmnds9eE,5vV3bFXnN6D6N3Nj4xRvaV,Jin,"To Me, Today",2,0,161,54370,107587
23eTkfMmq1LvqiDzeNHdVe,1EowJ1WwkMzkCkRomFhui7,RADWIMPS,前前前世 - movie ver.,5,0,77,28834,107454
42UBPzRMh5yyz0EDPr6fr1,74KM79TiuVKeVCqs8QtB0B,Sabrina Carpenter,Manchild,2,0,146,55403,107386
25MMrmIivwJhabHzeNXrdy,1snhtMLeb2DYoMOcVbb8iB,Kenshi Yonezu,とまれみよ - Stop Look Both Ways,2,0,144,57204,107276
0YWUHZPJVg4iujddsJDwhM,26dSoYclwsYLMAKD3tpOr4,Britney Spears,My Only Wish (This Year),10,0,63,20903,106969
2NwGpjVtyRJm7WwkB98rrP,7k73EtZwoPs516ZxE72KsO,ONE OK ROCK,Always coming back,64,0,58,3315,106731
27udJcfu06TvbbOpgfxIlw,61H9d7hbIfFNxJJQmIL9AJ,Kinokoteikoku,金木犀の夜,17,0,107,7588,106727
79KxRkZ0Par7drDPBjdF70,5vr537WKssJdFll2RkTrR9,YEON,GGUM,2,0,162,53648,106706
1NyOJuR9skj82TK2O8PGkc,2oNStf3CKKLM5lnzELWMcH,Taichi Mukai,FLY,30,0,58,4493,106697
1v7bzIjGsqshSjRG3Fe2CB,1EowJ1WwkMzkCkRomFhui7,RADWIMPS,トレモロ,3,0,86,61115,106624
5HR4CYT5nPpFy8m9wJQgrr,1Xyo4u8uXC1ZmMpatF05PJ,The Weeknd,Rockin’,42,0,11,5288,106500
5p8ThxM2OhJ0igfxkz0Z1q,2auC28zjQyVTsiZKNgPRGs,RM,Wild Flower,3,0,183,35673,106415
43rA71bccXFGD4C8GOpIlN,06HL4z0CvFAxyc27GXpf02,Taylor Swift,I Forgot That You Existed,7,0,64,18808,106378
3XIIOCu6B8PuGq5j61asEM,5WUlDfRSoLAfcVSX1WnrxN,Sia,The Greatest,37,8,5,5995,106373
7h0d2h0fUmzbs7zeFigJPn,0Y5tJX1MQlPlqiwlOH1tJY,Travis Scott,HIGHEST IN THE ROOM,8,0,167,14641,106189
4PhuneEbBLABKm7SUXoxn7,6TDMbiQCWeMClsMr9ORLRK,aiko,ボーイフレンド,2,0,196,53650,105929
2A4LsIB13iw8GQFu7EcxSt,1XYuC1vxinTjHCNd5clB8C,ARASHI,ハダシの未来,6,0,80,25066,105884
2ksOAxtIxY8yElEWw8RhgK,2R21vXR83lH98kGeO99Y66,Anuel AA,China,9,0,131,13428,105872
7FHze2spclnkX7Ogk1Gxfq,0UZq6vAHrwGgctvxTzzxYm,Tokyo Ska Paradise Orchestra,ナイトオンザプラネット feat.尾崎世界観,2,0,124,58082,105325
4RyDWYrwqeVoVRBnBZFXDa,0UuiWPm9FpWvRuWNrXO98N,Snow Man,SERIOUS,2,0,177,52432,104841
4UJf2ymScQBLPycWs8ghPK,2koP6FEfIEVk4l2Fe6jFhu,JO1,Phobia,3,0,152,38758,104499
0B0tYbVp7pDQAqKDhgMeaL,0du5cEVh5yTK9QJze8zA0C,Bruno Mars,Too Good to Say Goodbye,74,0,54,4844,104170
79Fokg2d8ly9qSL58E1kaZ,22wa94PJF9zyFJMTp2BYus,ReN,Life Saver,51,0,65,3033,104017
24OeEKPQ8qqNZnPevRHxUT,1uNFoZAHBGtllmzznpCI3s,Justin Bieber,Red Eye,4,0,172,26999,103864
4RdQhcEkhnPY17VCWfCdxq,4wCW8kZ8LL7QIdcE8EOKPP,BE:FIRST,Moment,3,0,111,42227,103762
6XlSyYFTU1nodeWwwzVgTV,2RdwBSPQiwcmiDo9kixcl8,Pharrell Williams,Sangria Wine,19,0,97,7475,103293
5eqbW3OccwWjmeZG1DgLPn,7i9bNUSGORP5MIgrii3cJc,B'z,Calling,3,0,92,41592,103241
1iGQpclvzonFNzy7Ko89V7,7f4ignuCJhLXfZ9giKT7rH,NCT 127,Sticker,4,0,151,28132,103191
2Hru175zRE092gNIvqzek2,0aD7NQx7yauKlVDnqOxk6q,AI,ハッピークリスマス,36,1,8,16555,102974
1VJVtUutqKTLq0WlT2GkaX,70x6gPIjIhWtxjczooKl3p,Shonan No Kaze,純恋歌,2,0,185,52097,102650
02tUwSRyXj8fJkYdmYu3Nh,5Zy2tdfVQKbDwpqWcjXg42,MAZZEL,Only You,2,0,192,51447,102643
0WdR2AyLW1Drd3OUdwezM0,66CXWjxzNUsdJxJ2JdwvnR,Ariana Grande,everytime,14,0,64,8930,102619
2DBHNUgRWwz5sLgNPytyND,1Pzt7WyaiqfngZpWFA5Lts,PKCZ(R),PLAY THAT,40,0,55,3504,102520
2Hfdf6aq3QezOSY5KGfiLA,7JthQ6zwNzfxRfIEjp6wUs,HIRAIDAI,Hero,4,0,158,26802,102471
6xZ4Q2k2ompmDppyeESIY8,3YQKmKGau1PzlVlkL1iodx,Twenty One Pilots,Level of Concern,6,0,162,17800,102115
4Ejc2cbcIimIYmSToESOnV,5NuEFfheZBa6uFZVFNAND8,Green Boys,道,46,0,44,3712,102023
6uv9D5McJnmJdYVAz5GIPZ,0illCOhPkFBykngmCWos6u,Kaho Nakamura,アイミル,4,0,169,27577,101817
2BBIUV8wIBbqc7HXObzdgH,5cW1SVDUXXzsj3eFT7Gmta,AiScReam,愛♡スクリ～ム！,2,0,194,51199,101602
37J6yKJ18QJdHR2RTRE55O,4DDoAL8n6ob19r3jOZEbJI,Kana Nishino,Best Friend,4,0,187,26205,101331
4qUmNOnS81p8wrMdBHRbS3,5vV3bFXnN6D6N3Nj4xRvaV,Jin,Heart on the Window,2,0,142,53298,101052
0sdriTFzyjr41idOSiCaPu,6YqdtpUutxodni6lUD4stM,WANIMA,離れていても,4,0,175,25600,101022
4aFmalruqRj8KKoImTIeUM,08lN7bm4Etec8ETFxaTUmq,Nogizaka46,夜明けまで強がらなくてもいい,9,0,140,12396,100991
3U0vkx4Qy5D3IKlFq5Gfjc,7oQ6zxSp4eQjvVkk9rGIDV,Marcy,アイラブ,2,0,181,51262,100985
2Ekd1iOmA0K8k8IsqfSv59,1PSuZ74d4aJt9LR4fIoBNo,yahyel,Alone,68,0,56,2065,100736
1R17cgUv6HeQFa78dzqb7s,2snm3HmsnDUDxbIChdl2Oj,Justin Hurwitz,Mia & Sebastian’s Theme,49,0,56,3110,100599
0Vz146N2GxkVJw4kSGXrNi,250b0Wlc5Vk0CoUsaCY84M,JENNIE,You & Me (Coachella ver.),1,0,51,100487,100487
2RW1HOGoXSEMGUfqhCfinE,0PYPjvZaOa7bsCq26JOX8d,VK Blanka,Winter Beat,7,0,39,21259,100484
2QQMR6Mo3QHtzyg7FcPH79,08lN7bm4Etec8ETFxaTUmq,Nogizaka46,ジコチューで行こう!,9,0,32,13159,100343
6eVpSSlmikGCpP6gdt0FnH,4wCW8kZ8LL7QIdcE8EOKPP,BE:FIRST,Gifted. - Orchestra ver.,2,0,134,53177,100137
3QWjljChcOMkRDYSzF33Qr,4u5smJBskI6Adzv08PuiUP,Kiiara,Whippin,44,0,57,3612,100123
6shrCEEMcrT6Akxkk8IhLC,7f4ignuCJhLXfZ9giKT7rH,NCT 127,gimme gimme,4,0,172,25646,100058
4RXsi1oTj3uaqoRC9UrwGA,7n2Ycct7Beij7Dj7meI4X0,TWICE,I GOT YOU (Original),1,0,53,100056,100056
1lItf5ZXJc1by9SbPeljFd,7nKeLE1toRtW4M279iS26h,Zay Hilfigerrr,Juju On That Beat (TZ Anthem),47,0,47,3051,99945
3Kuu5vASpXK8oRsxOvau6P,23fqKkggKUBHNkbKtXEls4,Kygo,Think About You,11,0,104,10538,99906
6YJdPrH3i2POzu7hdHIRrb,66CXWjxzNUsdJxJ2JdwvnR,Ariana Grande,Santa Baby,10,0,46,19212,99732
3zielyGhYKYzWSdzSxfYoO,2ZjWbNQAjL74Pf4aqikIz2,Shota Shimizu,Damage,46,0,164,2641,99623
2xWF32YS2T8PRacHdYtAlB,5VLVogbPeBgFHXQPZQzBej,JUJU,いいわけ,25,0,95,4871,99454
31JwysGj6E03IrYus7Jqvs,2AwGvrbcvOSx5HDwc4OQE3,SALU,Tomorrowland,67,0,64,1954,99380
4RsxhU19U6jRW5tVzrErj3,1t17z3vfuc82cxSDMrvryJ,Macaroni Empitsu,静かな海,2,0,174,50428,99282
4FDdBqOTzfWfuDfODCOply,6MXOcf1IlhzpV0b8qtjAzd,KSUKE,Breathe Again,55,0,53,2658,99080
3Fki7feUIjOBqclsgHsDhL,0hCWVMGGQnRVfDgmhwLIxq,sakanaction,アイデンティティ,14,0,59,9152,98894
7iV733e1KacKrFRaBNxVEf,3Nrfpe0tUJi4K4DXYWgMUX,BTS,Intro: Serendipity,21,0,28,9565,98826
1IUtgwxLYzDVd41EgbKUjX,1uNFoZAHBGtllmzznpCI3s,Justin Bieber,All I Want For Christmas Is You (SuperFestive!) Duet with Mariah Carey,15,0,64,12846,98716
71ezJk95rLJphmD7LnYYYi,02A3cEvlLLCbIMVDrK2GHV,Starley,Call On Me - Ryan Riback Remix,28,0,18,6860,98594
2JvzF1RMd7lE3KmFlsyZD8,6l3HvQ5sa6mXTsMTB19rO5,J. Cole,MIDDLE CHILD,12,0,109,9223,98295
3aQem4jVGdhtg116TmJnHz,3TVXtAsR1Inumwj472S9r4,Drake,What’s Next,4,0,171,25508,97580
57BJUfvyZtmCu09gPBBO8n,2GRWU0uEFMTgtIz4LaqvvT,RYUHEI,Loop ~One of the BE:ST-03 RYUHEI~,2,0,199,49880,97550
2FsxGw2SnW3Y3gCPzmdkHB,38WbKH6oKAZskBhqDFA8Uj,ZUTOMAYO,脳裏上のクラッカー,12,0,104,14183,97544
3D4gp9K2S2h6OpQkrKQS4N,2IUl3m1H1EQ7QfNbNWvgru,Vaundy,Bye by me,6,0,172,17571,97498
0TX8pkIb7yJrMAx5hMacxh,2R3B9TCBBnvAEoCu5KpecB,KEIGO,BANANA,2,0,194,49474,97484
5aTc826LMnruyhWlZJRQF9,52xY41GsLSW8qeem7zFIoG,DoReMiFaSolLaSiDomino,DOMINO,6,0,112,18183,97385
7abFHUH53rYlZwmsjZCvND,38WbKH6oKAZskBhqDFA8Uj,ZUTOMAYO,違う曲にしようよ,3,0,114,37638,96866
2WXfXjSQe1Qc3Oz85vYXTC,6Oeb6i0acXNe1Q1MqqfkPX,Dream Ami,はやく逢いたい,63,0,138,1919,96809
00sHjhTQCLaGUw0OJvmpVB,0MK8l3nURwwQIjafvXoJJt,ASIAN KUNG-FU GENERATION,Rewrite - 2016 Rerecorded,57,0,41,3421,96458
3U764c5XbUqjr408oTrjfy,5r1tUTxVSgvBHnoDuDODPH,IZ*ONE,D-D-DANCE,4,0,158,24931,96073
1GeSWa41vd9fJ9LjYDv5d8,23ReIrUSfcybBi1b9EnqIW,LULU X,You Ain't Gonna,30,0,51,4728,96027
75wtNse2szKx7YT2WKhiTL,7n2Ycct7Beij7Dj7meI4X0,TWICE,Wonderful Day,2,0,148,50575,96018
4hsEFcCA7AL5hlKG4PRp2Z,6bDWAcdtVR3WHz2xtiIPUi,Fujii Kaze,Michi Teyu Ku (Overflowing),1,0,52,95993,95993
0PJAUelBCE1YXkprSRWjbn,5NuEFfheZBa6uFZVFNAND8,Green Boys,キセキ,43,0,56,3398,95473
6eUncuJutsFi9BGO1JaBHh,07YZf4WDAMNwqr4jfgOZ8y,Jason Derulo,If I'm Lucky,36,0,152,3053,95444
13Wb6WjZihRSo5wCgF3ZLK,0ySFZq3Wd0SQUyJUzmJAeb,sumika,センス・オブ・ワンダー,6,0,176,16857,95235
6SznMYPQJHzr3IwsAHLId2,6eUKZXaKkcviH0Ku9w2n3V,Ed Sheeran,Bibia Be Ye Ye,41,0,37,5214,95146
6GoFIkTKX9CIGgM9APx5UB,3Nrfpe0tUJi4K4DXYWgMUX,BTS,No More Dream,3,0,134,34899,95062
6cVHcHkGWD1bWGaN6E7nL3,38WbKH6oKAZskBhqDFA8Uj,ZUTOMAYO,こんなこと騒動,7,0,143,14393,94936
241nLUJpGY54muMPESwdlI,2v3eFzDOUnyWP1drW2dPTp,Chara,楽しい蹴伸び,6,0,136,17099,94799
2DXavoWAmIHlrECHPM1Vca,2dIgFjalVxs4ThymZ67YCE,Stray Kids,Lose My Breath (Feat. Charlie Puth),1,0,52,94711,94711
575NJxNUVDqwJGdzBrlLbv,7n2wHs1TKAczGzO7Dd2rGr,Shawn Mendes,Lost In Japan - Remix,12,0,56,10223,94598
0JZCdHGFgJ3GaYIWMQXOyw,4XFkDALFTsSHVnRtJSsaMN,Number_i,LAVALAVA,1,0,73,94313,94313
4MwVirVMyerMiHkFomOZay,4UK2Lzi6fBfUi9rpDt6cik,Yorushika,嘘月,4,0,159,25043,94284
3qhatIxwcJTvTRvKcr9boJ,0eQSoTI7sQENREQM8Klp2j,Hinatazaka46,ってか,3,0,101,38740,94247
5sMogBOWszqrAzHEAGnr6E,7lbSsjYACZHn1MSDXPxNF2,Hikaru Utada,traveling,19,0,99,6516,94128
1hJIbOjWpid6LtnozHmzRS,2wY79sveU1sp5g7SokKOiI,Sam Smith,Diamonds,4,0,151,24322,94062
1Wwh6gmMeolwzbRzfZMY5b,41MozSoPIsD1dJM0CLPjZF,BLACKPINK,Ready For Love,3,0,169,32956,94058
0awDhtiMxhWAdUe1VIsjaX,4Yq4M6kdQTjkPBOp7aPJrA,CANDY TUNE,キス・ミー・パティシエ,2,0,186,47935,93641
0aLkYYO8w7T0U2Vhb0pe2O,7nqOGRxlXj7N2JYbgNEjYH,SEVENTEEN,Sara Sara,2,0,106,54336,93577
6muOWhMh7Tf0UFUtMDBhUR,4gzpq5DPGxSnKTe4SA8HAU,Coldplay,Orphans,7,0,147,14043,93442
2f7E6saroy5ibvSRbStf1F,76epfImetf9M3joFnNTrlJ,Emiko Suzuki,フロントメモリー,19,0,124,6205,93221
6Bg7MznA9X0dIhlAsLyBYj,5K4W6rqBFWDnAN6FQUkS6x,Kanye West,Ghost Town,13,0,55,10056,93217
6fopHFCIoCVcZtMq6QqrFX,2mJOGcLR3aCHkM1uAF93or,DREAMS COME TRUE,普通の今夜のことを ― let tonight be forever remembered ―,24,0,91,4726,93080
40UroIGvsMPLPBYwH8rMNA,0q4NrXqJnc367PieejuROJ,Vice,Steady 1234,64,0,66,2233,93000
2WsjfS91XGEfZVLYL6nHMi,7w5trRLgKzmUtS6BJu42NQ,Mizuki Nakamoto,Into the Unknown - End Credit Version,7,0,126,14232,92844
7AdGloF1UHKe1vAZPbqIXH,41MozSoPIsD1dJM0CLPjZF,BLACKPINK,The Happiest Girl,3,0,163,33686,92798
3qnoOm4fwZPBS116f5hpgF,5K4W6rqBFWDnAN6FQUkS6x,Kanye West,All Mine,14,0,57,8773,92714
2vHTplkaynYJm0flZBZIoE,1snhtMLeb2DYoMOcVbb8iB,Kenshi Yonezu,Tremolo,1,0,67,92659,92659
5mtD8cJwjOeX2KiI59k2Su,2OjHL82qMprs982cWYzzkW,KungChiKiTanpopo,KungChiKiTa,6,0,121,17310,92646
042x9bsUBWW2fJgJ6fUh61,5X4LWwbUFNzPkEas04uU82,DVBBS,Not Going Home,54,0,66,2419,92582
7tueiSKOb72tgbFC4ezGjt,5bj6nsjCgL9lhNxStEtCZn,Happy Merry,Happy Merry Christmas,6,0,118,17264,92538
598BrgIdXL6jRUKyzZQIWa,2TatKKNpSC0r3IQxZAbii7,STEADY&CO.,Only Holy Story,27,0,49,16818,92518
0N8MGHEDAq29ip7RrlrTeN,69GGBxA162lTqCwzJG5jLp,The Chainsmokers,Beach House,12,0,95,8822,92474
5hN8uAuKfdGNzgGwzgGzyC,6n4SsAp5VjvIBg3s9QCcPX,SUDA MASAKI,Kokyu,25,0,53,5528,92450
5DJByOTv5ef2u5TDPjCFsE,1XYuC1vxinTjHCNd5clB8C,ARASHI,A Day in Our Life,5,0,70,26670,92370
0usLRFLmYXYahKNgXxsuJc,3Nrfpe0tUJi4K4DXYWgMUX,BTS,Trivia 起 : Just Dance,14,0,57,10423,92217
0qZmxkfW3dmNbRhuOP2fKU,28IJpwoVi5R92MtHxkj2Lk,Travis Japan,T.G.I. Friday Night - Japanese ver.,2,0,157,49128,92149
3g9tqI1NfqjErbTAQk6vne,6WmXWHmfBMhupyIs8MSqtu,natori,DRESSING ROOM,2,0,193,47074,92146
2Vpw980lvmxOodIW51cMnJ,1XYuC1vxinTjHCNd5clB8C,ARASHI,アオゾラペダル,5,0,74,25872,92012
2uJ2C2eQY1EwHWxhCffSlx,1qma7XhwZotCAucL7NHVLY,Mr.Children,HERO,15,0,104,7850,91893
2UxfcZJCphbEkfbZ6nLiDx,23fqKkggKUBHNkbKtXEls4,Kygo,Kids in Love,23,0,58,5975,91764
27HO7LrCceUrKQtvQNa8vk,2mJOGcLR3aCHkM1uAF93or,DREAMS COME TRUE,go for it! - VERSION'18,14,0,150,7938,91743
7sF3L6pVoMKQERb4Rz0zys,66brDsm3Y5DgSqFWeTAmQE,Babulincho,Yancha BOY Yancha GIRL,6,0,114,16959,91741
4dASQiO1Eoo3RJvt74FtXB,55Aa2cqylxrFIXC767Z865,Lil Wayne,Sucker For Pain,45,0,52,2702,91695
4OYV0zmjX6jYVgnlRcUkCL,1ONRqu82opChB9w0s6V54h,HYPNOSISMIC -D.R.B- (Division All Stars),ヒプノシスマイク -Alternative Rap Battle-,6,0,58,19495,91665
00WTRpkXPTms4ah74VurQi,6bDWAcdtVR3WHz2xtiIPUi,Fujii Kaze,masshiro (pure white),1,0,55,91265,91265
5pyoxDZ1PX0KxBxiRVxA4U,6vWDO969PvNqNYHIOW5v0m,Beyoncé,BREAK MY SOUL,3,0,185,31543,91250
4uUG5RXrOk84mYEfFvj3cK,1Cs0zKBU1kc0i8ypK3B9ai,David Guetta,I'm Good (Blue),3,0,188,31637,91130
6zEa6xEoKIvThibTOtDMYy,2gBArQmbKcvnqUy6M05BMJ,Black Out,Black Out,6,0,116,16640,91107
7Lm9ji00foCFC68YxVhw9E,38WbKH6oKAZskBhqDFA8Uj,ZUTOMAYO,夏枯れ,3,0,179,31372,90948
7ojnswb6OzsOg9B3UJbKel,3e7awlrlDSwF3iM0WBjGMp,Little Mix,Love Me Like You - Christmas Mix,6,0,76,40286,90941
0paWX66K9n7sYR9AkKkyzB,0WwKxmZjmKUp9y0Jg1LWk1,Beat Record,Standing Next to You - Sped Up - Remix,1,0,54,90836,90836
0bJgRNIPx6qAUCWVJdiVBR,2NKadilSWCwuqGp5QoDeUS,ZARD,マイ フレンド,3,0,108,36148,90758
02tNuntKQsoou5T4O8meyh,6bDWAcdtVR3WHz2xtiIPUi,Fujii Kaze,Hana,1,0,54,90750,90750
36gWxkPpsHBF5SUhW3EGaA,6Qhgat07PNOdnJSnCXJigu,Yuki Chiba,チーム友達,2,0,160,46196,90587
6TIU9Ehmi6dMzZK73Ym4yj,6eUKZXaKkcviH0Ku9w2n3V,Ed Sheeran,Save Myself,36,0,39,4982,90422
4dVpf9jZjcORqGTLUaeYj9,5dHt1vcEm9qb8fCyLcB3HL,A$AP Ferg,Plain Jane,24,0,126,4103,90414
2tmRk6NifOj3P3IvDXkUGt,1snhtMLeb2DYoMOcVbb8iB,Kenshi Yonezu,ミラージュソング,3,0,105,38026,90315
3hRV0jL3vUpRrcy398teAU,6ltzsmQQbmdoHHbLZ4ZN25,Lord Huron,The Night We Met,43,0,72,3301,90140
0ncUjMgT4Wl05I9va9Obc5,0d4XqzcMpgP6eQZ6TIW2pI,My Hair is Bad,真赤,3,0,165,30658,89870
4ga5kO7qacjGkYZQYCK9Og,0ixzjrK1wkN2zWBXt3VW3W,Yuuri,DiNA,2,0,198,46077,89614
5YLKYgr2j3qIL9uiXTr98c,7k73EtZwoPs516ZxE72KsO,ONE OK ROCK,Deeper Deeper,74,0,74,1509,89598
5Wdy1uGuWipOc07SzqTYWx,1Pzt7WyaiqfngZpWFA5Lts,PKCZ(R),ROAM AROUND,28,0,55,4882,89466
309EElyk6QFrJu9MMbz52k,1XYuC1vxinTjHCNd5clB8C,ARASHI,Beautiful Days,5,0,93,23971,89449
2DVu8T1HW56hXcuaquiEng,7sl3PZyhzAqUpL3M6WVD8G,Kazuyoshi Saito,アレ,11,0,98,9400,89302
4NK7en9BEHFbtn7MUF4QwA,4L9VSeE7K3BTBndqEL9A6q,Nissy,Rendezvous,2,0,168,46849,89278
6CKF6AY8vmt7xvVgfJ8jEa,1EowJ1WwkMzkCkRomFhui7,RADWIMPS,PAPARAZZI - English Version,10,0,78,10696,89254
69W2TOJk17i0fpSWXAETsj,1o2aYT0R8jCzs5q1rEA0gY,banvox,Take No Defeat feat. Santell,43,0,51,3519,89197
4SME2vazE508lklEXMaHni,5gSFxPK5Te7WRIKL5CEWos,Jin Akanishi,We The Fire,45,0,25,3550,89181
0FuTx2s3YH1ppmtiM6l0zI,4kYGAK2zu9EAomwj3hXkXy,JP Cooper,September Song,59,0,98,2559,88919
6kwLcF9pDovUbmGOtHo4Ml,6ptdMFoqgQZRoccAYK9Opd,hachi,ドーナツホール,3,0,99,39155,88714
7ykJ3C7MZQlLQfw1gkoafE,1XYuC1vxinTjHCNd5clB8C,ARASHI,I Seek,5,0,96,23640,88682
4cbdPT6uaBOgOQe3fLMofl,7tYKF4w9nC0nq9CsPZTHyP,SZA,Power is Power,10,0,124,10343,88674
26ewlC4dPv0PAB2T1vUeqY,4QvgGvpgzgyUOo8Yp8LDm9,Mrs. GREEN APPLE,Theater,5,0,192,18290,88528
6fGEDMODWR7MZyQPOtasL3,4L9VSeE7K3BTBndqEL9A6q,Nissy,Addicted,11,0,111,9414,88469
3M9Apu4OZfylLTFKvgEtKa,2o5jDhtHVPhrJdv3cEQ99Z,Tiësto,Ritual,9,0,94,12088,88380
1kSCfzZC27QQoUTzW6dY2t,6m14xgA0m3w92UM7ujJgky,UVERworld,ODD FUTURE,16,0,99,6291,88341
2AvKATGfAJdxDdFQSAIWHX,7lbSsjYACZHn1MSDXPxNF2,Hikaru Utada,Marunouchi Sadistic,12,0,63,9331,88324
0Ay2CHQX2ilVvKjnfaU7K7,2XMxWKPKCxoLkSdpCViCnr,Perfume,Let Me Know,15,0,113,7079,88051
7nzaN1vx1I3Gz9GQiKMYE6,0mP8A1qIoufScrsxq18Cw6,PUNPEE,Night Rider,3,0,175,30365,87996
4Pn1ztkwMZbzQOQxqRyqfZ,2qNI3aGlywRzTkRBOy9YzG,Yasutaka Nakata,Wire Frame Baby,19,0,95,6170,87903
54o3FGSzVgk0LwKFRx0TTV,5kS33dUA3AJ7NT05RTN4N9,Blouson Chiemi,Dirty Work - Blouson Chiemi Remix,26,0,31,7530,87896
3K2zyJhcnMMA6yOdR6hOW7,4d2zOuYJHBPJTpVblHEKJb,Mondo Grosso,ラビリンス,32,0,54,3422,87741
1uEQMDZLa7SgTaCA46y1NA,1XYuC1vxinTjHCNd5clB8C,ARASHI,とまどいながら,5,0,95,23674,87655
0Z26mbSHJ1dkUu7g9DDgif,738wLrAtLtCtFOLvQBXOXp,Major Lazer,Trigger,7,0,154,14194,87503
6Pw3Gvw4wNMZfTYZa6IQal,64M6ah0SkkRsnPGtGiRAbb,Bebe Rexha,The Way I Are (Dance with Somebody),35,0,71,3524,87392
3V1cA16e4yCbebAITF5sRb,4HfuyMMy295oBvbIuXr0v8,GENERATIONS from EXILE TRIBE,空,15,0,37,6960,87270
5Gap4rp2OPWWYxi517OG7L,1XYuC1vxinTjHCNd5clB8C,ARASHI,Find The Answer,5,0,106,23032,87098
6qVqWJxIpsabUKBILG7d6N,6YVMFz59CuY7ngCxTxjpxE,aespa,Welcome To MY World,2,0,154,44157,86951
2hqn75Y9fEzL0qPoPRXCvX,7nqOGRxlXj7N2JYbgNEjYH,SEVENTEEN,Fire,2,0,123,48487,86943
2dueLmS2fe4RM3Uc4fGy2c,2qNI3aGlywRzTkRBOy9YzG,Yasutaka Nakata,Crazy Crazy,37,0,55,3094,86851
1839RWzPRZCVgvamu4sHSN,1LOB7jTeEV14pHai6EXSzF,Cash Cash,All My Love,30,0,95,4037,86841
45bE4HXI0AwGZXfZtMp8JR,45dkTj5sMRSjrmBSBeiHym,Tate McRae,you broke me first,4,0,172,22998,86802
0IftMNKb34idqj5r0tJhRR,4cSyPcpldERtF4eL3NB9dn,Sunny Day Service,Christmas of Love,7,0,41,20886,86471
1HVDo1B73jbeHEanIDOpIC,1XYuC1vxinTjHCNd5clB8C,ARASHI,PIKA☆☆NCHI DOUBLE,5,0,109,22761,86425
3gJ4LBpaY48JF754kgEwLb,4WqXqPmUuenMIr4QaFrZXN,Saucy Dog,この長い旅の中で,2,0,192,43826,86361
5600nq7TiBraBX2jobyJ3l,6M2wZ9GZgrQXHCFfjv46we,Dua Lipa,"Swan Song (From the Motion Picture ""Alita: Battle Angel"")",10,0,61,11742,86173
3N6QVzApdGF3xInV7HpxZm,0d4XqzcMpgP6eQZ6TIW2pI,My Hair is Bad,歓声をさがして,3,0,182,28955,86150
0MvuOyLpzx6GXVnPEoOhVd,3FCZbxRcaSgYfklG2HCFh2,BAD HOP,Champion Road,2,0,162,43718,86123
1c2hJSwcCfoPEw1su83Sw0,1HY2Jd0NmPuamShAr6KMms,Lady Gaga,Hold My Hand,3,0,191,29080,86051
7xid7Vi1ZMYlfL1IY13sU6,1XYuC1vxinTjHCNd5clB8C,ARASHI,Daylight,5,0,113,22632,86040
5jPAxtiP7QtbO1r5IwP5m8,46yZjVAVfu5XOYzOpBlfHW,UQiYO,U R M' Pocket,35,0,55,3334,85818
4mSLOTpYJ44lswS9MH7kEl,1XYuC1vxinTjHCNd5clB8C,ARASHI,つなぐ,5,0,107,22964,85741
2BVVmJQZv4fOPWavI9mkIj,1vCWHaC5f2uS3yhpwWbIA6,Avicii,Broken Arrows,6,1,8,28040,85740
3hjHUf3frPoh9jcYDkqXUV,6YIqgghQqnkNne8BKQpW6v,Keisuke Kuwata,波乗りジョニー,3,0,190,29831,85697
4IWAyPf1KMq7JCyGeCjTeH,53XhwfbYqKCa1cC15pYq2q,Imagine Dragons,Whatever It Takes,36,0,57,4445,85206
1brwdYwjltrJo7WHpIvbYt,7vk5e3vY1uw9plTHJAMwjN,Alan Walker,Faded,17,0,88,6021,85115
4QfNOZN7vrQCQKK1ZJ3XPb,0ZED1XzwlLHW4ZaG4lOT6m,Julia Michaels,Heaven,19,0,153,4862,85021
5Qfw76KLvvMgrq6xtajJIO,7Mo0nFEU6E8fGI0P2u7MOl,Yutaka Ozaki,OH MY LITTLE GIRL,15,0,170,8491,84981
6ObpR8ek44tvWefQRcSo8K,0du5cEVh5yTK9QJze8zA0C,Bruno Mars,Calling All My Lovelies,61,0,55,4930,84800
7HC3sppue0re7HPfo5zscF,1vCWHaC5f2uS3yhpwWbIA6,Avicii,You Make Me,7,0,14,24070,84693
1hXdrsESoSGG5fH37BrNqE,7k73EtZwoPs516ZxE72KsO,ONE OK ROCK,20/20,49,0,56,3279,84573
63VoKS9ZgCDoNpayR3FMbE,4rb8SzjtiWT9v4wZNdIuOL,白膠木簓(CV:岩崎諒太),Tragic Transistor,5,0,57,23905,84521
0egyL8W77AvYxrg5LtkdNo,7k73EtZwoPs516ZxE72KsO,ONE OK ROCK,the same as...,70,0,65,1828,84392
5SUyhsB9p3OV6dgA9Vfqnr,0PYPjvZaOa7bsCq26JOX8d,VK Blanka,Stray Cat,30,0,68,3790,84367
2UYBoHQfheo5OtnjRd9by1,6ovZjMkK5p5dWzQeLDDIcF,稲村オーケストラ,希望の轍,4,0,53,29999,84294
4QPEwDdOMhY7rNS05mTyMR,2SrSdSvpminqmStGELCSNd,Stormzy,Own It,6,0,140,15698,84149
4nRyCgxdDjjeAFzTFclctd,61H9d7hbIfFNxJJQmIL9AJ,Kinokoteikoku,愛のゆくえ,43,0,50,3434,84045
0P6AWOA4LG1XOctzaVu5tt,7tYKF4w9nC0nq9CsPZTHyP,SZA,The Weekend - Funk Wav Remix,18,0,110,5548,83877
1F85DC5oFhzUQelqEjnxhN,2N19kPGlqKY8GiyE4DkAtp,Little Glee Monster,だから、ひとりじゃない,33,0,91,4076,83459
7yYZjQsv5lLknGVlep1uIh,1g51NlHKUXlgfvGP22m0uD,J SOUL BROTHERS III,J.S.B. LOVE,47,0,66,2618,83342
4PzuvqkAOij5AKjVF4f1gK,7JthQ6zwNzfxRfIEjp6wUs,HIRAIDAI,Good One,3,0,127,30629,82987
2tlIAdIEz48hSVRVAycW0Q,0aD7NQx7yauKlVDnqOxk6q,AI,ミラクル,45,0,43,2468,82981
0TMGV2zMZXOILVtQLtkI3G,2jnIB6XdLvnJUeNTy5A0J2,Why Don't We,What Am I,7,0,168,12759,82590
1EaKU4dMbesXXd3BrLCtYG,2YZyLoL8N0Wb9xBt1NhZWg,Kendrick Lamar,ELEMENT.,28,0,42,3861,82446
77GcYr9JP6uvJM0kPa6Nzk,0SCbttzoZTnLFebDYmAWCm,Glee Cast,Jingle Bell Rock (Glee Cast Version),10,0,60,16733,82305
6iMhii6Uf7TO24LRIl6qxu,0UZq6vAHrwGgctvxTzzxYm,Tokyo Ska Paradise Orchestra,明日以外すべて燃やせ,10,0,70,10245,82207
2ChSAhdQmJpHgos2DQP6cI,4QvgGvpgzgyUOo8Yp8LDm9,Mrs. GREEN APPLE,アンラブレス,2,0,186,41148,81973
3tRunVnKgrnK0fdNLEXMlq,1EowJ1WwkMzkCkRomFhui7,RADWIMPS,SHIWAKUCHA,3,0,170,28249,81725
4CV3yauEfKZObKt1Zp2hgy,1LQQtqc1vQ1neUgZrjYlEU,Yumi Matsutoya,真夏の夜の夢,13,0,116,7300,81678
4Q8aDd3H6LF8t4eY7So9O8,64KEffDW9EtZ1y2vBYgq8T,Marshmello,Light It Up,9,0,109,10271,81600
2dThVzsCkB0L8tWFvQH53N,7nqOGRxlXj7N2JYbgNEjYH,SEVENTEEN,今 -明日 世界が終わっても-,2,0,156,42515,81569
4surVvsHbG2t1KQ65jn3MG,1YLxQZIGsaZq9rvFu8zeRz,Sayuri,フラレガイガール,61,0,70,1959,81519
0Qie3z4SQZzg2N569rPQOf,3yzQHdj9G34CVZ5rVUDrOM,Crystal Kay,Faces,34,0,52,3301,81462
3l8yQMdniG6Os8gUBNXV57,3Nrfpe0tUJi4K4DXYWgMUX,BTS,Outro: Her,17,0,56,6645,81435
5LmFIIgoxJsSuimN8UBPzc,2KpK4apOMD6evPHoPggSVF,LEX,STRANGER,3,0,160,27615,81316
3vjGM4SVWYwEg12ccHdGqw,2XMxWKPKCxoLkSdpCViCnr,Perfume,Future Pop,15,0,141,6337,80937
6I2Xl5fZP0tdFOUjgekK4p,1EowJ1WwkMzkCkRomFhui7,RADWIMPS,ふたりごと,2,0,138,59864,80743
5EXJyRqlfZX7hXwUsbb9YQ,0mP8A1qIoufScrsxq18Cw6,PUNPEE,Renaissance,23,0,129,4144,80740
6rQSrBHf7HlZjtcMZ4S4bO,1vyhD5VmyZ7KMfW5gqLgo5,J Balvin,Safari,51,0,70,2088,80685
0RUTnY2B3s05fZuCHsNaUP,74KM79TiuVKeVCqs8QtB0B,Sabrina Carpenter,Alien,16,0,134,5758,80618
5itOtNx0WxtJmi1TQ3RuRd,7CajNmpbOovFoOoasH2HaY,Calvin Harris,Giant,11,0,121,8702,80554
25HLzK7LscR8bGjZpcJC6n,2mJOGcLR3aCHkM1uAF93or,DREAMS COME TRUE,あなたとトゥラッタッタ♪,10,0,62,10474,80470
73VfCfo6yiozAzMPcCgWY7,7n2Ycct7Beij7Dj7meI4X0,TWICE,Touchdown,38,0,150,2625,80310
7kaFsQygyiCqRboWCXztxZ,0ghlgldX5Dd6720Q3qFyQB,TOMORROW X TOGETHER,Do It Like That,2,0,184,40470,80265
3QwBODjSEzelZyVjxPOHdq,21451j1KhjAiaYKflxBjr1,Zion & Lennox,Otra vez,50,0,63,2166,80035
7BtpvxsRbBApSzlOwl3yeU,4HfuyMMy295oBvbIuXr0v8,GENERATIONS from EXILE TRIBE,ヒラヒラ,5,0,181,16318,79889
0kKUS1VRtirWmoUxpQwqWb,0hCWVMGGQnRVfDgmhwLIxq,sakanaction,セプテンバー -東京 version-,7,0,83,14347,79837
7bcay4ScRXr3xN00E9wYcK,4cSyPcpldERtF4eL3NB9dn,Sunny Day Service,桜 super love(single mix),35,0,52,3482,79553
0donbyfoyQuz1Y5N9dhkxr,79nkC8XZ5ohEVU0Xlf5Ael,SOUTHERN ALL STARS,いとしのエリー,4,0,58,27813,79440
4AhSkRYioEIfGvCV19peYN,6LuN9FCkKOj5PcnpouEgny,Khalid,Suncity,12,0,92,7946,79382
2UaKWE2RbQPGzQVL9eEEs1,0MK8l3nURwwQIjafvXoJJt,ASIAN KUNG-FU GENERATION,Boys & Girls,11,0,67,9401,79204
5jyyPsIGM2yqkZN9R3TmvN,6LuN9FCkKOj5PcnpouEgny,Khalid,The Ways,16,0,108,5598,79032
3HWtMfBo01K7PWYGnubYw3,6E94YMM50nYraxpkixvQuW,THE RAMPAGE from EXILE TRIBE,SWAG & PRIDE,6,0,144,14164,78965
7wBJfHzpfI3032CSD7CE2m,0Y5tJX1MQlPlqiwlOH1tJY,Travis Scott,STARGAZING,14,0,82,7130,78933
6uj5Rk2mm91UuFx3IYlYbC,2vieV6ozoaMtYS6QsuScfn,KERENMI,ROOFTOPS feat. 藤原聡,5,0,190,16414,78932
2NR37gjL3hnpbEBU3NMNXx,4iu3NcU8ZoistQ19d8k9mS,The Hotpantz,Nowhereland(THP Remix),35,0,61,3163,78843
4Y2vcRRawovVeyj4cdYagy,19C24gEiJyfC8b2IhuupfA,SPiCYSOL,Blue Moon,11,0,91,8479,78824
1k255f17DRuRbGrfz5Ifmd,4ClziihVpBeFXNyDH83Lde,UMI,wherever u r (ft. V of BTS),1,0,72,78515,78515
11dFghVXANMlKmJXsNCbNl,6sFIWsNpZYqfjUpaCgueju,Carly Rae Jepsen,Cut To The Feeling,30,0,89,3371,78504
40k5LCBydpXyLZkMulJqzX,3Nrfpe0tUJi4K4DXYWgMUX,BTS,MIC Drop - Japanese ver.,18,0,65,6177,78342
5m29aktEkdDFBiBpDUfVOh,2N19kPGlqKY8GiyE4DkAtp,Little Glee Monster,いつかこの涙が,17,0,102,5550,78284
6T7FXSuXykeGktMLGp8WgE,3hcs9uc56yIGFCSy9leWe7,Lil Durk,All My Life,2,0,195,39178,78075
2SR8QbdNfzA3SUv4rt33sJ,2snm3HmsnDUDxbIChdl2Oj,Justin Hurwitz,Herman’s Habit,42,0,68,2668,78046
5A2ynLbGggLiPWN8jgzT8m,4XFkDALFTsSHVnRtJSsaMN,Number_i,幕ノ内,1,0,93,77822,77822
1o844wI52S3TjXGBwvGcc7,6YVMFz59CuY7ngCxTxjpxE,aespa,Hold On Tight,2,0,183,38951,77484
3KdoeNlEN0BoAKWzaRLNZa,163tK9Wjr9P9DmM0AVK7lm,Lorde,Solar Power,3,0,176,26855,77428
20yOemBpHdn4mCTTxxE9pY,7ovAoJY1WI5kUXRCa35C2I,Ozawa Kenji,彗星,6,0,135,15526,77310
1WOmEg42Mgaz1nRimIMR9C,2snm3HmsnDUDxbIChdl2Oj,Justin Hurwitz,Epilogue,40,0,64,2874,76656
7Gh8VCJsO4kHKW0EhMtdz9,4VIGlACQnSacU0b1HTLA7y,Asako Toki,PINK,41,0,54,3144,76476
76wUTWBAXGl6t7ZhKJMPCc,5bqCpmhZzNzRzzKSbbDkeH,Hi-STANDARD,STAY GOLD,3,0,114,38711,76447
7BgAUdewLF9XfPupx9V4W2,4sWyw0OrBKwmiaPOAuTuig,GLIM SPANKY,吹き抜く風のように,22,0,91,4161,76292
6IUln1rvjlvJbaomRZXaq9,6zGmypGQUBXD4ZC9EbfMme,EXILE,Melody,15,0,133,5791,76256
3d5vcVSrjLoHahrXDq7FQq,4L9VSeE7K3BTBndqEL9A6q,Nissy,Do Do,3,0,195,25923,76041
5FY5XusUqcNTG3xeD9Rr1P,79nkC8XZ5ohEVU0Xlf5Ael,SOUTHERN ALL STARS,クリスマス・ラブ(涙のあとには白い雪が降る),2,0,187,43439,75859
6twol6GKjrxZ4sBr5Xg6WY,6J7biCazzYhU3gM9j1wfid,Jamiroquai,Automaton,42,0,53,3058,75855
4pvb0WLRcMtbPGmtejJJ6y,06HL4z0CvFAxyc27GXpf02,Taylor Swift,exile,4,0,185,19907,75823
3XIHNvOmDcZfxncVRglPxI,1AyWsgtaIgXbzjJlTx2ZDp,AAA,NEW,38,0,58,3041,75745
7L8hkKW4hnemNfuOfEZcle,3Nrfpe0tUJi4K4DXYWgMUX,BTS,Epiphany,12,0,80,8485,75625
1LmWHAYxzwCHBUeS7V33As,2oNStf3CKKLM5lnzELWMcH,Taichi Mukai,Answer,10,0,79,9617,75477
104buTcnP2AsxqB7U1FIZ4,6XyY86QOPPrYVGvF9ch6wz,Linkin Park,Heavy,21,0,14,9203,75405
7mldq42yDuxiUNn08nvzHO,2kucQ9jQwuD8jWdtR9Ef38,Sam Hunt,Body Like A Back Road,40,0,106,2485,75381
4kqSiEVVEdToADnAr95Uhq,19oTSjL9FYG6cemjnNwiuF,negoto,Soramo Toberuhazu,24,0,111,3792,75370
0LtVx5vsq9nfpGsWgjUin6,6kXm2YCtdUOpRYNKeKhfue,Ryan Gosling,City Of Stars,39,0,53,3100,75234
4FZqUouWoxyfTg2rMsx4nX,79nkC8XZ5ohEVU0Xlf5Ael,SOUTHERN ALL STARS,勝手にシンドバッド,4,0,61,27021,75234
0ANHH9UrhsOuCJutYAkj3z,6whFEcaV75AmQMiwlfaxvc,QUEEN BEE,Shitsurakuen,33,0,57,3254,75181
0ygy76DNIhBxA21EtboW5G,2v3eFzDOUnyWP1drW2dPTp,Chara,Sweet Sunshine,45,0,57,2558,75045
7MIxSzF7aHMOp8uj2zZWX6,5gQfS44pvyhZgFW8ErPyIu,DAOKO × 中田ヤスタカ,ぼくらのネットワーク,9,0,76,9595,74900
2dHHrb7PVObPb4YWxGilXZ,201LkKsQx7d0xFVRWOV4gQ,MOMO,Bouquet,2,0,186,37530,74886
3XHJUG5I2zYqOEmEZUX68n,2dIgFjalVxs4ThymZ67YCE,Stray Kids,Thunderous,3,0,184,25277,74861
5Lv0iSBtzwULPjjQLKbdZO,4UTEZqrPqLDOhBfraPNciJ,Daichi Miura,片隅,8,0,115,10391,74536
0ENSn4fwAbCGeFGVUbXEU3,4dpARuHxo51G3z768sgnrY,Adele,Hello,49,0,41,3693,74522
3D1rlKmZdpYUeMtRRLNawc,4WN5naL3ofxrVBgFpguzKo,Rudimental,Let Me Live,15,0,129,5759,74261
6cmXx0t9LrduY4TDrvfB03,2xfxRiKxoHl5tI0MKyvqV7,&TEAM,Go in Blind (月狼),1,0,96,74159,74159
6gh19EowbTPTn32pofXjvO,2ZjWbNQAjL74Pf4aqikIz2,Shota Shimizu,My Boo (Acoustic ver.),35,0,51,3420,74136
0idhExUjnjy7SKveejhupN,0ySFZq3Wd0SQUyJUzmJAeb,sumika,Shake & Shake,3,0,173,25502,73912
1AI7UPw3fgwAFkvAlZWhE0,6eUKZXaKkcviH0Ku9w2n3V,Ed Sheeran,Take Me Back to London,6,0,93,14669,73861
3TjwG7Kjux2C1XQU9igPbm,0PYPjvZaOa7bsCq26JOX8d,VK Blanka,Take me Take out,29,0,52,3662,73609
5SIpAgIb0L1Yc89KH2EhsT,2dIgFjalVxs4ThymZ67YCE,Stray Kids,Youth (Lee Know),1,0,80,73576,73576
2nLtzopw4rPReszdYBJU6h,6XyY86QOPPrYVGvF9ch6wz,Linkin Park,Numb,13,1,9,9989,73322
5kaqm7BLiI7OoObggzfwfQ,7i9bNUSGORP5MIgrii3cJc,B'z,ギリギリchop,2,0,93,41461,73244
7b1nJaOmQowF0ySjQuCrHw,7k73EtZwoPs516ZxE72KsO,ONE OK ROCK,Start Again,43,0,64,2944,73238
19oxKZQilcf3pGhduW6TPg,5tzXe29CBmoCiUGwpfYAct,H Jungle With t,WOW WAR TONIGHT〜時には起こせよムーヴメント〜 - TWO MILLION MIX,15,0,127,5647,73220
1NIzw8VBmRDLo4Fi5Vh5Qy,1HzcHe0WFm4koBalCEOkVh,SIRUP,Maybe,14,0,150,5756,73041
1nw6x7S2DhMR3VX3eDDDxO,1XYuC1vxinTjHCNd5clB8C,ARASHI,いつか秒針のあう頃,3,0,166,26984,72935
6RI4vcMGJk6cqAuipV7soH,1XYuC1vxinTjHCNd5clB8C,ARASHI,Crazy Moon~キミ・ハ・ムテキ~,4,0,104,23095,72857
2wMPetZBHottu1rDc0CrQv,5RSxs4Rb82wINvjv5KJ7JK,Taro Urashima,お家をつくろう,11,0,101,7665,72702
1ep3vnJjjHqXySMAYro0kN,1XYuC1vxinTjHCNd5clB8C,ARASHI,誰も知らない,4,0,100,23412,72695
4yBciZ52BnlfqsbwmRKKKp,1S2S00lgLYLGHWA44qGEUs,Gen Hoshino,Week End,5,0,60,20912,72538
161DnLWsx1i3u1JT05lzqU,0du5cEVh5yTK9QJze8zA0C,Bruno Mars,Talking to the Moon,50,0,136,1733,72522
5XWCc9wQes7X5uyYH9h5JR,6MDME20pz9RveH9rEXvrOM,Clean Bandit,Baby,11,0,104,7733,72176
7LiUm2lhAw55f51sYATpyZ,79nkC8XZ5ohEVU0Xlf5Ael,SOUTHERN ALL STARS,涙のキッス,3,0,111,38296,72155
2aLyqA8WD8TxoLaKBYgdOu,7fD1pCIsnPsUt6mHizHGnt,CHIAKI SATO,Lovin' You,8,0,95,10533,72081
07uivRw9i8NFjQbxZQu6g7,2vjeuQwzSP5ErC1S41gONX,CHANMINA,ボイスメモ No. 5,5,0,181,15102,71985
2eAZfqOm4EnOF9VvN50Tyc,4O15NlyKLIASxsJ0PrXPfz,Lil Uzi Vert,The Way Life Goes,20,0,109,4036,71945
68FitshLHaAaDnoyAsq8L5,7n2Ycct7Beij7Dj7meI4X0,TWICE,YES or YES - Japanese ver.,9,0,153,8602,71833
4r9hiElqKWMPT4Z3vN2exq,6kXm2YCtdUOpRYNKeKhfue,Ryan Gosling,A Lovely Night,41,0,71,2478,71562
1v9EovC0CD8tKq88ZEI3Ri,1XYuC1vxinTjHCNd5clB8C,ARASHI,Everything,4,0,108,22901,71434
3xzNsww5yJOad8q2DtkbTe,0FcX6LktU0zirOd1u2cgpR,Kazunari Ninomiya,Pretender,2,0,110,40015,71379
7IHOIqZUUInxjVkko181PB,2wY79sveU1sp5g7SokKOiI,Sam Smith,Stay With Me,48,0,83,5203,71038
5MeWLqxE0fiAcn6KpXc5y4,1XYuC1vxinTjHCNd5clB8C,ARASHI,Endless Game,4,0,122,22022,71021
5Y35SjAfXjjG0sFQ3KOxmm,7tYKF4w9nC0nq9CsPZTHyP,SZA,Nobody Gets Me,2,0,174,36735,70978
0tJmd8OMwEBesfTsvuGayw,6bDWAcdtVR3WHz2xtiIPUi,Fujii Kaze,罪の香り,3,0,134,27390,70774
0bnyULRGhum5MWVBNtSMcI,6zGmypGQUBXD4ZC9EbfMme,EXILE,PARTY ALL NIGHT 〜STAR OF WISH〜,13,0,78,6361,70759
5nvqqLZu75jMK31gDytANZ,3PWp9R5HvbQgxI5KBx5kVd,KANA-BOON,Fighter,42,0,99,2083,70535
3c3XJ9P1BjOtmNXKvdVyHK,1vCWHaC5f2uS3yhpwWbIA6,Avicii,For A Better Day,6,0,16,21249,70466
3wFLWP0FcIqHK1wb1CPthQ,66CXWjxzNUsdJxJ2JdwvnR,Ariana Grande,fake smile,7,0,80,10900,70368
6yGKx4J9UdMp7tcaGXWzDj,3Nrfpe0tUJi4K4DXYWgMUX,BTS,Best Of Me - Japanese ver.,9,0,60,10295,70358
7hl3evXTGPGAWNQDB0TIRG,2AwGvrbcvOSx5HDwc4OQE3,SALU,WALK THIS WAY,28,0,54,3544,70321
3eMuFATfIA8upsuKc9JN6Y,2UEnhov0KDPYU2dmGUjfcn,w-inds.,We Don't Need To Talk Anymore,38,0,70,2693,70192
3NQUOHGHHvTR6EzlyhA3Fj,6CKN3GUiWMrESH1RKn3ecz,E-girls,All Day Long Lady,44,0,72,2378,70137
6sBWmE23q6xQHlnEZ8jYPT,3PhoLpVuITZKcymswpck5b,Elton John,Step Into Christmas,4,0,108,34039,70072
2YyxBmzk2l7NzyBakN3TdM,5W7F9IM2vsR9EDCk5T2Uqz,Yumi Arai,ひこうき雲,11,0,95,7950,70062
4FZcuBGOjwjr8RMghXgiTH,7JthQ6zwNzfxRfIEjp6wUs,HIRAIDAI,EndlessSky,4,0,187,18118,69884
3pIigjAWkzwAonXpJ1fmSF,69GGBxA162lTqCwzJG5jLp,The Chainsmokers,Everybody Hates Me,12,0,73,8517,69867
7kp6sxHL7YcjbEwDvcSvYj,1XYuC1vxinTjHCNd5clB8C,ARASHI,Step and Go,4,0,123,21945,69410
7lybcbFTGJmaZgW0MceAKu,1XYuC1vxinTjHCNd5clB8C,ARASHI,風の向こうへ,4,0,120,22117,69339
6DzhwzfaWxPd3T2ELBw4ZC,1xCdTZ5Wu70H6YwsmpgmHg,THE YELLOW MONKEY,天道虫,10,0,113,8435,69225
3TKpJrY9q49Mj1JOsM9zGL,69GGBxA162lTqCwzJG5jLp,The Chainsmokers,Family,5,0,151,14485,69195
6X6SdJzxyw7GzxwP2fr9WV,4ScCswdRlyA23odg9thgIO,Jess Glynne,All I Am,11,0,114,7366,69158
0a2J5jdbWJTVs9G8ett9J7,6whFEcaV75AmQMiwlfaxvc,QUEEN BEE,金星 Feat.DAOKO,34,0,60,2918,69154
5gcA28rUaSsEOM5g7Q5wF5,2snm3HmsnDUDxbIChdl2Oj,Justin Hurwitz,Planetarium,38,0,67,2701,69119
7yHrFu8cRvMxwQ8N6Bl9J7,0eQSoTI7sQENREQM8Klp2j,Hinatazaka46,アザトカワイイ,3,0,147,25323,69058
5kRPPEWFJIMox5qIkQkiz5,6KImCVD70vtIoJWnq6nGn3,Harry Styles,Sweet Creature,26,0,37,5946,69019
2bNrvWD9d5Zn9tS8XvcaMk,1vCWHaC5f2uS3yhpwWbIA6,Avicii,I Could Be The One (Avicii Vs. Nicky Romero) - Nicktim / Radio Edit,6,0,17,20868,68979
2wKZpvZGtuOuh8NEO940Ho,6Gem5Nh6gd9PCtWdzR7Odh,04 Limited Sazabys,Milestone,10,0,86,8237,68878
4DPvj7gOATIuNxWy4Gl6bI,1XYuC1vxinTjHCNd5clB8C,ARASHI,Breathless,4,0,127,21472,68796
5IidVo2WSViRqZHppeAPnI,3vlAUneucinIokaOUeYbrv,JAY'ED,Everybody - PKCZ® Remix,26,0,68,3251,68790
7keyH84kNCdYq6LVRMni3Z,1XYuC1vxinTjHCNd5clB8C,ARASHI,青空の下、キミのとなり,4,0,130,21285,68629
5sJ9NlDe0o19YdpSpXndJz,5l7Uyt1IiYk8l93ohXiQd6,EXILE THE SECOND,Summer Lover,29,0,109,3070,68602
6bioW1LHzS92xtmWT6NeWl,6bDWAcdtVR3WHz2xtiIPUi,Fujii Kaze,“青春病”,2,0,115,36783,68320
6Ce9RYQao4OMxV6W0DtCkz,6TDMbiQCWeMClsMr9ORLRK,aiko,Milk,3,0,69,29505,68304
24ntcqBHV6PpbGLgXdkv3e,0VPLGnexd8K6BGbpLiPPVj,Flower,たいようの哀悼歌,23,0,101,3845,68275
3E48Y35XFbd54jBoEnb9E1,7i9bNUSGORP5MIgrii3cJc,B'z,裸足の女神,2,0,105,38261,68259
7IeoEVVNdCXHeILYk2Yxsr,3Nrfpe0tUJi4K4DXYWgMUX,BTS,IDOL - Japanese ver.,5,0,84,22534,68200
59OVM3kQEOwKpTXgrQox1N,5r1tUTxVSgvBHnoDuDODPH,IZ*ONE,Buenos Aires,7,0,173,10785,68169
306etThf387MiZ39B6xvKB,38WbKH6oKAZskBhqDFA8Uj,ZUTOMAYO,ヒューマノイド,8,0,67,10279,68149
7AQim7LbvFVZJE3O8TYgf2,15UsOTVnJzReFVN1VCnxy4,XXXTENTACION,Fuck Love,20,0,116,5237,68116
1IRwNWiB2aDEoSdUgjJmay,0blbVefuxOGltDBa00dspv,LiSA,dawn,3,0,187,23277,68115
5o0fSuVtXxope8AkapnG5l,7n2Ycct7Beij7Dj7meI4X0,TWICE,The Best Thing I Ever Did,9,0,98,9007,68108
3ToOLGmjcYxZ7SA9u9IU7K,6le80R1opKnTlP4o3KvA2k,Uru,そばにいるよ,2,0,193,34255,68082
39vePmrWVXcFn9jfIBxhw3,79nkC8XZ5ohEVU0Xlf5Ael,SOUTHERN ALL STARS,愛はスローにちょっとずつ,4,0,82,22832,68018
5Ndy8pUJnRXbANoJtqvht1,4HfuyMMy295oBvbIuXr0v8,GENERATIONS from EXILE TRIBE,少年,8,0,56,10796,67982
4gavOCQdZ2g86gkvi17FM7,4STHEaNw4mPZ2tzheohgXB,Paul McCartney,Wonderful Christmastime - Remastered 2011 / Edited Version,14,1,8,16971,67884
3AsAuGTaDQzavZZThyYlop,5H6xmHXjsq98NLbEjuE29f,NEIKED,Sexual,35,0,50,2656,67828
1xVtyFtguoNFBiNJ2DxqxR,7i9bNUSGORP5MIgrii3cJc,B'z,きみとなら,2,0,113,36804,67718
0vtqJbVtX5wvfXtTxzbrng,7i9bNUSGORP5MIgrii3cJc,B'z,"love me, I love you",2,0,108,37394,67697
0ORoKPxMlB2U0AhxATDDEN,2koP6FEfIEVk4l2Fe6jFhu,JO1,16(Sixteen),2,0,170,36240,67603
6qNALlmZa1ESnCxJmXE1K9,6VuMaDnrHyPL1p4EHjYLi7,Charlie Puth,The Way I Am,11,0,80,7879,67496
2lxv90ROQ70YuVlfXsV3a9,6TDMbiQCWeMClsMr9ORLRK,aiko,Andromeda,3,0,64,30159,67481
4MdcsdRj7i8eBm0qFjO4L4,0C8ZW7ezQVs4URX5aX7Kqx,Selena Gomez,Feel Me,4,0,160,17644,67433
6RS6rcjnWrdfVuu2U2W2dj,2wUjUUtkb5lvLKcGKsKqsR,Alessia Cara,Make It To Christmas,3,0,96,26637,67388
74Ru27B7Jx8mBt5MGvGLLv,0jNDKefhfSbLR9sFvcPLHo,San Holo,Light,48,0,81,2185,67308
66VenHDtrQAw7FCjyF2J56,7n2wHs1TKAczGzO7Dd2rGr,Shawn Mendes,The Christmas Song (Shawn Mendes & Camila Cabello),2,0,111,38223,67305
2bhXXPeTIqsx6AyMbJQYey,7hAHFeP5IiecsxxczqKt0U,AKKOGORILLA,黄熱病 -YELLOW FEVER- × STUTS,37,0,63,2891,67251
05UFNH7Htp7Odg9XGhxtxQ,58oPVy7oihAEXE0Ott6JOf,Eve,ファイトソング,1,0,74,67205,67205
1XRgIKC5TPwo7nWGyKqgG0,13y7CgLHjMVRMDqxdx0Xdo,Gucci Mane,I Get The Bag,20,0,132,3774,67042
22eADXu8DfOAUEDw4vU8qy,0qTZZWLzuD59Un5r1speHm,Chris Jedi,Ahora Dice,30,0,122,2616,66905
1Pz3QmQFBFuI60rxCQBeW6,69GGBxA162lTqCwzJG5jLp,The Chainsmokers,Kills You Slowly,8,0,136,8950,66800
181RH3VgVpsuEu5Q62Ubz4,2FzqIT8JP1gd3Tlo6ix1fT,tofubeats,BABY,32,0,54,3185,66683
2Mf4WM0Ek5JjbolrOtjLgi,0d4XqzcMpgP6eQZ6TIW2pI,My Hair is Bad,瞳にめざめて,2,0,176,33430,66616
5sbooPcNgIE22DwO0VNGUJ,4gOc8TsQed9eqnqJct2c5v,K/DA,POP/STARS,9,0,100,8162,66581
1SaPh9JIrCHwS6iOreDysP,0hCWVMGGQnRVfDgmhwLIxq,sakanaction,ユリイカ (Shotaro Aoyama Remix),6,0,92,13452,66422
2WyRfGeHo97VC5mP1BBSzr,5YGY8feqx7naU7z4HrwZM6,Miley Cyrus,Mother's Daughter,7,0,114,10287,66235
5R0cvR5BMFkLomChhmcCzr,41MozSoPIsD1dJM0CLPjZF,BLACKPINK,Kick It,7,0,90,10988,66096
7uqJ3N5wiISiyzkQMMCeMR,0hCWVMGGQnRVfDgmhwLIxq,sakanaction,グッドバイ,6,0,99,13112,66084
4O2DFidmTVlXxumJlkPa7q,5Vo1hnCRmCM6M4thZCInCj,OFFICIAL HIGE DANDISM,夏模様の猫,3,0,165,24009,66013
2c0VhomwRmzPNH8COaX3Zw,7i9bNUSGORP5MIgrii3cJc,B'z,衝動,2,0,112,36979,65613
1WP9sdevLdkeFeUKV84BK3,3D73KNJRMbV45N59E8IN0F,Mika Nakashima,Koi Wo Suru,41,0,95,2199,65485
6VMxgM0R4HZCmOAnr7w3dh,6H3niqx3EU1Cg14nMe0PhN,AYA A.K.A PANDA,Show Me Love,8,0,140,8982,65467
7yTsMH1V6kRoCcpFjQD8Vs,5Vo1hnCRmCM6M4thZCInCj,OFFICIAL HIGE DANDISM,ブラザーズ,5,0,188,15726,65349
5DxAhb8SMoEZY8t6zp5qst,0O0hxUrO2PKxZknken3R24,Suchmos,YMM,42,0,101,3118,65346
6vAB3Xn0c4VpckLM9SQ8Pq,0ghlgldX5Dd6720Q3qFyQB,TOMORROW X TOGETHER,Drama - Japanese Ver.,3,0,180,22465,65277
61QfjVl3jKT6aBGOE3vIXS,5YVpCleE4Ysa6YRa66nzIN,DADARAY,イキツクシ,35,0,68,2718,65265
0lFlmqs2Vhwzq92XoHxeQl,0Ti7MfCiVVQAK8zLSiqlto,Sakurazaka46,UDAGAWA GENERATION,1,0,112,65186,65186
4CpKEkdGbOJV51cSvx7SoG,3TVXtAsR1Inumwj472S9r4,Drake,Controlla,33,0,51,2823,65171
1gkMRPtiFmuEIZxJ1QVjhg,4wCW8kZ8LL7QIdcE8EOKPP,BE:FIRST,Be Free,2,0,142,33253,65074
12mGwph2YzDIlChtq3EdXP,64KEffDW9EtZ1y2vBYgq8T,Marshmello,Alone,8,0,109,9598,64981
01RKFtr3m02BFQYL2OOzmF,1S2S00lgLYLGHWA44qGEUs,Gen Hoshino,私,4,0,72,24252,64893
60a0Rd6pjrkxjPbaKzXjfq,6XyY86QOPPrYVGvF9ch6wz,Linkin Park,In the End,11,0,11,9706,64847
4s1yOhfM3hh3eXLURUhA4U,4iu3NcU8ZoistQ19d8k9mS,The Hotpantz,Shadyman,39,0,83,2314,64783
2U8jF9oSHrBm0r3TSnQs3r,6whFEcaV75AmQMiwlfaxvc,QUEEN BEE,Half,12,0,113,5971,64672
1KeZgPUr54C8iz3FjqzVoz,69GGBxA162lTqCwzJG5jLp,The Chainsmokers,Young,29,0,30,5359,64665
74ODGXs4byLTRdnKGM4s6E,49tQo2QULno7gxHutgccqF,LANY,Super Far,26,0,128,3199,64531
3KuYASit1hREoEMM5qeRwZ,7i9bNUSGORP5MIgrii3cJc,B'z,FMP,1,0,136,64383,64383
7e2oFZqJWr1fbG6CLH4srC,1snhtMLeb2DYoMOcVbb8iB,Kenshi Yonezu,眼福,2,0,108,36196,64288
1r8g5ZAlyv3aeToh9JfUUW,4iu3NcU8ZoistQ19d8k9mS,The Hotpantz,Jingle Mingle Lover,25,0,13,5724,64123
2lWwupKSHPNLmCfuZ3ZHav,1S2S00lgLYLGHWA44qGEUs,Gen Hoshino,Dead End,1,0,118,64060,64060
7fjScvBToesSyFhEE85S7P,7i9bNUSGORP5MIgrii3cJc,B'z,恋心 (KOI-GOKORO),2,0,121,35632,64038
6mzTuMlbCgEtoCitsszlqP,1vCWHaC5f2uS3yhpwWbIA6,Avicii,What Would I Change It To,13,0,42,12516,63988
3vv9phIu6Y1vX3jcqaGz5Z,69GGBxA162lTqCwzJG5jLp,The Chainsmokers,Roses,50,0,80,2065,63860
3H7ihDc1dqLriiWXwsc2po,0u6GtibW46tFX7koQ6uNJZ,Topic,Breaking Me,3,0,189,21869,63855
2iFpk2lHYW6cH7i4p52AY4,0hCWVMGGQnRVfDgmhwLIxq,sakanaction,ユリイカ,6,0,115,12158,63763
285pt0UtBFSim3KgeL5Lsb,7lbSsjYACZHn1MSDXPxNF2,Hikaru Utada,誰にも言わない,2,0,147,32883,63675
1omYWGttZE06eeaE7TaGsB,0SCbttzoZTnLFebDYmAWCm,Glee Cast,Deck The Rooftop,1,0,137,63423,63423
2pXpURmn6zC5ZYDMms6fwa,5v8jlSmAQfrkTjAlpUfWtu,Perry Como,It's Beginning to Look a Lot Like Christmas,3,0,122,50879,63374
4mlOZkNUUTsod7qlbsNdIL,1pnciyHx1BO7b1EqyatTrx,D.A.N.,SSWB,40,0,54,2494,63294
3mJokhRGLnp4KThkojsBzt,2koP6FEfIEVk4l2Fe6jFhu,JO1,無限大(INFINITY),4,0,167,16412,63289
4lD7gHKF1e8Y9stQuVezZB,66CXWjxzNUsdJxJ2JdwvnR,Ariana Grande,ghostin,7,0,101,9819,63257
6Z884oSfliz0mKqTJTXrwb,3vbKDsSS70ZX9D2OcvbZmS,Beck,Up All Night,20,0,104,4166,63216
0yuUlJMLqflbcXQdJjkHLS,072YnMT5EniZhvDssXL2VB,m-flo loves Sik-K & eill & 向井太一,tell me tell me,4,0,187,16304,63151
6NVjujGb9fnl25fjzm5dTy,1vCWHaC5f2uS3yhpwWbIA6,Avicii,Freak,5,0,53,16757,63053
07sqtGCWKNXhFEBg28zZ8U,7i9bNUSGORP5MIgrii3cJc,B'z,BAD COMMUNICATION,2,0,133,33673,62979
1pfZ0POxTGl7JbQyCdst5Q,0hSFeqPehe7FtCNWuQ6Bsy,BUMP OF CHICKEN,記念撮影,5,0,68,16842,62902
63p3OZUc7XQ6ZdG4tcE6xY,1EowJ1WwkMzkCkRomFhui7,RADWIMPS,狭心症,1,0,151,62888,62888
05fuWARtOqZgc1mzjf5l0C,1snhtMLeb2DYoMOcVbb8iB,Kenshi Yonezu,恋と病熱,2,0,113,35061,62690
7pmr5DFBkERL6ULwCfc8V4,1snhtMLeb2DYoMOcVbb8iB,Kenshi Yonezu,Deshomasho,2,0,111,35226,62690
70khXICDeTTxgYtw3EysKH,66CXWjxzNUsdJxJ2JdwvnR,Ariana Grande,sweetener,9,0,72,8582,62532
0aRPz0c89bqxTA5spi8iZ7,1LQQtqc1vQ1neUgZrjYlEU,Yumi Matsutoya,守ってあげたい,9,0,91,9048,62490
26AuyrZGzWWiYZPSd3XBIg,69GGBxA162lTqCwzJG5jLp,The Chainsmokers,Bloodstream,23,0,16,6398,62483
4PLqWhF6VGvKDYUe4ndHvy,1ZFfhzyXjPvbzSYPlCIwo3,timelesz,Message from 松島聡,1,0,124,62466,62466
6dPDTwIXg6X6Dff3WVV21a,7HwzlRPa9Ad0I8rK0FPzzK,SEKAI NO OWARI,LOVE SONG,7,0,124,9815,62287
4GuaN5aBRpCy2AV7SDoaA3,2oNStf3CKKLM5lnzELWMcH,Taichi Mukai,空,18,0,110,4671,62273
0iCvvemieCyzNOD2xNzjil,2dIgFjalVxs4ThymZ67YCE,Stray Kids,Photobook,1,0,143,62255,62255
7iXrqFaV5tK4Fri4mrO8jP,7n2Ycct7Beij7Dj7meI4X0,TWICE,FIREWORK,3,0,101,24975,62205
5kfNriitmkNE8mUbZ7gbq8,6LuN9FCkKOj5PcnpouEgny,Khalid,Saturday Nights,9,0,127,7815,62142
7h9VvdEslJuj8NpSWpyi6Q,7i9bNUSGORP5MIgrii3cJc,B'z,ねがい,2,0,126,34701,62070
6jreFSOTUAViWjKyzOC4Kg,4AVFqumd2ogHFlRbKIjp1t,Alesso,REMEDY,11,0,161,6032,62050
7bvuN9ucpVdg68uuQZbWJj,2XMxWKPKCxoLkSdpCViCnr,Perfume,FLASH,9,0,132,13254,61967
5N1o6d8zGcSZSeMFkOUQOk,181bsRPaVXVlUKXrxwZfHK,Megan Thee Stallion,Hot Girl Summer,6,0,158,10949,61666
421YV4dHoOY8HaU6nHAuks,1snhtMLeb2DYoMOcVbb8iB,Kenshi Yonezu,シンデレラグレイ,2,0,117,34361,61656
26E5DkSFtAvATrzPnzWuvC,4L9VSeE7K3BTBndqEL9A6q,Nissy,Trippin,2,0,159,31748,61644
1tkg4EHVoqnhR6iFEXb60y,0eDvMgVFoNV3TpwtrVCoTj,Pop Smoke,What You Know Bout Love,3,0,195,20884,61609
25eQea2tq7ELnlcdCEqkJA,77SZmOd2zA3L3n9x697iWb,Naoto Inti Raymi,恋する季節,9,0,131,11149,61573
4VP8AmnhK717VOP6QRpJfW,7k73EtZwoPs516ZxE72KsO,ONE OK ROCK,NASTY,1,0,120,61570,61570
6JlqZHeCFdV6cl9DtSZhR2,0Ti7MfCiVVQAK8zLSiqlto,Sakurazaka46,Unhappy birthday構文,1,0,137,61496,61496
6PDfGfud0mJtpBbCmL7aBu,6TDMbiQCWeMClsMr9ORLRK,aiko,Straw,3,0,82,26189,61494
2YWtcWi3a83pdEg3Gif4Pd,06HL4z0CvFAxyc27GXpf02,Taylor Swift,I Think He Knows,5,0,113,13871,61430
2T82cziV2Z3Xl8g9icUSDx,1XYuC1vxinTjHCNd5clB8C,ARASHI,One Love : Reborn,3,0,68,25905,61380
0wbnC9AUenxp613TYaJsGK,6oMuImdp5ZcFhWP0ESe6mG,Migos,Narcos,13,0,123,5587,61298
1X1BrTxo2C77VnyEkBJm21,7n2Ycct7Beij7Dj7meI4X0,TWICE,LUV ME,18,0,125,4160,61193
7KOlJ92bu51cltsD9KU5I7,6oMuImdp5ZcFhWP0ESe6mG,Migos,T-Shirt,29,0,69,2403,61072
0EdTExSD3hku93Iee2UhKY,5COMNbVWoe1Kb5UTFAaUwF,SOIL & “PIMP” SESSIONS,comrade,10,0,93,7206,61007
3gGHAScxUDsJqcAM6ZvjuH,5y2Xq6xcjJb2jVM54GHK3t,John Legend,Start A Fire,36,0,80,2291,60887
0viGbbEJ9xV6qNJsTaXruz,7gOdHgIoIKoe4i9Tta6qdD,Jonas Brothers,I Need You Christmas,2,0,135,34543,60772
6Uf2xU2SPEvChAP6Ifk3gn,4mcsxXTo5xt1vi48nRg0qe,RICKY,Salvation (Inst),1,0,150,60676,60676
2ofZmsQptNzgUfmbNlnPYI,7nqOGRxlXj7N2JYbgNEjYH,SEVENTEEN,My My,3,0,119,23266,60645
4bcTGxE7oljiiStL4jItFB,6YqdtpUutxodni6lUD4stM,WANIMA,宝物,5,0,158,13350,60510
0sdbFOyfgAhAhWq8DpzkaW,66CXWjxzNUsdJxJ2JdwvnR,Ariana Grande,the light is coming,10,0,91,7264,60278
69Naniu2KjKjaQOBUagE8U,163tK9Wjr9P9DmM0AVK7lm,Lorde,"Homemade Dynamite (Feat. Khalid, Post Malone & SZA) - REMIX",21,0,134,3308,60268
4PkIDTPGedm0enzdvilLNd,0X2BH1fck6amBIoJhDVmmJ,Ellie Goulding,Sixteen,7,0,150,9565,60181
4LmAnpjlhWTahvRkYR8xJa,5IcR3N7QB1j6KBL8eImZ8m,ScHoolboy Q,X,13,0,102,5750,59651
0muMmFeWZnYzPyvld49ITg,1snhtMLeb2DYoMOcVbb8iB,Kenshi Yonezu,Fogbound,2,0,120,33752,59631
7MmaedtcfcQoIGRpEjiH0U,0ghlgldX5Dd6720Q3qFyQB,TOMORROW X TOGETHER,Beautiful Strangers - Japanese Ver.,1,0,128,59274,59274
27356GVuMPFWiJSZCragoM,66CXWjxzNUsdJxJ2JdwvnR,Ariana Grande,make up,7,0,112,9536,59251
6ohODANPzvTMo4E7kxXulg,1snhtMLeb2DYoMOcVbb8iB,Kenshi Yonezu,Paper Flower,2,0,122,33284,59053
0WCEaydwN65cvwaW8aqptF,188VINPQh5dyNfLUkevKqf,Olivia Holt,History,48,0,103,1486,58936
5LCHehf37b64IBHggD6xQf,4NZJF1Qong0IAWBRE2EjTr,Huwie Ishizaki,あいもかわらず,2,0,181,29684,58890
78CLS3KSLe3oYvJQ7qCEqj,6ptdMFoqgQZRoccAYK9Opd,hachi,結んで開いて羅刹と骸 - ORIGINAL,2,0,121,33679,58855
6lvjkI4I29oOmoTzr1jLPW,2NKadilSWCwuqGp5QoDeUS,ZARD,負けないで,2,0,135,31320,58765
5o5gR6R356cbWbz2mVGiZN,7JthQ6zwNzfxRfIEjp6wUs,HIRAIDAI,tonight,29,0,135,2555,58736
0zOnQNrG4lsxDyniRuWtcA,1nzId6SLDDTUTRV7lNbgxp,King & Prince,染み,1,0,151,58695,58695
0y0Z21uq47bjuAc372VIOQ,7unNuvk3OEqGmegHTaxRA9,JUDY AND MARY,クリスマス,8,0,71,18929,58690
4y5bvROuBDPr5fuwXbIBZR,06HL4z0CvFAxyc27GXpf02,Taylor Swift,Paper Rings,5,0,121,13030,58659
5bUWFHUTbXQcmqI6vWL62j,1EowJ1WwkMzkCkRomFhui7,RADWIMPS,グランドエスケープ,3,0,111,22876,58627
045vckAeaQEbJ3vmatyBWt,7n2Ycct7Beij7Dj7meI4X0,TWICE,STUCK IN MY HEAD,6,0,88,12161,58610
06o0WsRckmHAfLx311Qi4F,4XFkDALFTsSHVnRtJSsaMN,Number_i,Kick Snare Man 2,1,0,157,58596,58596
4h90qkbnW1Qq6pBhoPvwko,1Xyo4u8uXC1ZmMpatF05PJ,The Weeknd,Sidewalks,24,0,27,3627,58542
1pJQAHpD51J7GYaFrrFO9S,69GGBxA162lTqCwzJG5jLp,The Chainsmokers,Don't Say,21,0,19,6172,58463
7mH2yFJ44kpiex624KTC5Q,1qma7XhwZotCAucL7NHVLY,Mr.Children,君が好き,10,0,127,6910,58440
043WzWmM6mkuzuo6zHtzWf,1snhtMLeb2DYoMOcVbb8iB,Kenshi Yonezu,Cranberry & Pancake,2,0,128,32627,58353
2QWEMqQMJR1KDf6hDjJOs6,0b1sIQumIAsNbqAoIClSpy,j-hope,Arson,2,0,182,29342,58277
5E9Et7pF14k8XGTKwY99CC,58oPVy7oihAEXE0Ott6JOf,Eve,アヴァン,2,0,158,30772,58234
53JPvPxpC5IU4gYVmDLqU6,7n2Ycct7Beij7Dj7meI4X0,TWICE,Pink Lemonade,12,0,147,5407,58197
45jLrzxVvQgoMqVYNB2yPy,77SZmOd2zA3L3n9x697iWb,Naoto Inti Raymi,First Christmas,1,0,162,58116,58116
2DdI8RscbJy54gKESYs7aT,7lNFzeAXmSIKexINNgO6bu,YUZU,MABOROSHI,8,0,106,8718,58114
2OFmlbtOc2zdK93DP9gchd,7tyrh2CwSnilzMD8olQxcx,LUCKY TAPES,Lonely Lonely,9,0,99,7829,58100
5HkDiWfZf8DiMs0amtLy5Y,7JthQ6zwNzfxRfIEjp6wUs,HIRAIDAI,"Starbucks, Me and You",2,0,136,33668,58026
5fGPL6O3H62p3EWog3lJyq,7nqOGRxlXj7N2JYbgNEjYH,SEVENTEEN,消費期限,1,0,134,57787,57787
23uKbAjPgmQXXZXC5sj61D,1o2aYT0R8jCzs5q1rEA0gY,banvox,Future,31,0,63,2916,57725
1oDe5TtaFUT4puki7twdMG,7dhueqtbx2NVq1leXyqaNl,SixTONES,BOYZ,1,0,156,57629,57629
43T1IteiCgm6DpJk8BwIRy,0mP8A1qIoufScrsxq18Cw6,PUNPEE,トローチ,2,0,181,29430,57624
0OwEskGUqCMgkSY7JkJS7x,7k73EtZwoPs516ZxE72KsO,ONE OK ROCK,Heartache,14,0,122,8114,57619
36ZXwLNujzc7WuRB0SfQ7l,2snm3HmsnDUDxbIChdl2Oj,Justin Hurwitz,Summer Montage / Madeline,33,0,77,2317,57607
1fNDKKuErDdqMka5NhwkeF,0GZ65zwBwkkwGNJ3zagtTZ,MILLENNIUM PARADE,No Time to Cast Anchor,2,0,188,29255,57575
3k9Gd2NxWUoSVLEAY4TQyN,2Poc60hebpobhCUs0io0Rw,Anly+スキマスイッチ=,この闇を照らす光のむこうに,33,0,67,2698,57563
7wpCPK6zC3rDTfvjVn0ErU,1qma7XhwZotCAucL7NHVLY,Mr.Children,しるし,10,0,143,6542,57490
3tAWyKxDv7lhNQSL1Ds3EM,7k73EtZwoPs516ZxE72KsO,ONE OK ROCK,Kimishidai Ressha,35,0,78,5155,57488
7jltqRIyxLXBDNZ1QlmnBp,6kXm2YCtdUOpRYNKeKhfue,Ryan Gosling,City Of Stars,34,0,78,2276,57400
4mn2av7YVGC3G5ZuSkKoBD,0jWCX6zp4RjWrmZRxJ2uri,Novelbright,また明日,3,0,174,20866,57384
4QIo4oxwzzafcBWkKjDpXY,6qqNVTkY8uBg9cP3Jd7DAH,Billie Eilish,xanny,5,0,143,16606,57371
7MEMAyebsx7YiRYN4EOlpQ,6KQWWzFLPQbqomJrieHAW5,Tokyo Incidents,仏だけ徒歩,2,0,151,30296,57237
77eXIA0iOeNjkYyfVFeQPk,0qC4CNzOUtgdmdVzRqCa1d,STUTS,One,2,0,172,29512,57155
6qPI6bkOq5vvD4vMmH5Kil,7k73EtZwoPs516ZxE72KsO,ONE OK ROCK,Lost in Tonight,33,0,64,2976,57058
73TEyhGLxixHAwzOdoamgV,0hCWVMGGQnRVfDgmhwLIxq,sakanaction,Aoi,9,0,81,8022,56989
1qZC7gWAR5blkKT1DI4niR,45ft4DyTCEJfQwTBHXpdhM,milet,Flare,2,0,177,29057,56929
3Q9l1ryZmQUOJ6gABOPQfS,7MmIC8lbUdmL6c05M63KF6,The Rossman Ensemble,Nevadas en Nochebuena,1,0,83,56913,56913
4Q3N4Ct4zCuIHuZ65E3BD4,46SHBwWsqBkxI7EeeBEQG7,Kodak Black,Tunnel Vision,26,0,60,2766,56884
2vhT1g99dOFuh1EFv1fiGE,2dIgFjalVxs4ThymZ67YCE,Stray Kids,CREED,1,0,138,56847,56847
3pHpR8IA6qYqccOzSV8qRb,6wxfx1yhyqjCPYwwxJktR2,King Gnu,SUNNY SIDE UP,1,0,138,56846,56846
0uUNN1nSoUx1A4fkDCWDQ7,4npEfmQ6YuiwW1GpUmaq3F,Ava Max,So Am I,7,0,168,8583,56819
5N5T6GtVBM1bkCSjOkeVmU,43kKsfG1eZSFW785NtHDYs,DYGL,Come Together,33,0,82,2368,56796
3zpQOYESpZj2mDPrgy3fRT,7HwzlRPa9Ad0I8rK0FPzzK,SEKAI NO OWARI,Diary,2,0,185,28670,56791
5o9JHeY8e47bXCjSZOnD7b,26AHtbjWKiwYzsoGoUZq53,Pentatonix,Winter Wonderland / Don't Worry Be Happy,9,0,22,16393,56747
2O3MQ6H3gjrIWDcpeTrikT,3BmGtnKgCSGYIUhmivXKWX,Kelly Clarkson,"Santa, Can’t You Hear Me",1,0,167,56666,56666
7u18NKxs2xpNAb0qIEBeuN,1qM11R4ylJyQiPJ0DffE9z,Lilas,Actor,1,0,155,56560,56560
17FiH2U0M88J7zWJHSZhKW,1snhtMLeb2DYoMOcVbb8iB,Kenshi Yonezu,Rarabaisayonara,2,0,137,31607,56495
4ih8ybOwn5Mfmu0EY6THjr,1snhtMLeb2DYoMOcVbb8iB,Kenshi Yonezu,あめふり婦人,2,0,136,31690,56402
1GHJDktae8CrmRC172gTG5,7dhueqtbx2NVq1leXyqaNl,SixTONES,PARTY PEOPLE,1,0,165,56374,56374
6jfEZdUJ2Yla6h7gTJgKuo,1KCSPY1glIKqW2TotWuXOR,P!nk,Walk Me Home,7,0,161,9000,56320
22cTvElaAcMjHtB0xFWTEi,1snhtMLeb2DYoMOcVbb8iB,Kenshi Yonezu,Gomenne,2,0,139,31526,56186
3V3qaACLm2qFCvYZ1amkco,2koP6FEfIEVk4l2Fe6jFhu,JO1,With Us,2,0,176,28387,56093
00HpVPqakPoslGmkcnXAFI,5t5FqBwTcgKTaWmfEbwQY9,ENHYPEN,Shine On Me,1,0,135,56015,56015
6Qyf3EMIEWlmM3UWWGbtPv,0eQSoTI7sQENREQM8Klp2j,Hinatazaka46,ソンナコトナイヨ,3,0,112,21251,56009
08fh3LXCZvDV6jgGwC2Usf,0FnDCrmcQT8qz5TEsZIYw5,Awich,Link Up,2,0,188,28189,55894
4Fj2IohiB7Xkxvl5mDEwZ7,7k73EtZwoPs516ZxE72KsO,ONE OK ROCK,Party’s Over,1,0,145,55871,55871
42snIU3svK0pTPHH5UfVef,7dhueqtbx2NVq1leXyqaNl,SixTONES,音色,1,0,170,55848,55848
0HZgYFimoJG9Ijy8InUWcV,1vCWHaC5f2uS3yhpwWbIA6,Avicii,Bad Reputation,5,0,59,14662,55777
6m39GFaVDjHqMo17j4UPvn,1snhtMLeb2DYoMOcVbb8iB,Kenshi Yonezu,LENS FLARE,1,0,151,55737,55737
4fXtuqfsBhPStfFwT9Rysq,7enXzm6pH9M0rAA7FzdWqP,ヒプノシスマイク -D.R.B- (天国 獄),"One and Two, and Law",3,0,68,22598,55731
6RgJHSzpyBKtfEw36VRmXG,1nzId6SLDDTUTRV7lNbgxp,King & Prince,Odyssey,1,0,180,55728,55728
5jxuw4S5IDEY6CjjAHvRAt,5vV3bFXnN6D6N3Nj4xRvaV,Jin,Falling,1,0,130,55719,55719
4Kr9G3ZG0TTTav6x2GlBNZ,7lNFzeAXmSIKexINNgO6bu,YUZU,恋、弾けました。,14,0,66,5556,55684
6L7qAI9DS27eoEEseNB1Y2,6ptdMFoqgQZRoccAYK9Opd,hachi,リンネ - ORIGINAL,2,0,135,31939,55614
3RH9idbxUAMcUldet2ormp,1uNFoZAHBGtllmzznpCI3s,Justin Bieber,Christmas Love,1,0,172,55482,55482
0rPxJWtfr7aBswJIpsf2lz,1snhtMLeb2DYoMOcVbb8iB,Kenshi Yonezu,街,2,0,141,30971,55453
3tSpn2osk0KJ1TfOF8AQvP,1S2S00lgLYLGHWA44qGEUs,Gen Hoshino,Melody,1,0,169,55343,55343
6nYezkgAePhAmnxNTQRsLV,3UY1KK0iXeC0mpaK0ltFza,asmi,PAKU,2,0,198,27901,55281
76hZoWOnHV1vOednnrz6EP,73kxDUq2Hl7Upy4o0yFxXv,INI,CALL 119,2,0,188,28719,55276
4C4zOn6ZZJfJ1KTCWZHq5c,6rxPqMdbKAh5wDrUn78c7e,PRODUCE 101 JAPAN SEASON2,ONE,2,0,156,28854,55206
5yye6RvxPOo8YU0fYWQpNn,2dIgFjalVxs4ThymZ67YCE,Stray Kids,Chk Chk Boom (Festival Ver.),1,0,154,55143,55143
0qnvKfMwZZ9WW0L2wEajKb,1ZFfhzyXjPvbzSYPlCIwo3,timelesz,make me bright,1,0,153,55140,55140
4rb8DK3dlKNrfFONlnoVp1,0hCWVMGGQnRVfDgmhwLIxq,sakanaction,ワンダーランド,5,0,86,13975,55109
2kzff5Gb3rRp34M57HJqhg,79nkC8XZ5ohEVU0Xlf5Ael,SOUTHERN ALL STARS,東京VICTORY,3,0,78,23639,55035
0XWf8CRB6IptewumZDi5b6,3pc0bOVB5whxmD50W79wwO,keshi,WANTCHU,1,0,164,55006,55006
5uICw7DZWUJfnSkRbT7SvF,08lN7bm4Etec8ETFxaTUmq,Nogizaka46,チートデイ,1,0,157,54965,54965
35UIXefpdE3Q6HXH4jM2nG,6U2dgcU46Iy9pF3RQBj5hG,Monkey Majik,A Christmas Song,4,0,100,19443,54894
0zjtBLZoqcrIxPDxrAfpJq,1snhtMLeb2DYoMOcVbb8iB,Kenshi Yonezu,サンタマリア,2,0,146,30127,54863
1AHvDGd5sAthJzvNng05MY,7lbSsjYACZHn1MSDXPxNF2,Hikaru Utada,First Love - 2022 Mix,1,0,137,54862,54862
65KlshIGPBSnlf0SWfhb40,5F80x2l9juqR6RLeuACpqS,Yurufuwa Gang,Make Up,19,0,86,4294,54829
5OScYgWsvZ5jgbDascFV6F,0UuiWPm9FpWvRuWNrXO98N,Snow Man,悪戯な天使 - Itazurana Tenshi,1,0,185,54693,54693
1USJRpWDFhxwhCajPXBeel,69GGBxA162lTqCwzJG5jLp,The Chainsmokers,You Owe Me,10,0,91,7120,54615
3OnG3WS3d6GBJxszaAFOgG,4QvgGvpgzgyUOo8Yp8LDm9,Mrs. GREEN APPLE,あなたに,1,0,120,54588,54588
0aY3snOhuKRb25OUnmW1KM,1snhtMLeb2DYoMOcVbb8iB,Kenshi Yonezu,Neighbourhood,2,0,144,30516,54486
2uSLx5uwRIhiA3sJJraNqX,04gDigrS5kc9YWfZHwBETP,Maroon 5,Help Me Out,15,0,76,4757,54380
2IzJEUmIJS1Q9sPTcqEkvF,1XYuC1vxinTjHCNd5clB8C,ARASHI,PIKA☆NCHI,3,0,112,20007,54344
3dVQk9Ewbt0Lf0vGKfCYnW,26ZBeXl5Gqr3TAv2itmyCU,indigo la End,夜凪,1,0,128,54285,54285
1JJUsWVriEtXr8lHSQXTIy,1uNFoZAHBGtllmzznpCI3s,Justin Bieber,Santa Claus Is Coming To Town,1,0,175,54249,54249
4fzyvSu73BhGvi96p2zwjL,4gzpq5DPGxSnKTe4SA8HAU,Coldplay,Christmas Lights,9,0,90,12874,54242
782ET7GKMVvNPBez4nsurW,3Nrfpe0tUJi4K4DXYWgMUX,BTS,FAKE LOVE (Rocking Vibe Mix),9,0,75,7882,54187
0yADs5FhpGm6KyTpCpsRYj,1z4g3DjTBBZKhvAroFlhOM,Red Velvet,SAPPY,7,0,108,8625,54140
7oOjyMh1JPLYRFJ0bhegkN,0O0hxUrO2PKxZknken3R24,Suchmos,DUMBO,30,0,55,2909,54091
3FzTvIbAzuhVcYggRKC32B,2oNStf3CKKLM5lnzELWMcH,Taichi Mukai,STAY GOLD,40,0,65,1872,54020
0zvN9oq95bIEQjvfcdeZlX,2EWIKpC6npt0GTe1Cq1KDm,YOSHIKI,Red Swan,8,0,89,8687,53970
5qGSA4EESebLV7Uh9is9Ri,26WuprsX7JRG69T0PXkze4,Quruli,その線は水平線,11,0,104,6058,53947
1c9LwKCtzIbYTrLUbUmig8,7JthQ6zwNzfxRfIEjp6wUs,HIRAIDAI,SOUNDS LIKE A LOVE SONG -winter.-,4,0,66,18036,53924
5ijZWgsy18SnuXmVI7eANk,1KYeeKVVJdWLzdB6MwQGmE,MGF,優しくしないで'95,24,0,53,3500,53857
3XF5xLJHOQQRbWya6hBp7d,6qqNVTkY8uBg9cP3Jd7DAH,Billie Eilish,you should see me in a crown,5,0,166,15397,53832
69w2tIHnC9IB8AyCj1z6di,1snhtMLeb2DYoMOcVbb8iB,Kenshi Yonezu,Yumekuisyoujyo,2,0,151,29903,53782
2r4JRwcbIeuAzWjH4YXlLs,5K4W6rqBFWDnAN6FQUkS6x,Kanye West,Yikes,9,0,78,8016,53761
5yN3AMnuwzvAReHP7BSydu,1o2aYT0R8jCzs5q1rEA0gY,banvox,Everlasting,26,0,78,2654,53706
55JAnTsw92QsLTSmpVMpwX,5AJRsYTgSVuUTT2SbhLLxu,Beverly,I need your love,28,0,142,2248,53517
4MWaFZrqK80ubcDm6JJI1L,6POfB0fHdzXFLWL3RHxLv8,Creep Hyp,陽,29,0,67,2646,53489
0MxkstNYYDc406x2ufqoe1,2N19kPGlqKY8GiyE4DkAtp,Little Glee Monster,愛しさにリボンをかけて,1,0,181,53438,53438
13tz8REkfaAuQrmKQwbToR,0ghlgldX5Dd6720Q3qFyQB,TOMORROW X TOGETHER,Take My Half,1,0,185,53438,53438
20vFvq0uJY5X0le1UFekrQ,0UuiWPm9FpWvRuWNrXO98N,Snow Man,EMPIRE,1,0,168,53309,53309
0QfrcG6TpDXeSAPk0BgGr4,5yKQkcO2MWUp3Z5jUs70pW,Okazaki Taiiku,Natural Lips,18,0,70,3799,53295
7bDzGlcszZj9cMJipJK8uv,6wxfx1yhyqjCPYwwxJktR2,King Gnu,三文小説 (ALBUM ver.),1,0,159,53280,53280
4icebBgrSKp7ah4JydnMCO,1YLxQZIGsaZq9rvFu8zeRz,Sayuri,平行線,28,0,65,2766,53273
4nVBt6MZDDP6tRVdQTgxJg,4AK6F7OLvEQ5QYCBNiQWHq,One Direction,Story of My Life,3,0,129,50600,53265
1YmY0HUm05BUpcHibc1bhB,5vV3bFXnN6D6N3Nj4xRvaV,Jin,Another Level,1,0,143,53251,53251
3zLDtnLQ9SUYaAnNJAGOju,1snhtMLeb2DYoMOcVbb8iB,Kenshi Yonezu,Amen,2,0,153,29633,53246
1xWoDv0dLEzHRmMkRhOIkZ,1EowJ1WwkMzkCkRomFhui7,RADWIMPS,DARMA GRAND PRIX,1,0,198,53177,53177
3dydu70Y0Wc34tu7lG1Ayq,0vCGPbugjEi38T41ZHny1o,BOOM BOOM SATELLITES,Lay Your Hands on Me,34,0,38,2381,53154
2XVfFzmqXrLsv1xoRmFu7z,6rkkb4QMqvXTYUkvqpMG99,Hypnosis Mic -D.R.B.- (Fling Posse),Reason to FIGHT,2,0,143,28489,53113
5JUdOlFASwTo3ZvJWE77mr,1XYuC1vxinTjHCNd5clB8C,ARASHI,明日の記憶,3,0,134,20926,53066
4iYRa2btalAzPZoSYfROqF,2YZyLoL8N0Wb9xBt1NhZWg,Kendrick Lamar,XXX. FEAT. U2.,16,0,33,4569,53037
2kY6QzZ76E6Ae744gcBAqD,2dIgFjalVxs4ThymZ67YCE,Stray Kids,NIGHT,1,0,165,53005,53005
1gnwGVoG7V08vMX3hyr90x,3jK9MiCrA42lLAdMGUZpwa,Anderson .Paak,Tints,8,0,99,7598,53001
3UAdH6a0WcbxSgrWQ2y0K8,1XYuC1vxinTjHCNd5clB8C,ARASHI,We Can Make It !,3,0,133,20975,52893
6niUXDrcVDnwrXIz77gd0c,5V0oa9WaeYkBszHV6ItVD6,Naniwa Danshi,初心LOVE（うぶらぶ）,1,0,154,52874,52874
1nO67wic65N413c11zKxM7,1vCWHaC5f2uS3yhpwWbIA6,Avicii,Silhouettes - Original Radio Edit,4,0,25,18677,52864
6jPk1077fiZcJvRLHlyN4u,1XYuC1vxinTjHCNd5clB8C,ARASHI,瞳の中のGalaxy,3,0,131,21149,52826
2fR6mqPRxdgEcUG9IZAZh7,0NZsNnETGPWLKJj2Y0vpBx,CHAI,アイム・ミー,10,0,115,6169,52794
1HwpWR3E5oJR0zLp4t6i1U,08lN7bm4Etec8ETFxaTUmq,Nogizaka46,最後のTight Hug,2,0,174,26779,52589
542Xd5qDeLBvgXZXhfW7LE,0q4NrXqJnc367PieejuROJ,Vice,Obsession,30,0,103,2530,52583
3ovwLoowye9dVmbfhz1nEV,0O0hxUrO2PKxZknken3R24,Suchmos,Whole of Flower,1,0,178,52534,52534
3HVa5vaMiHGib4ztB7sCLR,5TjFUvRq3BNyDsCgLWvxKF,KAMIGATA BOYZ,無責任でええじゃないかLOVE,1,0,167,52533,52533
0gpMJOGQAM9NyQrKgGoG1V,6zGmypGQUBXD4ZC9EbfMme,EXILE,Love of History,7,0,130,7937,52454
7EuW1Gej2DCCPmJZQmTaKZ,1ZFfhzyXjPvbzSYPlCIwo3,timelesz,Forever Gold,1,0,167,52427,52427
7a9q19sVTEAq0SzgUZvbSy,0ghlgldX5Dd6720Q3qFyQB,TOMORROW X TOGETHER,Dance With You,1,0,189,52425,52425
5zZzSkdXVaCyh6348E2ieD,7lbSsjYACZHn1MSDXPxNF2,Hikaru Utada,Fly Me To The Moon (In Other Words) - 2007 MIX,2,0,145,27989,52395
4iO9jhr2M1mwWKcszwFpk7,3z8diLlUCkN1j9N9ZdnfBJ,NiziU,♡Emotion,1,0,192,52389,52389
0WyFp0hO3mDHIZezLViniN,2XjqKvB2Xz9IdyjWPIHaXi,Sheena Ringo,鶏と蛇と豚,6,0,115,10107,52375
6MOvzb98zsKh1yzcW2Hlhx,7lbSsjYACZHn1MSDXPxNF2,Hikaru Utada,Addicted To You - Re-Recording,1,0,149,52337,52337
0O7eV4jZxDYHMAMvPmSEmO,3cbd5GWGOknxmFAe77MDbk,ELLEGARDEN,Salamander,7,0,55,9875,52332
3d2bsbugow8JiNvuaRupFH,1oSPZhvZMIrWW5I41kPkkY,Jimin,Slow Dance,1,0,181,52298,52298
5i3R1qBOvyVVHEa1hVwrrD,1XYuC1vxinTjHCNd5clB8C,ARASHI,I'll Be There,3,0,139,20482,52201
1tNJrcVe6gwLEiZCtprs1u,6USv9qhCn6zfxlBQIYJ9qs,Dominic Fike,3 Nights,6,0,111,10158,52148
2qxmye6gAegTMjLKEBoR3d,5IH6FPUwQTxPSXurCrcIov,Alec Benjamin,Let Me Down Slowly,7,0,167,8279,52142
7DtqESlze2aUSyOgjCpe7X,1XYuC1vxinTjHCNd5clB8C,ARASHI,Lotus,3,0,142,20290,52070
6eUCoPHEay728GrnrDAQVh,7LCvObtg5MA10WBd4DiK1E,ピラフ星人,ピラピー,1,0,194,51997,51997
6Kj17Afjo1OKJYpf5VzCeo,3TVXtAsR1Inumwj472S9r4,Drake,Pain 1993,3,0,152,17644,51862
2nPfKVwhD3ndWpLk7grx0Q,2dIgFjalVxs4ThymZ67YCE,Stray Kids,MESS,1,0,173,51853,51853
5j5GxdQl506TDP8nSkRD8x,6m14xgA0m3w92UM7ujJgky,UVERworld,AVALANCHE,2,0,197,26099,51793
22IFbzcuLrK7ZAoj6Ms9I0,2nvl0N9GwyX69RRBMEZ4OD,kessoku band,月並みに輝け,1,0,184,51629,51629
5COfkrLpT6t2fHliXbc3tl,6mEQK9m2krja6X1cfsAjfl,Ado,missing,1,0,96,51624,51624
3MOa6IKagO2lT9n0sI8fZQ,5t5FqBwTcgKTaWmfEbwQY9,ENHYPEN,I NEED U - Spotify Singles,1,0,128,51621,51621
7DtIdfMyHkleorjPK3mSni,73kxDUq2Hl7Upy4o0yFxXv,INI,Party Goes On,1,0,179,51549,51549
3cphb8kdsjElYR7r5icK3H,1Hsdzj7Dlq2I7tHP7501T4,Niall Horan,Nice To Meet Ya,4,0,150,14123,51543
4Cv1YTkESvHPWnQAtVNoBF,7n2Ycct7Beij7Dj7meI4X0,TWICE,ENEMY,1,0,184,51524,51524
1UbkL53f1bbMbdaDpmZD2T,1XYuC1vxinTjHCNd5clB8C,ARASHI,Dear Snow,3,0,143,20228,51522
1u9UlmBG5Ht6dY0jObpMOE,3DiDSECUqqY1AuBP8qtaIa,Alicia Keys,Holy War,36,0,57,2154,51509
2ddXRNXRhS3d8AdO8qPhjU,2koP6FEfIEVk4l2Fe6jFhu,JO1,Aqua,1,0,127,51507,51507
2kIp7nX8XEKvkluP0GYnYY,1XYuC1vxinTjHCNd5clB8C,ARASHI,Doors ~勇気の軌跡~,3,0,144,20178,51502
1Q2jFvRuhV38Imjqeodg2B,64BB3FFJokfd3owfpnwxb0,Hey! Say! JUMP,ウィークエンダー,1,0,193,51397,51397
6PtdknJWWbQMz2WbfEZYFK,64BB3FFJokfd3owfpnwxb0,Hey! Say! JUMP,encore,1,0,191,51339,51339
3bWAqKDWg6u1davspr5IkS,3t5xRXzsuZmMDkQzgOX35S,Robin Schulz,OK,27,0,99,2541,51324
5s7flUAYsDmcUWtHsMCihv,5vV3bFXnN6D6N3Nj4xRvaV,Jin,I will come to you,1,0,168,51310,51310
2ouuORPAkqaGKjmq295AqI,61cJFBhotGojz8Zp0i8SW1,The Urashima's,正しい街,9,0,86,7553,51285
2VaHv46YpFObVnOSHKXyHH,2ZjWbNQAjL74Pf4aqikIz2,Shota Shimizu,Drippin',21,0,101,3213,51188
4fuXfQ3jU9XtW7H9w8wbM1,6TDMbiQCWeMClsMr9ORLRK,aiko,食べた愛,2,0,181,25887,51077
2jt2WxXMCD4zjACthkJQVE,7dGJo4pcD2V6oG8kP0tJRR,Eminem,The Ringer,9,0,117,7126,51025
7gMfVc4zfNIxuMyMGglOHa,1oSPZhvZMIrWW5I41kPkkY,Jimin,Rebirth (Intro),1,0,190,51015,51015
1GlWT1gs1Ecqba0UuEfpVe,1XYuC1vxinTjHCNd5clB8C,ARASHI,Power of the Paradise,3,0,146,20056,51013
5J6klRNocWtOae1nZcJYxN,2dIgFjalVxs4ThymZ67YCE,Stray Kids,Falling Up,1,0,180,50992,50992
2hPLfPxvRUfXKNGD3VcJnT,1vCWHaC5f2uS3yhpwWbIA6,Avicii,So Much Better - Avicii Remix,11,0,51,9348,50985
1cWXVFFapByktCPp27NNyh,08lN7bm4Etec8ETFxaTUmq,Nogizaka46,ネーブルオレンジ,1,0,182,50704,50704
5KHzV8Gf3aweIMImliFAOs,5YGY8feqx7naU7z4HrwZM6,Miley Cyrus,Happy Xmas (War Is Over),4,0,59,17642,50672
1xEm0K1U5Md7Zkne7gcy1z,4wCW8kZ8LL7QIdcE8EOKPP,BE:FIRST,Slogan,1,0,180,50642,50642
5AKfkVoqjbksuQ7OBcK7eo,0hCWVMGGQnRVfDgmhwLIxq,sakanaction,さよならはエモーション,5,0,120,11940,50616
62CKK11WA3VFYIjzkMZGTl,1XYuC1vxinTjHCNd5clB8C,ARASHI,ナイスな心意気,3,0,150,19862,50594
4ybB34O2vsjSQRBIuWw3Cp,6mEQK9m2krja6X1cfsAjfl,Ado,Dried Flowers,1,0,174,50530,50530
2Ht9lHfqBlrZ16t9HorbyG,5h7KoqW819ymjyg1mhp3ML,Hachimencho,Goosebumps,2,0,182,26271,50507
7LVsLHXVLscS5xY7q50TLT,3AiES4wyTOfJvNgqz9baDn,eill,Koko de Iki wo Shite,2,0,196,25604,50494
1Yk7N0YXbx36UfvdwnZjBt,0UZq6vAHrwGgctvxTzzxYm,Tokyo Ska Paradise Orchestra,リボン,5,0,176,10542,50481
3ngMo7oeXWoiv7c99wEaqp,0MK8l3nURwwQIjafvXoJJt,ASIAN KUNG-FU GENERATION,Hometown,7,0,101,8430,50391
37fPpqifAskH4gQNZES0NU,0hCWVMGGQnRVfDgmhwLIxq,sakanaction,蓮の花 -single version-,5,0,121,11843,50382
7ov3TDp5D00Rnu5R1viX4w,5L1lO4eRHmJ7a0Q6csE5cT,LISA,New Woman,1,0,183,50373,50373
1v1IXPXl73Z7zy6f5tUa9n,3TVXtAsR1Inumwj472S9r4,Drake,Emotionless,9,0,102,6817,50337
1pPpX61D2KTyx5IbKA0UCj,5kVZa4lFUmAQlBogl1fkd6,Aimyon,黄昏にバカ話をしたあの日を思い出す時を,2,0,124,27967,50335
0jK7hWOTbsOuMrjXOU9Z8H,6e9Wgn2800cCQcM0b4cNwt,Ulfuls,二十九、三十,1,0,172,50329,50329
0mvzFcs7MXYjAC6TS03ssl,3MUcTGmdb4on8WHhIhPkzK,KOHH,I Want a Billion,6,0,96,9711,50250
5UpOKgvHCp0HkXDgxmWM7F,7nqOGRxlXj7N2JYbgNEjYH,SEVENTEEN,1 TO 13,1,0,179,50238,50238
0c6f2H2CXN779Ooh3GrcmT,2DBcgbvakjiv4Yi9bRyjVX,Thee Michelle Gun Elephant,世界の終わり - Primitive Version,1,0,167,50222,50222
1WFA3xW4CJMugNPq4D0i5q,64BB3FFJokfd3owfpnwxb0,Hey! Say! JUMP,DEAR MY LOVER,1,0,190,50177,50177
1WxQyR4cVfBMbwldZ0vNGn,1EowJ1WwkMzkCkRomFhui7,RADWIMPS,オーダーメイド,9,0,98,22307,50090
1QVFZCr7I0fEFqTwxSup8T,1mN9lPKzTRTOop4u7S1Uy9,iri,はじまりの日,2,0,151,26173,50010
61Vx7YHbVM6gUOcqdPJLY5,4BuaC48pvatn5gWSqV45cR,JJJ,STRAND,1,0,186,49993,49993
2O9EGN7oPpO1culiuzwAev,0UuiWPm9FpWvRuWNrXO98N,Snow Man,SBY,1,0,189,49940,49940
7cSnylYfrW2vho71jk52EC,1qma7XhwZotCAucL7NHVLY,Mr.Children,in the pocket,1,0,156,49935,49935
7p9fSNjiiyrUuvLzZyuVjU,0UuiWPm9FpWvRuWNrXO98N,Snow Man,LOVE TRIGGER,1,0,190,49789,49789
1ELb6xnmuhUiXjBgcuCeM6,2FqdskWqZqDdlSnAIo9BGA,KAMI WA SAIKORO WO FURANAI,初恋,2,0,192,24963,49749
4ji2ttFn6ADN01SB8vC4dR,2koP6FEfIEVk4l2Fe6jFhu,JO1,JOin us!!,1,0,173,49672,49672
6YjdtRYzXYn4QuzKWINOw2,4wCW8kZ8LL7QIdcE8EOKPP,BE:FIRST,夢中 - Piano ver.,1,0,198,49574,49574
0JP9xo3adEtGSdUEISiszL,15UsOTVnJzReFVN1VCnxy4,XXXTENTACION,Moonlight,9,0,82,6954,49454
7y9iMe8SOB6z3NoHE2OfXl,26VFTg2z8YR0cCuwLzESi2,Halsey,Bad At Love,19,0,85,3431,49445
7J9HCPtyUR6ZlGRhXmj7td,5kVZa4lFUmAQlBogl1fkd6,Aimyon,どうせ死ぬなら,8,0,180,6542,49441
0RmvPXNNGtY1X3oIZ6JD4p,1qma7XhwZotCAucL7NHVLY,Mr.Children,ニシエヒガシエ,7,0,62,8919,49392
0xZ4WU5UfctiSeETi6pMEo,7nqOGRxlXj7N2JYbgNEjYH,SEVENTEEN,God of Light Music,1,0,180,49378,49378
21aOLk12MksET8AsbU0SI6,0ghlgldX5Dd6720Q3qFyQB,TOMORROW X TOGETHER,LO$ER=LO♡ER,2,0,187,24893,49371
1K3Jlfhut0c38mq6EH2yTE,7cjg7EkeZy3OI5o9Qthc6n,ZEROBASEONE,Feel the POP,1,0,184,49369,49369
5Vm7eVa9fhWNAQGm5qEA6n,4Kbxm7oCQujaslLxf9q7k2,SKY-HI,SUPER IDOL,1,0,170,49264,49264
6P0Ni8GrnwRScC4uk8tKqM,3Nrfpe0tUJi4K4DXYWgMUX,BTS,Make It Right - Japanese ver.,2,0,101,28272,49231
2v7aUMUc1kerJyaRmIx9zd,36cgvBn0aadzOijnjjwqMN,ILLIT,I'll Like You,1,0,194,49205,49205
4T652DlATVHe0jdLKaN3Bw,66CXWjxzNUsdJxJ2JdwvnR,Ariana Grande,in my head,6,0,122,8961,49134
6Wobsw9uZ0D0xkfOjxXSq9,3eVa5w3URK5duf6eyVDbu9,ROSÉ,Messy (From F1® The Movie),1,0,194,49111,49111
42VUCXerQ5qTr4Qp6PhKo4,74KM79TiuVKeVCqs8QtB0B,Sabrina Carpenter,Tears,1,0,180,49088,49088
5AJ9hqTS2wcFQCELCFRO7A,1WaFQSHVGZQJTbf0BdxdNo,Tommy Richman,MILLION DOLLAR BABY,1,0,191,49057,49057
6j0NiWoRQDiNC05RwVVZNa,3Nrfpe0tUJi4K4DXYWgMUX,BTS,Dionysus - Japanese ver.,2,0,99,28515,49027
7mm5xLUzKCmLfgpOmo1v56,1AyWsgtaIgXbzjJlTx2ZDp,AAA,WAY OF GLORY,20,0,151,2876,49004
0A5OpWc5yZ2aSe7Xbhqo3m,0ghlgldX5Dd6720Q3qFyQB,TOMORROW X TOGETHER,Danger,1,0,175,48923,48923
0xIVvRmjztR1AwuHrkhH41,1vCWHaC5f2uS3yhpwWbIA6,Avicii,Addicted To You,4,0,26,17846,48904
57FoZDQ4sHYerHFdHJxDAb,0UuiWPm9FpWvRuWNrXO98N,Snow Man,KISSIN' MY LIPS,1,0,197,48904,48904
214nt20w5wOxJnY462klLw,06HL4z0CvFAxyc27GXpf02,Taylor Swift,Miss Americana & The Heartbreak Prince,4,0,118,13215,48886
0NJ3dxEUe3hSOxNL7qPY24,7n2Ycct7Beij7Dj7meI4X0,TWICE,LALALA,7,0,89,8643,48801
1Zq4LJ3Oi4mNhQ1Yr45qA4,7k73EtZwoPs516ZxE72KsO,ONE OK ROCK,C.U.R.I.O.S.I.T.Y.,1,0,186,48756,48756
120f9PsOUuI1yDNhC60JCe,4dEHIhldHT2U8CMQ6nNgDT,LANA,No.5 - Remix -feat. Vingo,1,0,197,48732,48732
4ivrdKOEXXGiRIApiD7rII,7kOrrFIBIBc8uCu2zbxbLv,yama,希望論,2,0,189,24478,48496
2YMyVYNLmFDD0KGtNkkgFa,6T5tfhQCknKG4UnH90qGnz,DNCE,Kissing Strangers,27,0,74,2609,48442
6kc4TYfDwwxd5ihBAxVF9L,2dIgFjalVxs4ThymZ67YCE,Stray Kids,Christmas Love,1,0,197,48268,48268
3ME3MSIeshxxCy99ZyHkdx,7k73EtZwoPs516ZxE72KsO,ONE OK ROCK,Tiny Pieces,1,0,190,48253,48253
2StQuhn6KdemQlwsvLgwBy,2dIgFjalVxs4ThymZ67YCE,Stray Kids,CINEMA (Lee Know & Seungmin),1,0,197,48237,48237
6KjbNLbRjuoa8rEq5yNA6H,69GGBxA162lTqCwzJG5jLp,The Chainsmokers,Honest,19,0,26,5558,48230
5O2YxU5MGEWStDMjwfz03Z,4UTEZqrPqLDOhBfraPNciJ,Daichi Miura,Backwards,2,0,183,24888,48194
1ralgJao31DAneYNlYNsba,0ghlgldX5Dd6720Q3qFyQB,TOMORROW X TOGETHER,Resist (Not Gonna Run Away),1,0,199,48085,48085
43RLe6WDgwld9uEAXSvVUW,2dIgFjalVxs4ThymZ67YCE,Stray Kids,Chk Chk Boom -Japanese ver.-,1,0,198,48065,48065
3KcHHPN23AwgnSkq7TouwW,6YVMFz59CuY7ngCxTxjpxE,aespa,Dirty Work,1,0,194,47849,47849
3HksEr55KOyDGjkWF8SFbh,0hSFeqPehe7FtCNWuQ6Bsy,BUMP OF CHICKEN,新世界,4,0,93,14251,47560
2mR3BwYuoITAxCQYk3GlBL,2Bi1XtdmndNK6V2nlpI2A1,tubakiii,PAGE ONE,1,0,187,47520,47520
6ZEYvUSgON3J5Qe1RYi3Jo,1vCWHaC5f2uS3yhpwWbIA6,Avicii,Peace Of Mind,4,0,55,15512,47430
7FkHGoKfvpNGow83hzFiix,6ecCVdF55fHdbVlAu1lJXU,FUNKY MONKEY BABYS,あとひとつ,2,0,191,24197,47346
4EaQ0ouIydfeAgQUz284EF,5RmQ8k4l3HZ8JoPb4mNsML,Agust D,"People, Pt. 2",1,0,116,47332,47332
0nqFsqbdYm1eac6BVfkjXX,1qma7XhwZotCAucL7NHVLY,Mr.Children,箒星,8,0,86,7461,47321
0y675KDleCZEudjoeL1sQQ,5JZ7CnR6gTvEMKX4g70Amv,Lauv,Feelings,4,0,169,12361,47221
2poOAWEj1CStqTVPgIHZ8s,1Xyo4u8uXC1ZmMpatF05PJ,The Weeknd,Try Me,8,0,102,6977,47118
3CEs5Jnov3YkmYn0Vezrcr,2CvaqAMMsX576VBehaJ0Wx,Wanna One,Energetic,12,0,111,4736,47058
4gqMQftUs22F8pOGVn5Acr,7blkMNJv8n9ceP9zlA4W2U,Shawn Hook,Reminding Me,23,0,120,2647,46939
59vn9z2EUT8GStAdmDNf3y,36cgvBn0aadzOijnjjwqMN,ILLIT,Topping,1,0,191,46898,46898
1fmCImjjMs4pHmQGDmtCc9,43XkWaoCS0wKjuMJrWFgoa,syudou,インザバックルーム,1,0,112,46874,46874
3kFEX1OTRaZ5WfX3X42BQP,2XMxWKPKCxoLkSdpCViCnr,Perfume,チョコレイト・ディスコ,4,0,128,13432,46862
1XvOEvWtfa879Wk1wKHZ1M,7nqOGRxlXj7N2JYbgNEjYH,SEVENTEEN,Cheers to youth,1,0,191,46792,46792
3ZVSKjFSjOj2oUEuYoWuxt,1ZFfhzyXjPvbzSYPlCIwo3,timelesz,Summer Ride,1,0,199,46789,46789
17f50sZb2FwIeyh89It1qX,1qM11R4ylJyQiPJ0DffE9z,Lilas,ハミング,1,0,189,46750,46750
7zixzfko6GIUYjD9NtRUOR,1S2S00lgLYLGHWA44qGEUs,Gen Hoshino,フィルム,3,0,62,19793,46740
3NMrVbIVWT3fPXBj0rNDKG,06HL4z0CvFAxyc27GXpf02,Taylor Swift,The Tortured Poets Department,1,0,169,46733,46733
4W4LMyD4Lzr8MvaaSiSdG8,2ZjWbNQAjL74Pf4aqikIz2,Shota Shimizu,冬が終わる前に,1,0,166,46729,46729
6InS5BZVgwQXcFF3FTwdug,0AjnB78SikKKhqYoqFIOXn,Attractions,Knock Away,16,0,115,3830,46647
264EQ3efdfDChq4PjuywR7,6ma7eBrKihYrXcvdMNpnc5,J Money,All Or Nothing,1,0,169,46643,46643
51tqiwLXYtYvgO0da3Zx5L,0ZNOGQWBmBxJPBQG0HS0mJ,Rekishi,ギガアイシテル,2,0,176,25226,46630
3egADkalVEpD99sI5AGGYe,7n2Ycct7Beij7Dj7meI4X0,TWICE,SWING,3,0,176,16773,46604
23YVLDccYjZF4NnPMNh7yk,0k7JZhYS35IewiKNHW7KMj,EGOIST,Welcome to the *fam,26,0,52,2534,46576
6BeB2dYQXOhwsg3m5MIh3t,2koP6FEfIEVk4l2Fe6jFhu,JO1,ICY,1,0,200,46556,46556
550rQQCGkrTzvp4SfpOPzx,26AHtbjWKiwYzsoGoUZq53,Pentatonix,Hallelujah,6,0,67,16369,46399
6xLwKUOLa2PuX5P6C4a5jV,2koP6FEfIEVk4l2Fe6jFhu,JO1,Bon Voyage (LIVE),1,0,195,46247,46247
4JwwYSJnbvuqRKrZLEnkA8,6m14xgA0m3w92UM7ujJgky,UVERworld,ENCORE AGAIN,1,0,149,46189,46189
2gbCG4Rt9984UZ7Tc0dIFd,1GxkXlMwML1oSg5eLPiAz3,Michael Bublé,White Christmas (duet with Shania Twain),7,0,68,13311,46166
2OXNNh7QBzZMCik1daQwX8,08lN7bm4Etec8ETFxaTUmq,Nogizaka46,Sayonarano Imi,10,0,169,4993,46158
7zqLwCQC5bHfkftlkOaLtd,45ft4DyTCEJfQwTBHXpdhM,milet,I still,1,0,197,46148,46148
7AWtaOSb7cgi16wJr3mkuf,41MozSoPIsD1dJM0CLPjZF,BLACKPINK,REALLY - KR Ver.,8,0,84,6903,46125
0OrXdLzyZ1JvaEAQJOVfdI,0hSFeqPehe7FtCNWuQ6Bsy,BUMP OF CHICKEN,邂逅,1,0,180,46096,46096
5DtsD7m3yQAD4KyrsjzHA1,1qma7XhwZotCAucL7NHVLY,Mr.Children,エソラ,8,0,97,7065,46005
14WWzenpaEgQZlqPq2nk4v,5pKCCKE2ajJHZ9KAiaK11H,Rihanna,Work,36,0,50,2385,45932
3Vv1nFQzl47ZKArinuF3Es,6mEQK9m2krja6X1cfsAjfl,Ado,ドライフラワー,1,0,195,45899,45899
0X3eP6qXgStgrNSH3hfcDi,6E94YMM50nYraxpkixvQuW,THE RAMPAGE from EXILE TRIBE,Lightning,26,0,63,2812,45764
2LHNTC9QZxsL3nWpt8iaSR,1HY2Jd0NmPuamShAr6KMms,Lady Gaga,Abracadabra,1,0,185,45763,45763
2hhizKAVm9wNn0d2N05jkG,3Nrfpe0tUJi4K4DXYWgMUX,BTS,ON - Japanese ver.,2,0,108,26235,45716
3707IBa4HnS3zDDoWfeUBl,6VuMaDnrHyPL1p4EHjYLi7,Charlie Puth,I Warned Myself,4,0,168,11959,45621
1EDPVGbyPKJPeGqATwXZvN,6XyY86QOPPrYVGvF9ch6wz,Linkin Park,The Emptiness Machine,1,0,192,45588,45588
6V9kwssTrwkKT72imgowj9,69GGBxA162lTqCwzJG5jLp,The Chainsmokers,My Type,17,0,23,5714,45532
0Ws8D3EWUDgY962Xftb0h5,7CajNmpbOovFoOoasH2HaY,Calvin Harris,Cash Out,13,0,34,6646,45467
37LA4iubhrHGCEamTRvEc1,14T8NkbwXVZgbOvwnuGV89,GReeeeN,ハロー カゲロウ,10,0,144,4899,45415
4AOpEhqA7zHxQjkHmRrAp7,7keGfmQR4X5w0two1xKZ7d,Kungs,This Girl - Kungs Vs. Cookin' On 3 Burners,24,0,51,2495,45273
0hNduWmlWmEmuwEFcYvRu1,6gK1Uct5FEdaUWRWpU4Cl2,Petit Biscuit,Sunset Lover,39,0,85,1801,45252
51Fjme0JiitpyXKuyQiCDo,6USMTwO0MNDnKte5a5h0xx,Y2K,Lalala,4,0,184,11893,45128
1Djm0wr3xoD3L0C6NczkvG,3X1afU2VL6MV0AJacARH7T,OKAMOTO'S,Burning Love,28,0,59,2553,45092
12M5uqx0ZuwkpLp5rJim1a,06HL4z0CvFAxyc27GXpf02,Taylor Swift,Cornelia Street,4,0,132,12317,45073
7FOrQDYmTBskAtuRxGNEwZ,6mEQK9m2krja6X1cfsAjfl,Ado,シャルル,1,0,199,44969,44969
1AvYYRShn6ZWrcqOF1mWHV,7k73EtZwoPs516ZxE72KsO,ONE OK ROCK,Nobody's Home,39,0,84,1677,44960
34nBbteOgBstzwim7vWClc,1EowJ1WwkMzkCkRomFhui7,RADWIMPS,猫じゃらし,2,0,91,25854,44747
5xhJmd0I15jFcEdqxfCzKk,69GGBxA162lTqCwzJG5jLp,The Chainsmokers,It Won't Kill Ya,17,0,27,5497,44729
6n5M2Al3QgTScpO4AZH9OI,7nqOGRxlXj7N2JYbgNEjYH,SEVENTEEN,Diamond Days,1,0,169,44712,44712
5JPpRCB1m5Puo3KyVzoICw,0NIIxcxNHmOoyBx03SfTCD,Tinashe,Me So Bad,9,0,102,6521,44706
6xXRAi4JW9SzaM3b5R3Gbe,4Wet9Sqa5LrEjBeV4k6edh,AK-69,Bussin’,2,0,178,22578,44662
7cwzoU55oSCNP7m8dWDShQ,1S2S00lgLYLGHWA44qGEUs,Gen Hoshino,Get a Feel,3,0,63,18981,44566
5BKiMkWucQVb7wrFi29VtX,6HaGTQPmzraVmaVxvz6EUc,Jung Kook,3D (Alternate Ver.),1,0,174,44484,44484
3MhNgzZwFtUF6jSr6pRSkW,1vCWHaC5f2uS3yhpwWbIA6,Avicii,Ain't A Thing ( feat. Bonn),4,0,64,13901,44315
5GvYXAkpBXXb5zcy5IfHNP,4HfuyMMy295oBvbIuXr0v8,GENERATIONS from EXILE TRIBE,太陽も月も,14,0,80,3913,44221
2RC8gTIuaVylNoJMVmZKSl,6e9Wgn2800cCQcM0b4cNwt,Ulfuls,バカヤロー,21,0,97,2618,44080
3lkz1O0KSXBKqYHwaqkIcj,0O0hxUrO2PKxZknken3R24,Suchmos,SEAWEED,30,0,77,2076,44067
5GkQIP5mWPi4KZLLXeuFTT,66CXWjxzNUsdJxJ2JdwvnR,Ariana Grande,motive,2,0,173,23585,44007
20FfCMC46eOIIrxCUdSNZT,2dIgFjalVxs4ThymZ67YCE,Stray Kids,LALALALA (Rock Ver.),1,0,177,43983,43983
3acGHJqr9xU1cnCEfLX1Lx,7nqOGRxlXj7N2JYbgNEjYH,SEVENTEEN,I Don't Understand But I Luv U,1,0,147,43884,43884
2U99CkOaKJ000EV8GqMS1E,3PJilv6F07BzEjSpkAXoOl,KUWATA BAND,MERRY X'MAS IN SUMMER,2,0,77,26032,43700
3lFHoXPzM7z0F8qn3doaCR,4UhiMIdxKqQxmzdE9nYe6O,m-flo,No Question,9,0,103,5753,43652
1NKFGfXwYemK2Stozsl6Un,6BWqrRjmPFKofxtmHXd4mG,ヒプノシスマイク -D.R.B- (夢野幻太郎),蕚,2,0,88,24845,43632
3dPpQeLTWjCjEbSevDMQfW,1S2S00lgLYLGHWA44qGEUs,Gen Hoshino,FUSHIGI,1,0,82,43620,43620
6EBlOYNcZ8MrdEov9lEdV6,1vCWHaC5f2uS3yhpwWbIA6,Avicii,Hold The Line,4,0,68,13598,43422
0eFMbKCRw8KByXyWBw8WO7,6HaGTQPmzraVmaVxvz6EUc,Jung Kook,Still With You,1,0,163,43380,43380
47EiUVwUp4C9fGccaPuUCS,4q3ewBCX7sLwd24euuV69X,Bad Bunny,Dakiti,2,0,188,22431,43380
3qC3qmZNDXu62hc8YbhWsy,1vCWHaC5f2uS3yhpwWbIA6,Avicii,Dear Boy,4,0,32,16940,43379
1EWTsgQAEsUrnQ8iawhDSN,2dIgFjalVxs4ThymZ67YCE,Stray Kids,ITEM,1,0,146,43363,43363
5smmjzMNkj4YSacTBH6taZ,3Nrfpe0tUJi4K4DXYWgMUX,BTS,Black Swan - Japanese ver.,2,0,119,25011,43345
5fCKBIJ7BwaCpxxwZCbS5X,4SpbR6yFEvexJuaBpgAU5p,LE SSERAFIM,We got so much,1,0,194,43282,43282
2vcO3eoQ9WME8dfHGt3sdm,4wCW8kZ8LL7QIdcE8EOKPP,BE:FIRST,Salvia - Anime Size,1,0,161,43264,43264
1bLVuL2BGgtvRd8C5L3kwr,6sAONleCsmAyP87OHsVAPV,chelmico,Disco (Bad dance doesn't matter),2,0,192,21817,43085
6UjfByV1lDLW0SOVQA4NAi,3TVXtAsR1Inumwj472S9r4,Drake,Gyalchester,19,0,67,2541,43072
7JW3bKJgD9oE5BTJAxveI3,0pWR7TsFhvSCnbmHDjWgrE,Creepy Nuts,助演男優賞,26,0,88,2122,43059
7oqftogUN82Q7VNy2TmTJW,6vWDO969PvNqNYHIOW5v0m,Beyoncé,MOOD 4 EVA,4,0,157,11364,43048
4uqRDeCgXPLQFYqA5uf5Tr,2jnIB6XdLvnJUeNTy5A0J2,Why Don't We,Feliz Navidad - Recorded at Spotify Studios NYC,4,0,78,15525,42987
66zACCTfWAXjXsoNdv6o5S,29D4iRqjepAsZt6o5hccND,Miliyah,Utopia,22,0,73,2630,42926
0JM8LI4HxrQs2Reqr2naYo,5pUo3fmmHT8bhCyHE52hA6,Liam Payne,All I Want (For Christmas),2,0,86,24437,42900
2JrFLSgCKWRuLfRTwemuKU,6m14xgA0m3w92UM7ujJgky,UVERworld,Ittekinoeikyou,18,0,146,2647,42875
1uuumSb9n7tWdWyu9ItiYq,7lbSsjYACZHn1MSDXPxNF2,Hikaru Utada,真夏の通り雨,10,0,171,5317,42814
5WeMW3BHiC7loQLKo8uyBQ,630wzNP2OL7fl4Xl0GnMWq,BABYMETAL,Starlight,6,0,45,11949,42778
3rb5K4Cw0GsLsgjcSYAP9K,0MK8l3nURwwQIjafvXoJJt,ASIAN KUNG-FU GENERATION,Rewrite,36,0,89,1726,42728
2peXRsKoFZMyy30Zi3dhLH,1k5LyiTCRzPjORzcgHqJxF,Kanaria,大脳的なランデブー,1,0,139,42647,42647
0YguyyCOTyujhSDXWyB4W3,3Nrfpe0tUJi4K4DXYWgMUX,BTS,Go Go - Japanese ver.,6,0,84,7914,42640
0R2sVKQiehRZIjT9cXuvub,5Xcbv83o11Ez2XPHa1n8Pf,AmPm,Turn Your Love Around,12,0,122,4028,42541
5274I4mUMnYczyeXkGDWZN,1RyvyyTE3xzB2ZywiAwp0i,Future,Fine China,7,0,138,6570,42472
3cNjgVBKTJ1SvKhunrCdVy,36jaGQtMj5UWD0eO1fCVdD,Joel Adams,Please Don't Go,18,0,36,3141,42418
0jKHECmfKP33DIOHqEfoJg,6TDMbiQCWeMClsMr9ORLRK,aiko,愛した日,2,0,89,24760,42242
3mhnKSz9NzYuCR67gXIVEJ,7nqOGRxlXj7N2JYbgNEjYH,SEVENTEEN,Happy Ending,5,0,164,8801,42217
3KJKSCQrRDEubD619IYXJK,5Qeyh2XKoITt1mlEVtzazC,Daoko,終わらない世界で,6,0,79,8801,42015
2bF066rL0fvslEQboYeVxu,2ZjWbNQAjL74Pf4aqikIz2,Shota Shimizu,Princess,2,0,197,21091,41910
6J7ZSdEEYo3ns4gnHdwRL0,7iLc4hrjOjQPfg1E3cCHg1,Tim Berg,Seek Bromance - Avicii Vocal Edit,4,0,37,16582,41907
1htuhBLEvnY2s2k9juFQJG,5k7KS34gxQbzdQaXWSOVKC,AiNA THE END,宝者,1,0,200,41880,41880
2kYbyudUsQyBzFjWTpy6xV,7n2Ycct7Beij7Dj7meI4X0,TWICE,MAKE ME GO,2,0,105,23682,41802
68unkgYfyfZDWSVz7FoY8Z,7k73EtZwoPs516ZxE72KsO,ONE OK ROCK,Mighty Long Fall,36,0,63,1602,41726
73j9Wf4xTQZRAHcNzysu6z,79nkC8XZ5ohEVU0Xlf5Ael,SOUTHERN ALL STARS,ミス・ブランニュー・デイ(MISS BRAND-NEW DAY),2,0,72,24541,41685
2KaTgesVM7tj7rlYmZwfoI,5rNUVqgzCi4FX47RY8n9cx,Mizuki Ohira,Good Night - Xmas Remix by The Hotpantz,5,0,80,13205,41678
0AuEHmUQAMbqf9hrXBQcuT,7gRg6C2qgQ1F01k3sgyEVt,SPYAIR,轍~Wadachi~,2,0,197,21148,41601
5E9RMONz5d5UEfej33t3Eb,0PYPjvZaOa7bsCq26JOX8d,VK Blanka,WALK - movie ver.,8,0,120,5982,41594
3DLa8x3JMEdE4x4h7Cor9V,0zluI3EpmN5moxQlLA7iAs,The STROBOSCORP from 映画『君と100回目の恋』,アイオクリ(movie ver.),26,0,78,2377,41541
2ReuWWvhUbgX9a1OyNqbl8,4GnFg9D7Ds99UI0r5t9PZK,Natsuko Nisshoku,ログマロープ,31,0,79,1998,41498
5RIYgkT6LqqfOyBGHKdNV5,2koP6FEfIEVk4l2Fe6jFhu,JO1,OH-EH-OH,2,0,192,21058,41491
07bZdteqHfKuVKYhsE7dRX,1qma7XhwZotCAucL7NHVLY,Mr.Children,fanfare,7,0,81,7676,41487
3M6R3MaIkliOaZQ4YX67W1,4UK2Lzi6fBfUi9rpDt6cik,Yorushika,451,1,0,158,41485,41485
3gBzYFtF0BATGZFUKKOP1b,1EowJ1WwkMzkCkRomFhui7,RADWIMPS,ココロノナカ,2,0,104,23644,41445
3o1CUVeHIid49sabk6A6Nf,23fqKkggKUBHNkbKtXEls4,Kygo,Forever Yours - Avicii Tribute,3,0,193,14521,41319
3U3JqRIkZXrx5ZDM0iXBkU,6zGmypGQUBXD4ZC9EbfMme,EXILE,Heads or Tails,8,0,101,6226,41245
78ooUd8wbjp22IzEPGxlRg,3cbd5GWGOknxmFAe77MDbk,ELLEGARDEN,ジターバグ,6,0,61,9063,41103
1h1X0s5L9PwU5FhdjH77s1,1S2S00lgLYLGHWA44qGEUs,Gen Hoshino,Orange,1,0,173,41098,41098
0RQvyH0WUVmvaeayvgPzV2,7JthQ6zwNzfxRfIEjp6wUs,HIRAIDAI,THE GIFT - Movie Edit,5,0,138,9164,41092
7v8v911KfBuFkqXvuDOtNm,7nqOGRxlXj7N2JYbgNEjYH,SEVENTEEN,Dust,1,0,174,41054,41054
0jvZ9caE53ubCQXMki6W23,2dIgFjalVxs4ThymZ67YCE,Stray Kids,TOPLINE (Feat. Tiger JK),1,0,159,40920,40920
6tUgfsOa8PLkoede5nOR7D,5wPoxI5si3eJsYYwyXV4Wi,N.E.R.D,Lemon,11,0,117,4277,40862
4ZJPwET9Jrgpkqi4Vo3Yg8,64M6ah0SkkRsnPGtGiRAbb,Bebe Rexha,Bad Bitch,21,0,97,2559,40765
2yezAYnrAXvpQ4POqVn88x,1qma7XhwZotCAucL7NHVLY,Mr.Children,CENTER OF UNIVERSE,6,0,70,8505,40692
5O8S2eYPgvXeDS4Y3ij3hi,0x7bC0gbku4Mu85Pv6wYva,ShowMinorSavage,SUPER ICY,1,0,154,40680,40680
2SBr3MK1sdMs8IxdRcN6qz,4RVnAU35WRWra6OZ3CbbMA,Kylie Minogue,Santa Baby,6,0,94,13339,40604
3OhW68CiyfCoeGntozuUMl,2dIgFjalVxs4ThymZ67YCE,Stray Kids,Super Bowl,1,0,166,40533,40533
6a2LVhfSS7LZfyUCmJ7L2J,0oVhaLxRCPaOWacVjswYPv,ヒプノシスマイク -D.R.B- (飴村乱数),ピンク色の愛,2,0,105,23474,40523
7jZsxjJNIvxH05ll3krzeR,2S6A6zkTKElCA0BJku4FBZ,RHYMESTER,待ってろ今から本気出す,6,0,147,7322,40437
5YN0zHycJ0Yxz31A5QsVov,60d24wfXkVzDSfLS6hyCjZ,Martin Garrix,These Are The Times,4,0,159,10490,40431
3OdIiWnYRHPYtC313Z0Bwy,1oSPZhvZMIrWW5I41kPkkY,Jimin,Face-off,1,0,160,40398,40398
2noRPwBUD3h98s09YuxHf9,7k73EtZwoPs516ZxE72KsO,ONE OK ROCK,Save Yourself - Japanese Version,1,0,117,40331,40331
32W1dyO4NTHAthKprlz1vd,3KonOYiLsU53m4yT7gNotP,TREASURE,BONA BONA,1,0,181,40310,40310
4Zs1tiD2UU17WMTJ0bncUL,0O0hxUrO2PKxZknken3R24,Suchmos,SNOOZE,28,0,72,2266,40285
6aHCXTCkPiB4zgXKpB7BHS,3Nrfpe0tUJi4K4DXYWgMUX,BTS,Trivia 承 : Love,6,0,83,7928,40268
5XgPMWlv1dTkPYVgeJ5q0b,4QvgGvpgzgyUOo8Yp8LDm9,Mrs. GREEN APPLE,Doodle,1,0,194,40198,40198
06BIna6ik1U4hoR0XlSfzw,5ydDSP9qSxEOlHWnpbblFB,Sambomaster,輝きだして走ってく,8,0,150,5535,40137
5lWbZmExFPTjajp8pCdVS9,3PWp9R5HvbQgxI5KBx5kVd,KANA-BOON,Wake up,24,0,44,2425,40136
0TNPUcwPmB1FTphS3fPcRi,7k73EtZwoPs516ZxE72KsO,ONE OK ROCK,Good Goodbye,36,0,97,1308,40131
4oALvhH8YCyZvezX96MLrk,6TDMbiQCWeMClsMr9ORLRK,aiko,Mikuni Eki,2,0,108,23262,40065
20zF7W9oqE65eGkRoT36IY,7zPyS2eGOYY53pbISyQ2Ht,ヒプノシスマイク -D.R.B- (有栖川帝統),SCRAMBLE GAMBLE,2,0,114,22822,40029
3mj7vEw5A8MQ35p8wFLvZc,03E7w8NrBr4lNCK33TQyil,Keyakizaka46,黒い羊,2,0,26,21328,39980
2qGOXVRW4hUU6aAtIsH4W6,630wzNP2OL7fl4Xl0GnMWq,BABYMETAL,Distortion,6,0,60,8679,39900
2SRLeHj474qmt2qZWRRqeX,4HfuyMMy295oBvbIuXr0v8,GENERATIONS from EXILE TRIBE,PIERROT,26,0,86,2320,39876
3Q3myFA7q4Op95DOpHplaY,2cFrymmkijnjDg9SS92EPM,blackbear,do re mi,22,0,118,2285,39861
5podb1asONjqwKk1iMVOeG,2dIgFjalVxs4ThymZ67YCE,Stray Kids,Hall of Fame,1,0,175,39806,39806
73QZvwSZubUWz83B4nMMYV,15B9FrdU78YP1NVHRekesE,WONK,savior,25,0,54,3087,39790
4HUV2PRb8VAkI2yhodYqj0,6TDMbiQCWeMClsMr9ORLRK,aiko,Hatsukoi,2,0,110,23129,39779
2a1DoWacEH5XMVwDo2Rd1C,43hK0a9mmIS2ROhc0ukG7X,SCHA DARA PARR,ミクロボーイとマクロガール,21,0,91,2698,39682
5EgYDyMDCi8X0zDydTF7Rb,3Nrfpe0tUJi4K4DXYWgMUX,BTS,Heartbeat (BTS World Original Soundtrack),4,0,179,10583,39675
7rIXkPCaibFJTs4rKS29OS,7nqOGRxlXj7N2JYbgNEjYH,SEVENTEEN,April shower,1,0,183,39615,39615
0WskyMK2ZJ5dI16yPxXZH5,4wCW8kZ8LL7QIdcE8EOKPP,BE:FIRST,Milli-Billi,1,0,125,39537,39537
6ZZf5a8oiInHDkBe9zXfLP,6eUKZXaKkcviH0Ku9w2n3V,Ed Sheeran,Curtains,1,0,189,39524,39524
3GD9HK7FikWr5k7OomOFlj,4wCW8kZ8LL7QIdcE8EOKPP,BE:FIRST,Softly,1,0,126,39491,39491
3Z3QhZAZpqwZa1phsbQ3JZ,5KEG7G8LDYlHgFDqZyEEs2,Chris Rea,Driving Home for Christmas,4,0,82,14484,39490
5fcM0StdQxMjzulVGhFkHN,3TVXtAsR1Inumwj472S9r4,Drake,8 Out Of 10,6,0,79,8487,39413
6dyXogYZZ45wBgRY1Wq3P1,2dIgFjalVxs4ThymZ67YCE,Stray Kids,DLC,1,0,181,39404,39404
6Spr8Ow0Cs2DQAr7dpdEBF,2mJOGcLR3aCHkM1uAF93or,DREAMS COME TRUE,やさしいキスをして,5,0,178,8098,39300
0dnFBKDhthNNAYy0RTCkEF,7n2Ycct7Beij7Dj7meI4X0,TWICE,SWEET TALKER,8,0,147,5171,39212
1kBJI5gB7VzJ9zWg4vrkKY,0x7bC0gbku4Mu85Pv6wYva,ShowMinorSavage,Thinkin' bout you,1,0,165,39109,39109
3HgnyK2LWyhLtVnNFsCyQx,3AV2Gkfk7UMNVXeZFIlKBh,キヨ,有頂天猫,1,0,191,39080,39080
0dj1CtyRxZ4bnIT4Q20jNT,69GGBxA162lTqCwzJG5jLp,The Chainsmokers,Wake Up Alone,15,0,34,5165,39032
4BHSjbYylfOH5WAGusDyni,2YZyLoL8N0Wb9xBt1NhZWg,Kendrick Lamar,YAH.,15,0,52,3512,39004
1OjmlSFuzYflWjSMTCyTJv,7gOdHgIoIKoe4i9Tta6qdD,Jonas Brothers,Like It's Christmas,2,0,105,22279,38967
30GQiHRTxImJLdFWx6vck0,4HfuyMMy295oBvbIuXr0v8,GENERATIONS from EXILE TRIBE,BREAK DOWN YA WALLS,4,0,178,10396,38915
5OvFRMpSfYJez1FYim5IXN,43kKsfG1eZSFW785NtHDYs,DYGL,Let It Sway,29,0,75,1895,38905
6G2Rt37mp6XfKOP4EmTFRO,5BANJdBRihIaUpzjqAec7E,Ohashi Trio,デイジー,21,0,66,2614,38855
3faO4pLbvIOi8zMofuR0j4,7n2Ycct7Beij7Dj7meI4X0,TWICE,BDZ - Korean Ver.,6,0,110,7704,38641
6GeD5g9vZTz25Egf8kxoIY,69GGBxA162lTqCwzJG5jLp,The Chainsmokers,Last Day Alive,15,0,36,5155,38630
4xedoSt93AnexLIhxo2KSs,4SJ7qRgJYNXB9Yttzs4aSa,Ryokuoushoku Shakai,マジックアワー,1,0,200,38611,38611
6xNa6fXypeG458P9H3wJnb,4UhiMIdxKqQxmzdE9nYe6O,m-flo,MARS DRIVE,6,0,125,7391,38608
6I6NX6tjGsxFAsIfGzY9lJ,6l3HvQ5sa6mXTsMTB19rO5,J. Cole,Deja Vu,21,0,51,2099,38597
4kUIdY0w3EIeggbFAhjmOM,3yzQHdj9G34CVZ5rVUDrOM,Crystal Kay,Lovin' You,30,0,53,1848,38522
3qN5qMTKyEEmiTZD38BNTT,3TVXtAsR1Inumwj472S9r4,Drake,I'm Upset,6,0,72,8346,38462
2sg8bTpvaNClSPcZC4u0Yn,0FcX6LktU0zirOd1u2cgpR,Kazunari Ninomiya,HONEY BEAT,1,0,119,38356,38356
3wPbN9E78RIYVAy4GIS4nG,2vJObElaIZWYDLpiXiJMo9,Cornelius,あなたがいるなら,17,0,63,3047,38353
4trF1FYZZvMk3dT3c8MGMZ,1tcHKxlx0TZ6MkHGO4QYv3,KEN THE 390,after party,19,0,64,2695,38223
4zJEGkmkmA4orRkMdzimRu,1EowJ1WwkMzkCkRomFhui7,RADWIMPS,KANASHIBARI,1,0,196,38221,38221
6uXv2CS9vp2UmPm9NukrKg,43kKsfG1eZSFW785NtHDYs,DYGL,Waste of Time,32,0,76,1558,38146
0FX3WbOeh8v6GEfBnJnx3q,6TDMbiQCWeMClsMr9ORLRK,aiko,Yokogao,2,0,122,21948,38070
5uk2KjdnSdC3EwTlAndL8Z,31zdCo7PhGXLRbg0sfBUYa,The fin.,Pale Blue,14,0,76,3645,38041
1fcbAM10NJDMxShne4Vqjq,58oPVy7oihAEXE0Ott6JOf,Eve,Shirayuki,1,0,157,38036,38036
3nXzWBaH6lhOksp1wu8hnL,5Zy2tdfVQKbDwpqWcjXg42,MAZZEL,Vivid,1,0,198,37953,37953
3gUK125fGNBWNOFmAkjHK7,1qma7XhwZotCAucL7NHVLY,Mr.Children,CROSS ROAD,6,0,75,7969,37852
3K8jhwWeVxwnt7VguiRkZp,0ZNOGQWBmBxJPBQG0HS0mJ,Rekishi,幸福論,7,0,93,7296,37839
1uvnoVenDErcF120HP7dQ5,79nkC8XZ5ohEVU0Xlf5Ael,SOUTHERN ALL STARS,愛の言霊 ~Spiritual Message~,2,0,89,21737,37768
6woeVu3fVMflqen1t4N6pg,7jVv8c5Fj3E9VhNjxT4snq,Lil Nas X,Old Town Road,3,0,110,13984,37717
1TtMRMV91V6sRyddBjK6uw,6TDMbiQCWeMClsMr9ORLRK,aiko,Sakura no Toki,2,0,128,21607,37537
6OlQzXUUAIjWSwmRrfBeNn,4wCW8kZ8LL7QIdcE8EOKPP,BE:FIRST,Spin!,1,0,131,37511,37511
1FDrCBlNru2OrVXePw1BFQ,6rs1KAoQnFalSqSU4LTh8g,back number,リッツパーティー,1,0,197,37491,37491
27qAMKrDdKEs8HDXcvR24R,5KEG7G8LDYlHgFDqZyEEs2,Chris Rea,Driving Home for Christmas - 2019 Remaster,2,0,115,21156,37487
13G2QNS7fnJWPKuWtch5HY,2koP6FEfIEVk4l2Fe6jFhu,JO1,We Good,1,0,189,37345,37345
0V1K6MU0utODk4yNqZKsFv,0O0hxUrO2PKxZknken3R24,Suchmos,Water,5,0,123,8126,37338
4h5N4KyWZMtpeH9vhXSXjd,4MCBfE4596Uoi2O4DtmEMz,Juice WRLD,Life's A Mess,2,0,156,19318,37282
5ZMbkW9TYzmKyod6FCIS4Q,49pGKUCSjzaCfv8gdTWG98,BOYS PLANET,Here I Am,1,0,198,37261,37261
3uS4AqZvyRdqTtG87k7etU,14T8NkbwXVZgbOvwnuGV89,GReeeeN,贈る言葉,6,0,142,6488,37198
7hvO2qCwJVZxiyoA7c9i5d,6eUKZXaKkcviH0Ku9w2n3V,Ed Sheeran,BLOW,3,0,99,13636,37145
0g3TpQFLDLUwjj56BCxsou,7k73EtZwoPs516ZxE72KsO,ONE OK ROCK,Neon,1,0,129,36964,36964
5Hfnps0jaWFpYg55WOPexG,1oSPZhvZMIrWW5I41kPkkY,Jimin,Alone,1,0,191,36887,36887
3EYk13LsYCq6oQs5jwd6ox,0x7bC0gbku4Mu85Pv6wYva,ShowMinorSavage,No Cap Navy,1,0,180,36821,36821
7y6c07pgjZvtHI9kuMVqk1,3TVXtAsR1Inumwj472S9r4,Drake,Get It Together,15,0,56,2965,36780
7dqUVy6c69qzuAtIFbNeZ8,2dIgFjalVxs4ThymZ67YCE,Stray Kids,GET LIT,1,0,198,36775,36775
3pC1ILr9KzmQLMe8Kn5QBG,0QHgL1lAIqAw0HtD7YldmP,DJ Khaled,To the Max,11,0,53,5149,36724
2mEvsc8k8iwR099b49PccJ,2snm3HmsnDUDxbIChdl2Oj,Justin Hurwitz,The End,23,0,89,1991,36668
5LALBWXiKVwS2iFsD4AdI2,3cbd5GWGOknxmFAe77MDbk,ELLEGARDEN,Space Sonic,5,0,59,9289,36646
1CB1Hc3qRVIXO3XVs4JaBa,4sWyw0OrBKwmiaPOAuTuig,GLIM SPANKY,美しい棘,23,0,104,2047,36449
5SAfCuYGb48kyOlTira3nD,1XYuC1vxinTjHCNd5clB8C,ARASHI,君のために僕がいる,2,0,151,19849,36426
6qWLArjGhEwnpjq0hQO8P4,2vJObElaIZWYDLpiXiJMo9,Cornelius,いつか / どこか,15,0,89,3128,36365
6adHLVcdYkQRMcLAcKq5YX,4TFfPbcLZFXw1C6zsJhoeX,bonobos,THANK YOU FOR THE MUSIC - Nui!,14,0,121,3283,36335
7AFASza1mXqntmGtbxXprO,15UsOTVnJzReFVN1VCnxy4,XXXTENTACION,changes,7,0,108,5814,36334
2lDWYLNnfYyXngjz4plpy2,68Uwx1d3EbjDJhYsLjqvIq,Emma Stone,Audition (The Fools Who Dream),23,0,89,2057,36218
3KWiO0ynNALTb45pIA5A5f,0O0hxUrO2PKxZknken3R24,Suchmos,TOBACCO,23,0,61,2577,36156
1mY3E6zTjhjQD5SSy8ctgk,5Vo1hnCRmCM6M4thZCInCj,OFFICIAL HIGE DANDISM,White Noise,1,0,192,36145,36145
3B4z3evyiybgDCwR4oJVGY,4HfuyMMy295oBvbIuXr0v8,GENERATIONS from EXILE TRIBE,Namida,17,0,173,2291,36036
1HagMz5nWk1HmevNCBOxF3,2uFC1dAj5b0YU7vulKNZ0p,Banx & Ranx,Answerphone,7,0,129,5499,35819
5A7Wefnnwn570vA3SviWv5,56L69pTRrbMIVQoO9wbaS9,RED DIAMOND DOGS,Stand By Me,23,0,91,1984,35783
06tS8DJvpQPGW9MBpbnuaL,1XYuC1vxinTjHCNd5clB8C,ARASHI,Your Eyes,2,0,155,19541,35750
1QovwAyvOapbegiCMzGy2i,4QvgGvpgzgyUOo8Yp8LDm9,Mrs. GREEN APPLE,僕のこと - Orchestra ver.,1,0,198,35707,35707
451krgfVbiNmFxAIXTGQjL,2llRPLPOCvnAiUozItvPsU,PEOPLE 1,Ratpark,1,0,199,35642,35642
7J9kqM3KFem6P3uSsyitIZ,5MPOKeJJi86inlu2dvewah,Aanysa,Burn Break Crash,24,0,63,2265,35612
6dYfDot5uMz33vtxipSXLS,1XYuC1vxinTjHCNd5clB8C,ARASHI,Hero,2,0,159,19373,35555
6uqxRSkUzwnoraYGJv4gmr,2koP6FEfIEVk4l2Fe6jFhu,JO1,Rose,1,0,177,35552,35552
79bTJPXJYGD9syzG3g4MUl,3cbd5GWGOknxmFAe77MDbk,ELLEGARDEN,Red Hot - Red Hot,5,0,67,8712,35525
1LIbyTY4G04Hl8wLiUxuM9,1XYuC1vxinTjHCNd5clB8C,ARASHI,To Be Free,2,0,157,19429,35490
05KOgYg8PGeJyyWBPi5ja8,3TVXtAsR1Inumwj472S9r4,Drake,Free Smoke,14,0,46,3393,35372
6bIELZs1M0OXx6dXHdU6Mq,0hCWVMGGQnRVfDgmhwLIxq,sakanaction,キャラバン,1,0,128,35284,35284
3kvMma1IjS9GwYzH2vFfoa,1qma7XhwZotCAucL7NHVLY,Mr.Children,くるみ,6,0,134,6719,35235
5nh322AZlmx6Zg3NHZduz3,30Wq8ge0CioxnqqSvxJ562,ヒプノシスマイク -D.R.B- (碧棺左馬刻),Gangsta's Paradise,2,0,118,19605,35160
00NAQYOP4AmWR549nnYJZu,1Xyo4u8uXC1ZmMpatF05PJ,The Weeknd,Secrets,15,0,36,3044,35119
4onp536Y7gruFWDdvEnnTk,3jDtqAKltRxJi64svLZGj7,Bibi Bourelly,Xmas Trees,3,0,69,16033,35063
2nvSYo97ojW4OCrNxtjHVT,1mN9lPKzTRTOop4u7S1Uy9,iri,Only One,7,0,168,5222,35030
4mU5iXHeLgbR94siF7p1sY,1Xyo4u8uXC1ZmMpatF05PJ,The Weeknd,Six Feet Under,15,0,37,2896,35013
5HBVUSLdhLgrogVs3bUKIa,6J7biCazzYhU3gM9j1wfid,Jamiroquai,Cloud 9,21,0,66,2535,34886
5aK281hutF2kWEJrxyCGW0,0FcX6LktU0zirOd1u2cgpR,Kazunari Ninomiya,Attitude,1,0,141,34725,34725
5T03itPFOPGGkvVPvPiyla,6eUKZXaKkcviH0Ku9w2n3V,Ed Sheeran,Put It All on Me,3,0,119,12539,34695
18xszcbgtHszOyovyumBPJ,3cbd5GWGOknxmFAe77MDbk,ELLEGARDEN,スターフィッシュ,5,0,70,8538,34622
1b1XlfWkqe6bAsi5go0Ppg,2DesRdo7rppo0VC8cR3vsf,Tele,鯨の子,1,0,199,34621,34621
0n2bvWvMwr0gbjcuTm92eW,00FQb4jTyendYWaN8pK0wa,Lana Del Rey,Love,13,0,46,3920,34524
5FqE1Cd1rt7ijK76BlFx87,1S2S00lgLYLGHWA44qGEUs,Gen Hoshino,Create,1,0,102,34488,34488
4ckuS4Nj4FZ7i3Def3Br8W,3TVXtAsR1Inumwj472S9r4,Drake,Sneakin’,16,0,49,2849,34467
32107DdzIGbVs9Pi54MuRS,41MozSoPIsD1dJM0CLPjZF,BLACKPINK,Hope Not,4,0,122,9580,34441
3Kry3dqpeN4PoGRrC9NxAb,1XYuC1vxinTjHCNd5clB8C,ARASHI,Calling,2,0,163,18767,34354
0XuVbl4x4Z6Bfuv2UyNo6t,79nkC8XZ5ohEVU0Xlf5Ael,SOUTHERN ALL STARS,栞(しおり)のテーマ,2,0,101,19868,34129
37F0uwRSrdzkBiuj0D5UHI,1Xyo4u8uXC1ZmMpatF05PJ,The Weeknd,Reminder,15,0,42,2875,34095
542z6gTuuyACljo8ddUzJa,0KZ7Lk1c6rpp0nwvY9EuD4,Shin Rizumu,彼女のカメラ,25,0,72,1788,34056
3Owz3vrIE44Hvt0sLsfwHI,6RHTUrRF63xao58xh9FXYJ,IVE,My Satisfaction,1,0,147,34052,34052
2lJsGARcVobwct5Dl9ok2j,5BANJdBRihIaUpzjqAec7E,Ohashi Trio,DOLLY,18,0,63,2740,33980
4bTAg9ISXKrItxTdIaRKve,79nkC8XZ5ohEVU0Xlf5Ael,SOUTHERN ALL STARS,みんなのうた,2,0,103,19804,33952
1ngZ5tZPK7WpetA3kZ9mUG,7Gh6fW49xfXLP8DTWaLVJP,Kyary Pamyu Pamyu,キズナミ,6,0,146,6360,33929
4O4HtthxTvVL1Z1PuDb7GX,7jVv8c5Fj3E9VhNjxT4snq,Lil Nas X,Old Town Road,3,0,139,11537,33924
4YLtrBhzjsI2LT6ybXQHeD,31TPClRtHm23RisEBtV3X7,Justin Timberlake,SoulMate,6,0,76,7166,33890
1J9E6g2RQFcEEKR3frWEES,5BANJdBRihIaUpzjqAec7E,Ohashi Trio,SHE,13,0,123,3424,33884
6SPx2vT9eYUYuUZphlIegB,3B9O5mYYw89fFXkwKh7jCS,TK from Ling tosite sigure,Katharsis - TV Edit,5,0,110,7672,33880
3CZoTwEuhvrokhej4VAo0Q,1ieluXFoq2RRxMXZIQksTz,Gesu No Kiwami Otome,勝手な青春劇,17,0,90,2447,33803
1xWH8zYtDeS9mW1JJG23VZ,66CXWjxzNUsdJxJ2JdwvnR,Ariana Grande,R.E.M,6,0,144,6269,33777
3M8WW1kRjIMWJeiEpBybfD,2ZjWbNQAjL74Pf4aqikIz2,Shota Shimizu,Fly,15,0,135,2538,33717
0Y8Knor6Q2EZzDgUAjaL0x,7MMmb0i2DjUg6Umom4nrh4,TAAR,Come Together feat. iri (80KIDZ Remix),15,0,99,3115,33693
1Bdptrvb7nQkq8kCw3siE9,6eUKZXaKkcviH0Ku9w2n3V,Ed Sheeran,Feels,3,0,131,12149,33685
2zIwSaRnzzj7TRIBGNEAF9,74F5BixS3Q9eSs9AnG3xIz,chay,恋のはじまりはいつも突然に,21,0,102,2112,33633
6ZSO7kPn8IMJFymyticbJO,4u5smJBskI6Adzv08PuiUP,Kiiara,Gold,20,0,30,3089,33609
14EMiURqDNcVa6ZNSFfQsa,1XYuC1vxinTjHCNd5clB8C,ARASHI,Sunrise日本,2,0,173,18238,33595
1pVZciu0BUYyNRbBGqj662,3X1afU2VL6MV0AJacARH7T,OKAMOTO'S,90'S TOKYO BOYS,13,0,96,3276,33582
7ynCQo1KpBOyTdTdAnjSLZ,5WUlDfRSoLAfcVSX1WnrxN,Sia,Move Your Body - Single Mix,28,0,92,1686,33570
2XN7kj4qDifnnaynT2NUpL,279R7zEl7kwZxoMw18Pr9R,Kiroro,NAGAIAIDA,7,0,163,5069,33555
5EHoaIl9RURnb8nhyf26ug,3QJUFtGBGL05vo0kCJZsmT,salem ilese,Thank You Note,1,0,180,33547,33547
37KAq4LDsJBrzwUePdA4ov,5FGlhIQqewJRV8fx24toG0,Masaharu Fukuyama,トモエ学園,9,0,135,4648,33546
650OeHTLxZAQmb4aEbGmaA,6XyY86QOPPrYVGvF9ch6wz,Linkin Park,Good Goodbye,13,0,36,6772,33538
0dbTQYW3Ad1FTzIA9t90E8,55Aa2cqylxrFIXC767Z865,Lil Wayne,Mona Lisa,5,0,118,7254,33398
6sLqMbsQdpBT9DLidUjPgG,1XYuC1vxinTjHCNd5clB8C,ARASHI,台風ジェネレーション,2,0,172,18259,33376
56G6NDYWpQiXMdS5ecgMno,0O0hxUrO2PKxZknken3R24,Suchmos,BODY,21,0,63,2452,33371
0Lwrc1NXl4jf4ZGdpfDEd0,4VtGAq60pJUJic8LFAqPOI,Hypnosis Mic -D.R.B.- (MAD TRIGGER CREW),DEATH RESPECT,5,0,147,6999,33360
3rQY17nivv8jZ9alARtfs3,1ieluXFoq2RRxMXZIQksTz,Gesu No Kiwami Otome,ドグマン,5,0,125,7260,33358
4ANIyqDu9QunO1w6DqCDTJ,4lDBihdpMlOalxy1jkUbPl,Grey,I Miss You,29,0,137,1290,33212
13CtZJqJk1G5dOx7iJWMa1,79nkC8XZ5ohEVU0Xlf5Ael,SOUTHERN ALL STARS,君こそスターだ,2,0,112,18885,33089
5DEp4UmhxN7OLnYQacWZhh,6TIYQ3jFPwQSRmorSezPxX,mgk,At My Best,19,0,108,2396,33077
7cmzaTJzpeGjqr4TwqjCzG,6IVCk7qklx0tv5wtr4VSPc,Gotch,Taxi Driver,17,0,78,2709,33045
1HD7YyTYAQ4LPussdtj7Ui,1S2S00lgLYLGHWA44qGEUs,Gen Hoshino,くだらないの中に,2,0,64,18929,32995
0ELCIQsucLznfDLRK7DlUr,0FcX6LktU0zirOd1u2cgpR,Kazunari Ninomiya,Walking with you,1,0,161,32945,32945
4RVbK6cV0VqWdpCDcx3hiT,2hPgGN4uhvXAxiXQBIXOmE,KIDS SEE GHOSTS,Reborn,6,0,107,6234,32930
19t5GSN3XsLB7UOsZD8Fwv,7nqOGRxlXj7N2JYbgNEjYH,SEVENTEEN,CLAP,10,0,158,3778,32843
3zoYkqS4y2BsGVShPL2nTE,0eecdvMrqBftK0M1VKhaF4,CNCO,Reggaetón Lento (Remix),13,0,156,2930,32827
01k7uuVtfuOKtbCZ3YMN2L,1XYuC1vxinTjHCNd5clB8C,ARASHI,時代,2,0,181,17721,32794
6b2BKq7AZ564QdptHFmvm5,7i9bNUSGORP5MIgrii3cJc,B'z,愛のバクダン,1,0,137,32746,32746
6IZvVAP7VPPnsGX6bvgkqg,2YZyLoL8N0Wb9xBt1NhZWg,Kendrick Lamar,PRIDE.,13,0,59,3207,32737
514mQDPkXmPzsYwGNmkBJZ,41MozSoPIsD1dJM0CLPjZF,BLACKPINK,SEE U LATER - KR Ver.,6,0,108,6175,32725
4RuSWulIJcxQvI8YZRqYc3,4RXIhUAlNFVdzLCWEWdRD8,EMI MARIA,FIRE,16,0,100,2627,32643
3Yw09dj3cTXsAzlLjgBfIP,3TVXtAsR1Inumwj472S9r4,Drake,Talk Up,6,0,120,6200,32620
2jwzmMGP79rMAxWNetsoCL,1XYuC1vxinTjHCNd5clB8C,ARASHI,Horizon,2,0,178,17830,32559
1wBlAhU2ZMcI6sMSM9oFs3,0eQSoTI7sQENREQM8Klp2j,Hinatazaka46,青春の馬,2,0,146,17613,32510
4A9wlW3RaNV2pUzx1Dyov0,2mJOGcLR3aCHkM1uAF93or,DREAMS COME TRUE,その日は必ず来る - SINGLE VERSION,10,0,142,3849,32506
3n7hC5racXh8HBc2xxgfsW,7i9bNUSGORP5MIgrii3cJc,B'z,LADY NAVIGATION,1,0,142,32419,32419
25QIhqinwmNWzkM60wXLEK,4eF1tYcUa9voNDX7xVTrZG,tonun,Sugar Magic,1,0,189,32388,32388
5bZ8iEjZ0iLq6Hr6GPWsUR,5R7AMwDeroq6Ls0COQYpS4,Kep1er,THE GIRLS (Can’t turn me down),1,0,136,32338,32338
4QVdnpSO5JGMFOEl6ys4RQ,4gzpq5DPGxSnKTe4SA8HAU,Coldplay,Christmas Lights - Live From Spotify London,11,1,9,9263,32314
6BXXmACZjm4bOMwpDgMCvY,4wCW8kZ8LL7QIdcE8EOKPP,BE:FIRST,Grateful Pain,1,0,166,32314,32314
4WuKHgxdCJsaOBIh7yndty,2dIgFjalVxs4ThymZ67YCE,Stray Kids,MIROH,4,0,188,8632,32287
1JapXpLZF6w9Vd3zeBEBJ7,7i9bNUSGORP5MIgrii3cJc,B'z,HOME,1,0,144,32226,32226
6kXNnS7JJz0nAv4XEwEmQJ,1vCWHaC5f2uS3yhpwWbIA6,Avicii,Heart Upon My Sleeve,3,0,71,12750,32220
54l9GJGQ1UCFKe2tzt1Vxt,7DMveApC7UnC2NPfPvlHSU,Cheat Codes,Only You,7,0,168,4718,32182
2hvTiczp42jKh5YlM8KJD4,37GBT1Lhfc2sgq4jZIt6n2,PIKOTARO,PPAP(Pen-Pineapple-Apple-Pen),19,0,39,2425,32176
0E6qZE1NKvdE3TKEuxVwIS,6KQWWzFLPQbqomJrieHAW5,Tokyo Incidents,孔雀,1,0,139,32110,32110
4XqYad3U10ApzdAsgWTohD,4gJCFxvqKc43Ifk0UIBB42,Madison Mars,All They Wanna Be,6,0,114,5972,32081
4lPrw5A4qjDZUfjZe0iG6m,0FcX6LktU0zirOd1u2cgpR,Kazunari Ninomiya,ひまわりの約束,1,0,166,32073,32073
2VBLRJdUl5XI29d3ys0Ys5,7HKv46ONX5fJFCSygtx9R0,Chris Hart,クリスマス・イブ,1,0,196,31898,31898
2dgFqt3w9xIQRjhPtwNk3D,06HL4z0CvFAxyc27GXpf02,Taylor Swift,Death By A Thousand Cuts,3,0,161,11287,31881
57T1nEAUura1AX0JgJDVDu,1S2S00lgLYLGHWA44qGEUs,Gen Hoshino,Crazy Crazy,2,0,70,18167,31852
5TzjoTFdq4jsp9AhTG0Du6,6ELS2XYR8tvJdQyEx8s3ZT,PAELLAS,Fade,12,0,141,3301,31807
1XWYeBS5XZ3b2KOjvfsg57,7i9bNUSGORP5MIgrii3cJc,B'z,太陽のKomachi Angel,1,0,147,31724,31724
5qCdEX3YUz9SutZrai1rWs,1luOe8HkZQ7zwuaO2wuJqI,[Alexandros],Swan,26,0,70,1498,31716
2WTiqqtE3MTnnHDSX9ggQQ,6KQWWzFLPQbqomJrieHAW5,Tokyo Incidents,毒味,1,0,143,31628,31628
6wlUtMxqW0E4V0ZzPtRMkt,1S2S00lgLYLGHWA44qGEUs,Gen Hoshino,夢の外へ,2,0,75,17790,31554
4KcCRwvfNEdLShOdkEOxCA,2vjeuQwzSP5ErC1S41gONX,CHANMINA,I'm a Pop,4,0,154,8517,31481
6pVW5LRWgeLaHudxauOTJU,77tT1kLj6mCWtFNqiOmP9H,Daryl Hall & John Oates,Jingle Bell Rock - Daryl's Version,3,0,86,14225,31348
52ag4tcZZ9ZSRZJPELSUzV,7k73EtZwoPs516ZxE72KsO,ONE OK ROCK,Prove,1,0,164,31272,31272
09NbaxTul3oek1EFmEwvmO,7i9bNUSGORP5MIgrii3cJc,B'z,もう一度キスしたかった,1,0,153,31259,31259
6EuE9M1viu9gkdFSafia9o,5K4W6rqBFWDnAN6FQUkS6x,Kanye West,I Thought About Killing You,5,0,72,8360,31215
1co2Xp0eMfwSHD38t5Sph8,1g51NlHKUXlgfvGP22m0uD,J SOUL BROTHERS III,RAINBOW,4,0,51,10636,31123
2nylskanX2npsK9FIEZiOL,79nkC8XZ5ohEVU0Xlf5Ael,SOUTHERN ALL STARS,エロティカ・セブン EROTICA SEVEN,2,0,121,17524,31118
4nWtds0cKVjWcDv5yFbl1D,7i9bNUSGORP5MIgrii3cJc,B'z,ONE,1,0,155,31097,31097
1R5ufHFFsL872et6f6NxSG,7i9bNUSGORP5MIgrii3cJc,B'z,OCEAN,1,0,156,30954,30954
18dzHoS7vHCYXahYqaBekU,7k73EtZwoPs516ZxE72KsO,ONE OK ROCK,When They Turn the Lights On,1,0,171,30932,30932
4myTd594xGtzwMYO0MzBx5,4ZXyObagOcj5NVM8Iq7Yd2,躑躅森盧笙(CV:河西健吾),Own Stage,2,0,109,17619,30930
6ju3FaV3aVLzGzwERKZuFK,6VuMaDnrHyPL1p4EHjYLi7,Charlie Puth,How Long,3,0,11,13382,30907
1Bmer9U1ZkmM7Yb0U0ahll,4FyAgiZa3q0eeljDvcOXFh,Ketsumeishi,人生劇場,17,0,70,2699,30874
53bGUdj88QxmpuFnjc3YUx,5Treq1MbA8Kw8EGwJc0nzy,KANDYTOWN,Curtain Call,1,0,184,30845,30845
2PsYDZV8rHT7zkPBnl8lY0,7k73EtZwoPs516ZxE72KsO,ONE OK ROCK,Ambitions (Introduction),20,0,80,2502,30842
4tGjrnpvJeZruPiZvltxje,6n4SsAp5VjvIBg3s9QCcPX,SUDA MASAKI,Longhope Philia,3,0,177,10537,30840
61znEgS6PbjGHLmQcNr0xZ,1S2S00lgLYLGHWA44qGEUs,Gen Hoshino,地獄でなぜ悪い,2,0,76,17571,30814
5u6vkDnOyaf8LsteDAj2ub,1URnnhqYAYcrqrcwql10ft,21 Savage,Ghostface Killers,9,0,142,3917,30764
71SEHJPt1iDwGkBhUOAXDP,3TVXtAsR1Inumwj472S9r4,Drake,Survival,4,0,63,9089,30677
0OwIVrnVzi5b7IojSyZuyn,1s014jFLnQ8bmkSrioenmP,Hiroya Ozaki,サムデイ・スマイル,19,0,86,2285,30630
3VTNVsTTu05dmTsVFrmGpK,2wzMOQwNT6ZvVB4amvhFAH,The Pogues,Fairytale of New York,5,0,114,12121,30555
0LyR8MZT3A2tp58dgHeNhB,0cFJWqLH2LZPzuTGS1ljV0,Eiichi Ohtaki,君は天然色,1,0,128,30503,30503
0Yeh2VJCsxSgbftSGTiUbN,6JL8zeS1NmiOftqZTRgdTz,Meghan Trainor,Holidays,1,0,154,30483,30483
4lESS6vuruP6a79KWRaQou,1r4hJ1h58CWwUQe3MxPuau,Maluma,Corazón,8,0,156,4063,30309
6XFQ65M9MrnacgFjGSCq5p,6MaKepgeBOQS11MmpAiWvR,HARUHI,ソラのパレード,17,0,81,2353,30259
5UBT8hOM4MpJW2E91q7oUp,2UEnhov0KDPYU2dmGUjfcn,w-inds.,ORIGINAL LOVE,16,0,73,2483,30233
70sKIAQgaVN2zWEEyOpyMZ,3Nrfpe0tUJi4K4DXYWgMUX,BTS,All Night (BTS World Original Soundtrack) [Pt. 3],3,0,126,10891,30147
6EgfsKfCwz0vbwLymrZcsN,6m14xgA0m3w92UM7ujJgky,UVERworld,Making it Drive,2,0,129,16108,30140
05zd5Nv0e02ZqrlC8A2cwx,2YZyLoL8N0Wb9xBt1NhZWg,Kendrick Lamar,United In Grief,1,0,155,30115,30115
6AM4kwGUFoCQZyV1mwfo2A,6ptdMFoqgQZRoccAYK9Opd,hachi,Mrs.Pumpkinの滑稽な夢 - ORIGINAL,1,0,147,30101,30101
7rSLSZWOvx67HWeUOBqze8,1S2S00lgLYLGHWA44qGEUs,Gen Hoshino,知らない,2,0,86,16938,29997
10IfXtjKQmOiON7tNAHv0y,5vV3bFXnN6D6N3Nj4xRvaV,Jin,Yours,1,0,155,29976,29976
3pl4gMle96Eqcu3NkbhPxk,1EowJ1WwkMzkCkRomFhui7,RADWIMPS,ドリーマーズ・ハイ,22,0,126,1739,29964
5IOKl1EeyOw7Bjp9E84tdw,1S2S00lgLYLGHWA44qGEUs,Gen Hoshino,化物,2,0,82,17063,29906
5BKNIJQ0JHFf6QUs7MfP54,2N19kPGlqKY8GiyE4DkAtp,Little Glee Monster,Harunatsuakifuyu,23,0,84,1953,29850
4P0LhlSNazJw3tpAH9hvW2,0VPLGnexd8K6BGbpLiPPVj,Flower,やさしさで溢れるように,14,0,160,2264,29781
0bYVPJvXr8ACmw313cVvhB,41MozSoPIsD1dJM0CLPjZF,BLACKPINK,Tally,1,0,194,29722,29722
1KGDfQnjkz98Ht1fG6MayU,7k73EtZwoPs516ZxE72KsO,ONE OK ROCK,So Far Gone,1,0,178,29705,29705
42ZrMq4BKsWDrrbMnMRYaK,5K4W6rqBFWDnAN6FQUkS6x,Kanye West,Jail,1,0,141,29687,29687
40It4gOs70ssV0IFMRuul1,2FzqIT8JP1gd3Tlo6ix1fT,tofubeats,LONELY NIGHTS,12,0,70,3201,29672
2vchHTJpJuoFHvosewuaQV,6POfB0fHdzXFLWL3RHxLv8,Creep Hyp,愛のネタバレ,1,0,197,29624,29624
6h5wZiNePpznTj6IQJHAzl,2QgdUzpKFNxey5IuwvsGBL,Fujifabric,カンヌの休日 feat. 山田孝之,19,0,88,1983,29609
3I5W8iA8iZAyO62UVceK3F,7nqOGRxlXj7N2JYbgNEjYH,SEVENTEEN,Power of Love,1,0,158,29574,29574
1ssmjAYSU5PbmsjLq5yrNH,5WUlDfRSoLAfcVSX1WnrxN,Sia,Never Give Up,24,0,78,1566,29566
3UrsMLv8Ksgav4qplZHyfW,1snhtMLeb2DYoMOcVbb8iB,Kenshi Yonezu,Hisuino Ookami,1,0,154,29492,29492
1h3XEx3bmfIARIJQqE3NA5,2llRPLPOCvnAiUozItvPsU,PEOPLE 1,Deadstock,1,0,190,29451,29451
09eGoLGb5TkQhprZWHOakY,0B1ce3uNrzkdm76NXI4mhX,Tani Yuuki,夢喰,1,0,186,29414,29414
7hjZPeA13HBpkkQw9Hzrqe,1S2S00lgLYLGHWA44qGEUs,Gen Hoshino,桜の森,2,0,90,16667,29394
45lFNdVfFUKpc9uwLYNvf8,2vjeuQwzSP5ErC1S41gONX,CHANMINA,Call,3,0,182,10039,29347
6UeWDYC7gNyG2te41KLGeF,3GP0RQRnBvpYVgdVYfcaGS,Yabai T-Shirts Yasan,ヤバみ,19,0,117,2008,29339
06JcJA5Zf2VzCYmCWhhrFd,7i9bNUSGORP5MIgrii3cJc,B'z,RUN,1,0,167,29336,29336
0LMdtBOxbVgrYoA4n0Vwvv,6RHTUrRF63xao58xh9FXYJ,IVE,ROYAL,1,0,185,29279,29279
04ZTP5KsCypmtCmQg5tH9R,64M6ah0SkkRsnPGtGiRAbb,Bebe Rexha,I'm a Mess,6,0,176,5057,29198
7br84ZQ7X2IGahwaC2FlZs,1vCWHaC5f2uS3yhpwWbIA6,Avicii,Gonna Love Ya,3,0,70,11190,29162
316xoUi91q0TZQjFoZbSPX,6oued35Hkg7GIEXqVfBrQK,WurtS,ふたり計画,1,0,193,29132,29132
38DbjBzICQsrm693uQ4giW,7i9bNUSGORP5MIgrii3cJc,B'z,BLOWIN',1,0,170,29068,29068
0knC21kppi1hRP2R0Bwwmp,0VPLGnexd8K6BGbpLiPPVj,Flower,カラフル,22,0,78,1841,29062
2wNUeIyNEZLRTIj93NCQBF,2UmhByzSum8X2lQZ7pWvWp,RIRI,Next to You,21,0,62,2227,28981
2Y0ktCGrGoGcQFXsGztvhi,5pUo3fmmHT8bhCyHE52hA6,Liam Payne,Naughty List,1,0,169,28960,28960
6jodTx7fnyJz11jjPenLRi,1snhtMLeb2DYoMOcVbb8iB,Kenshi Yonezu,乾涸びたバスひとつ,1,0,156,28952,28952
7uPqCPyYOZV9OqRfGCKhoP,7k73EtZwoPs516ZxE72KsO,ONE OK ROCK,Mad World,1,0,187,28947,28947
7lmF0obAl4R76B5QPhMJrZ,1snhtMLeb2DYoMOcVbb8iB,Kenshi Yonezu,ホープランド,1,0,157,28807,28807
47ohYW8e7dxCYn9qbUMBCI,391oLRVmoTkumiN79HkTWu,Darlene Love,Christmas (Baby Please Come Home),5,0,90,16774,28801
5MkK6rLvNnycbYXW9OyMjn,4Kbxm7oCQujaslLxf9q7k2,SKY-HI,明日晴れたら,20,0,91,1949,28801
5fyv8ggkDjaDgyTFiI7kSw,6L50PWsHGlgj8aL4pAoFZ4,Unknown Artist,FACES,2,0,127,16219,28779
4ZLyjxANuZ87aP9dJqRaik,6ptdMFoqgQZRoccAYK9Opd,hachi,ワンダーランドと羊の歌 - ORIGINAL,1,0,158,28686,28686
0YEjAa5T0NQwvB7uz1dJvW,1S2S00lgLYLGHWA44qGEUs,Gen Hoshino,肌,2,0,92,16262,28675
1aUoWyycUxc1xIJQQ92mIp,1H2KvPR75UUpoQpRcnvn1I,Alfred Beach Sandal,Horizon,13,0,133,2798,28639
3dG6tjetoR4GMmUGZUprLt,5K4W6rqBFWDnAN6FQUkS6x,Kanye West,Wouldn't Leave,5,0,99,6866,28630
1tyCxhxiHQ9DoHIiDMFPzL,7n2Ycct7Beij7Dj7meI4X0,TWICE,I CAN'T STOP ME - Japanese ver.,1,0,188,28621,28621
6fNLbgGlyK10LpHzK4gKwG,7i9bNUSGORP5MIgrii3cJc,B'z,さまよえる蒼い弾丸,1,0,172,28619,28619
4GeM1lg9SDZXyBlPBlE62L,2XMxWKPKCxoLkSdpCViCnr,Perfume,TOKYO GIRL - Remastered,3,0,151,12175,28564
3RFL9hE5cBocBsjD5XLJLQ,5Vo1hnCRmCM6M4thZCInCj,OFFICIAL HIGE DANDISM,Mixed Nuts,1,0,174,28529,28529
2yeq14OE1GUxU4A9yutJQA,6rkkb4QMqvXTYUkvqpMG99,Hypnosis Mic -D.R.B.- (Fling Posse),Black Journey,1,0,144,28440,28440
4lkDky0afnOb8QZZsbeS2Y,1HY2Jd0NmPuamShAr6KMms,Lady Gaga,Perfect Illusion,21,0,64,1835,28403
7e65OAe9L0xWPSHDiahjQe,2KC9Qb60EaY0kW4eH68vr3,ITZY,Voltage,1,0,199,28389,28389
3VYGe2iv4Ja4KcgsKGhTZg,1S2S00lgLYLGHWA44qGEUs,Gen Hoshino,くせのうた,2,0,96,16087,28378
6t2o2xu6cJhyAcE9c39FDI,73kxDUq2Hl7Upy4o0yFxXv,INI,Password,1,0,197,28302,28302
1g2D4dhmNFF1eGCdlHdGNA,0CQuAKiUYqH0OK020E3miJ,domico,くじらの巣,13,0,108,2948,28259
3t1M7SkoBzSk5sXt3BLsFo,5M8AXrOifBT8elkLKbGPQZ,Superfly,99,23,0,86,1518,28178
4qu63nuBpdn0qHUHuObEj1,64KEffDW9EtZ1y2vBYgq8T,Marshmello,Leave Before You Love Me,1,0,187,28103,28103
7KXEhfjwdxHVra8VcT2QHH,3Nrfpe0tUJi4K4DXYWgMUX,BTS,Skit: Billboard Music Awards Speech,8,0,71,4876,28054
2a7y6Y7MC0H8wZ3DVwjuKD,4iu3NcU8ZoistQ19d8k9mS,The Hotpantz,Triplet,13,0,121,2820,28038
75FEaRjZTKLhTrFGsfMUXR,1aSxMhuvixZ8h9dK9jIDwL,Kate Bush,Running Up That Hill (A Deal With God),1,0,200,28012,28012
6YvqWjhGD8mB5QXcbcUKtx,06HL4z0CvFAxyc27GXpf02,Taylor Swift,Love Story (Taylor’s Version),1,0,157,27826,27826
0D2lZ8hOoHXeS3Z5KX50ws,7i9bNUSGORP5MIgrii3cJc,B'z,"Easy Come, Easy Go!",1,0,178,27801,27801
5LS7wvb8lTO8eFfq9DHqyL,0Ti7MfCiVVQAK8zLSiqlto,Sakurazaka46,流れ弾,1,0,156,27782,27782
7cM4wWaLAR6aP2PokUM6qE,6CKN3GUiWMrESH1RKn3ecz,E-girls,Go! Go! Let's Go!,21,0,68,1809,27750
1oGdVdYjeQvojGKDddxLQQ,1Xyo4u8uXC1ZmMpatF05PJ,The Weeknd,True Colors,11,0,34,3509,27749
55Ctj6nVfobn9AcPe6sLG2,3Nrfpe0tUJi4K4DXYWgMUX,BTS,Like,1,0,200,27715,27715
3B6E0mV5MLYcnGRO2CPbCE,1snhtMLeb2DYoMOcVbb8iB,Kenshi Yonezu,ポッピンアパシー,1,0,164,27688,27688
6SYj9vjjVTwKn08iKZR11m,205dGSmCjnFA0Mjptshdsx,Chinozo,good-bye declaration,1,0,144,27651,27651
4WnNJCPzJYzOvM8gLdFcs9,6ptdMFoqgQZRoccAYK9Opd,hachi,WORLD'S END UMBRELLA - ORIGINAL,1,0,166,27647,27647
2bonbKENtFAQQh8U4UEAu5,2snm3HmsnDUDxbIChdl2Oj,Justin Hurwitz,Engagement Party,19,0,109,1818,27642
2Y10bmtxVQdX7nIxVKNchH,01b6szRrEne55vkR4tVPHP,KID FRESINO,Salve feat. JJJ,19,0,98,1894,27613
1iLE29B4Dk8ktNv3PtdR0G,5VLVogbPeBgFHXQPZQzBej,JUJU,believe believe feat. 明辺悠五,22,0,78,1630,27542
3rdAz1fbUfZxYgaCviYhRo,1mcTU81TzQhprhouKaTkpq,Rauw Alejandro,Todo De Ti,1,0,192,27541,27541
1MKAHjp9mxM80u8K3rROKf,6S8w5rLsEwjN21jQeRES0n,Hitsujibungaku,光るとき,1,0,192,27518,27518
006LuHbY5Tt9dhbdSOnVq6,1z4g3DjTBBZKhvAroFlhOM,Red Velvet,RBB (Really Bad Boy),4,0,136,7284,27389
4cJbEbMiIPUlEFR7m4Qo5y,4RXIhUAlNFVdzLCWEWdRD8,EMI MARIA,Lost In Tokyo,12,0,130,2575,27336
0fiihHCigBcUjLcyPAhVWh,2koP6FEfIEVk4l2Fe6jFhu,JO1,僕らの季節,1,0,185,27296,27296
4M0eE7cZ9lx4ygXSSbfAtp,7n2Ycct7Beij7Dj7meI4X0,TWICE,GIRLS LIKE US,3,0,119,10309,27284
3FQCJI2t5LTbsRPfYVBSVB,6XyY86QOPPrYVGvF9ch6wz,Linkin Park,Battle Symphony,10,0,40,6309,27277
5ULRlgiSPSKTaJN1vU9yso,6eUKZXaKkcviH0Ku9w2n3V,Ed Sheeran,Shape of You - Acoustic,19,0,100,2025,27273
4SvUlGYsyCe5yhs2qRvE8r,7i9bNUSGORP5MIgrii3cJc,B'z,兵、走る,1,0,186,27232,27232
0c9AcbOTBqQRBpajXz1pRq,7i9bNUSGORP5MIgrii3cJc,B'z,MOTEL,1,0,187,27214,27214
0bAm5w73IyOfqzeNXhE1Yb,2FzqIT8JP1gd3Tlo6ix1fT,tofubeats,ふめつのこころ,6,0,119,5265,27206
6oBMG2foiygWSokNBD4iKW,3081y1bGPVy4mULL5Td9cJ,David Sarah UuI,Klein Lodge Sthe,1,0,140,27133,27133
40Fr3aatt1QLPZJ0lAKd97,15B9FrdU78YP1NVHRekesE,WONK,Gather Round,11,0,130,2746,27127
6hk0cM0LbyEc24LUSzDYfp,0hCWVMGGQnRVfDgmhwLIxq,sakanaction,ネイティブダンサー,5,0,112,6415,27124
6ZllZRW9urRfEUdmtMM3lE,66CXWjxzNUsdJxJ2JdwvnR,Ariana Grande,Be Alright,11,0,127,2977,27069
0vIvmTQQxUP6JtaJmkQJqo,7k73EtZwoPs516ZxE72KsO,ONE OK ROCK,C.h.a.o.s.m.y.t.h.,24,0,70,1455,26963
7GeF0UQR5nucuRKDTzyGcZ,3081y1bGPVy4mULL5Td9cJ,David Sarah UuI,Deanna Junctions Ninl,1,0,144,26958,26958
6w87h79R8nvVtRQgdq7Iyt,3081y1bGPVy4mULL5Td9cJ,David Sarah UuI,Garrick Crest Proh,1,0,145,26955,26955
7nBXXUpjMKXMFIlFwg1Bbt,3081y1bGPVy4mULL5Td9cJ,David Sarah UuI,Keira Springs Bsonc,1,0,146,26949,26949
1lWlERjL0eTTQtElvKiLJG,3081y1bGPVy4mULL5Td9cJ,David Sarah UuI,Jewel Ford Ivi,1,0,147,26919,26919
6CPN03wciYvivayipBb1Ff,7i9bNUSGORP5MIgrii3cJc,B'z,だからその手を離して,1,0,191,26899,26899
1qpJyTr18CqfAS6eieJ6XL,7n2Ycct7Beij7Dj7meI4X0,TWICE,CHILLAX,5,0,112,6052,26895
13rxqkIlVMpOfiiiQ5iewz,4cSyPcpldERtF4eL3NB9dn,Sunny Day Service,街角のファンク,12,0,99,2986,26892
7n2HVHWqFsyAOs5HqmE1Dl,1xs6WFotNQSXweo0GXrS0O,EXID,I Love You,4,0,145,6964,26854
75zWFErLuubT7CE61UoaIP,5Vo1hnCRmCM6M4thZCInCj,OFFICIAL HIGE DANDISM,Editorial,1,0,171,26772,26772
1UDw29EsOh3Rx1e5fYsbaG,1ZnuqrjIR4q8zhgriUYsSo,Shinsei Kamattechan,僕の戦争,1,0,139,26767,26767
3txoEV56Y7vrcduhIyTFi5,5V7OCRPNS7vBRLRkrMVNqp,LOVE PSYCHEDELICO,Sally,3,0,118,11822,26740
6HW6SUf6lzuSbZxSC08udM,2vjeuQwzSP5ErC1S41gONX,CHANMINA,Holy Moly Holy Night,1,0,185,26732,26732
72CAbDIuiTIerMusyaQ0hv,1S2S00lgLYLGHWA44qGEUs,Gen Hoshino,時よ,2,0,111,15018,26720
0mmb1ByE2Xf2Dvg7Vxouz9,2mJOGcLR3aCHkM1uAF93or,DREAMS COME TRUE,Kessenwa Kinyoubi,9,0,161,3165,26709
0j8KAScaVnYHD6ooA5Qn1p,0eQSoTI7sQENREQM8Klp2j,Hinatazaka46,君しか勝たん,1,0,180,26669,26669
3WioT72oVomnlpYpfl9HeN,1S2S00lgLYLGHWA44qGEUs,Gen Hoshino,サピエンス,2,0,112,14947,26663
7N3PAbqfTjSEU1edb2tY8j,2cnMpRsOVqtPMfq7YiFE6K,Van Halen,Jump - 2015 Remaster,1,0,144,26508,26508
6LOCAhFzZiavHcLJucLuDy,0QHgL1lAIqAw0HtD7YldmP,DJ Khaled,Don't Quit,10,0,70,3687,26476
3TWIngtwbWAbLWSnMWdzge,1vSN1fsvrzpbttOYGsliDr,Tori Kelly,Let It Snow,1,0,189,26460,26460
1fxKOMAXmWs5hmxmcc9eor,4QvgGvpgzgyUOo8Yp8LDm9,Mrs. GREEN APPLE,PARTY,5,0,140,5634,26395
1oWlUSljPUqKwbvEl0C3zE,6KQWWzFLPQbqomJrieHAW5,Tokyo Incidents,群青日和,2,0,97,13867,26392
0VgCjBNQj108jecHn46dc4,6KQWWzFLPQbqomJrieHAW5,Tokyo Incidents,一服,1,0,184,26389,26389
2RTbvKUrA75E6BzHE2lspN,3z8diLlUCkN1j9N9ZdnfBJ,NiziU,Need U,1,0,196,26332,26332
6hnhWVyq5uWKvofEHfgZA1,3uyDATzOGjbGCts7v2eszk,MISIA,Gloria -glorious evolution-,1,0,191,26304,26304
0YyRVMMrSLO9ce2kgAjGcm,0O0hxUrO2PKxZknken3R24,Suchmos,Armstrong,21,0,122,1410,26296
7BUBM2XnhnWnYZhGDU1Mvm,1tcHKxlx0TZ6MkHGO4QYv3,KEN THE 390,Turn Up,18,0,71,1876,26254
5xnFC3pV8uv0aHTl3QDOtF,1YLxQZIGsaZq9rvFu8zeRz,Sayuri,birthday song,17,0,105,2127,26248
6ECp64rv50XVz93WvxXMGF,04gDigrS5kc9YWfZHwBETP,Maroon 5,This Love,3,0,131,9326,26223
75pyJxymc3moUrNpFZ8DQe,73kxDUq2Hl7Upy4o0yFxXv,INI,Brighter,1,0,184,26191,26191
2UOlfVrG2YyrS6TxqChzXo,6MaKepgeBOQS11MmpAiWvR,HARUHI,Banquet,22,0,82,1585,26118
1FKlk6ZyHDrsv5LJ8BddRP,6tl1VDtemwax4iIKxqekK1,Tomoyo Harada,時をかける少女 - 2017 Version,11,0,96,3496,26108
7BpEquyzR7uIC8Kg3maMdf,4BmWSGKG6HiYvLuJvZ9afa,Namie Amuro,BABY DON'T CRY,2,0,110,13908,26097
5pwWqj6xvpuwsYpC2dz6hN,7i9bNUSGORP5MIgrii3cJc,B'z,有頂天,1,0,198,26077,26077
505v6tiHfwAVxxOjTd2Ud6,0YXSqOpIseLknz8JjcX0UH,Tetsuya Komuro,GET WILD - 2017 TK REMIX,16,0,67,2755,26067
72xEs75xjmt4anqTImnxL8,6jTjjAjvYvMYfaqi837p5x,L'Arc-en-Ciel,ミライ,1,0,187,25937,25937
1sTUEdVO85YU8Ymk2jeAls,0AJUYWKztkg5dnrHDIBv47,MiC LOWRY,Oh Lord,19,0,88,1785,25924
5oACPbDeeL3fgWDyngag4p,38WbKH6oKAZskBhqDFA8Uj,ZUTOMAYO,正義,3,0,170,9290,25829
42fR3oINF3KfXCDtheoNiY,3cjEqqelV9zb4BYE3qDQ4O,EXO,Don't fight the feeling,1,0,183,25772,25772
3RfCzYbfQbZpgvo8ydyvFJ,2sd5k8N8cAOm6Q8OCcePw4,Rin音,gift socks,1,0,195,25747,25747
2RjN72vwuliC8FX4CcgylQ,1S2S00lgLYLGHWA44qGEUs,Gen Hoshino,Continues,2,0,120,14406,25711
7zJJ08UWogTWVrnikAcjeH,38WbKH6oKAZskBhqDFA8Uj,ZUTOMAYO,蹴っ飛ばした毛布,2,0,140,13681,25687
4JVPjLZDhu0HKmxAip4qg4,6MGHit7sV38BhpChZYByFv,SHISHAMO,ねぇ、,5,0,130,5535,25639
2LTlO3NuNVN70lp2ZbVswF,2YZyLoL8N0Wb9xBt1NhZWg,Kendrick Lamar,FEEL.,10,0,57,3309,25592
4VTJo3TBJViHPosFjgvORH,3NTbOmzlj2cL86XFuDVFvZ,MAN WITH A MISSION,Dog Days,12,0,134,2458,25563
7vG8zjbeQmwCe4azzU77oU,7nDfh01E30OkhgsPKSQzCx,舐達麻,BUDS MONTAGE,1,0,155,25562,25562
2ZKeYa43an93GxbRhUgnUt,6QR0aIEAemEigDCKjOVxe0,HYPNOSISMIC -D.R.B- (Division All Stars),ヒプノシスマイク -Glory or Dust-,1,0,165,25493,25493
7IV7n5PxCPwDqOnVQGPwnU,1S2S00lgLYLGHWA44qGEUs,Gen Hoshino,Hello Song,2,0,124,14156,25471
1AMpDiHCRBvY8Jdz8rmxDo,7k73EtZwoPs516ZxE72KsO,ONE OK ROCK,Broken Heart of Gold - Acoustic,1,0,179,25466,25466
022a9bG2NNI1i7SVjX4Xq4,7JthQ6zwNzfxRfIEjp6wUs,HIRAIDAI,Life is Beautiful,13,0,176,2087,25446
5KOGSQIg6Il74PbAsrB0zU,2NKadilSWCwuqGp5QoDeUS,ZARD,心を開いて,1,0,190,25418,25418
7gXJJFlckotAkt2Iv4rLBh,6KQWWzFLPQbqomJrieHAW5,Tokyo Incidents,透明人間 - アルバムバージョン,2,0,103,13468,25380
1ZMlkgSh6y9epRvagucPdR,6E94YMM50nYraxpkixvQuW,THE RAMPAGE from EXILE TRIBE,Fandango,5,0,123,5794,25372
0nHpCEYpl8W3T3oSy1Pvy0,5WpHAEOowRK9peCx0CIdMy,Leola,Let it fly ~X’mas version~,16,0,53,3520,25365
37R0ThKV2rn9R9bX73POVw,19FI3bwyW062xAmEy3rzsk,(sic)boy,Creepy Nightmare,1,0,179,25338,25338
0utR47mwVxzobWJqPIgEl2,1vCWHaC5f2uS3yhpwWbIA6,Avicii,Fade Into Darkness - Vocal Radio Mix,3,0,89,10152,25334
7LHT8U1WPHe8C6p4G3pimS,2XjqKvB2Xz9IdyjWPIHaXi,Sheena Ringo,歌舞伎町の女王,5,0,126,6127,25329
5kTNsZfxTxJ3I8S7PNIrUj,6n4SsAp5VjvIBg3s9QCcPX,SUDA MASAKI,呼吸,7,0,66,4569,25318
6zHaFbsjcSQ0BhtRkUuLXv,6NQ3DibpWMigY2cXJr9KYv,evening cinema,WAGAMAMA,14,0,111,2354,25312
1ZmYXC16wvimMEJKHo2CCw,43kKsfG1eZSFW785NtHDYs,DYGL,Let It Out,14,0,83,2334,25302
2zBYZz0wSRBbWEyBPrOY5c,73kxDUq2Hl7Upy4o0yFxXv,INI,KILLING PART,1,0,199,25274,25274
1ovMDjMtwyaURodfDtwOgZ,4SJ7qRgJYNXB9Yttzs4aSa,Ryokuoushoku Shakai,たとえたとえ,1,0,193,25270,25270
2W1SJoXwdKfcDr4ZxgkvpL,0hSFeqPehe7FtCNWuQ6Bsy,BUMP OF CHICKEN,aurora arc,2,0,85,15021,25245
6n3HGiq4v35D6eFOSwqYuo,3TVXtAsR1Inumwj472S9r4,Drake,Teenage Fever,12,0,68,2360,25174
0p5IEbqhmifCWGi1CxsdGC,115IWAVy4OTxhE0xdDef1c,PASSEPIED,スーパーカー,21,0,79,1778,25161
2qkwhSSGBgmJZ18hCluon9,0hSFeqPehe7FtCNWuQ6Bsy,BUMP OF CHICKEN,ジャングルジム,2,0,94,14222,25155
3gbwtdRrtD05lz08DTxfFt,2snm3HmsnDUDxbIChdl2Oj,Justin Hurwitz,City Of Stars (Humming),18,0,121,1670,25147
0gptQQwXDtDYkkgoQl1V9T,3Nrfpe0tUJi4K4DXYWgMUX,BTS,Permission to Dance (Instrumental),1,0,191,25146,25146
4612XUQyCsuz4OOrOhbZej,5kVZa4lFUmAQlBogl1fkd6,Aimyon,シガレット,1,0,151,25142,25142
4kfm1uI9QGaoN9qm6CkAMn,6XyY86QOPPrYVGvF9ch6wz,Linkin Park,What I've Done,6,0,41,6244,25100
2YgyW0CWOD7vMrgbB68LQk,4BQT8wAPy5SGtRnfstMzbA,Yosui Inoue,夢の中へ - 2017 Remaster,13,0,65,3156,25069
7IeT8hODKVnRVAsOcItkor,6TDMbiQCWeMClsMr9ORLRK,aiko,あたしたち,1,0,181,25048,25048
09oZ9eXQ2fo6YDrPzJqAoP,6LuN9FCkKOj5PcnpouEgny,Khalid,Outta My Head,3,0,158,8847,25028
2Psdx1VyBJOwuuHgekmncc,7n2Ycct7Beij7Dj7meI4X0,TWICE,RAINBOW,2,0,134,13207,24991
40nPimvmG05WYS7983bawZ,4nDoRrQiYLoBzwC5BhVJzF,Camila Cabello,Cry for Me,2,0,161,13291,24929
0WNSRkSmgwLBvVUFr6YRZG,7k73EtZwoPs516ZxE72KsO,ONE OK ROCK,Renegades - Acoustic - International Version,1,0,189,24916,24916
3Mx6sgE7qXczb4SswQYTRe,1g51NlHKUXlgfvGP22m0uD,J SOUL BROTHERS III,Feel So Alive,19,0,117,1846,24805
6dSmUmeQ4DtHX2tIRDu12Q,2NKadilSWCwuqGp5QoDeUS,ZARD,Don't you see!,1,0,199,24752,24752
1Nj2oBISdFDSF8eDuXcALz,5Pwc4xIPtQLFEnJriah9YJ,OneRepublic,Start Again,5,0,149,5124,24730
003eoIwxETJujVWmNFMoZy,2wUjUUtkb5lvLKcGKsKqsR,Alessia Cara,Growing Pains,5,0,132,5526,24718
7gooZXJC9D84HshVe1KYCX,1TcbgUzUz9pA3mN30ZXnHl,Unicorn,Utopia,1,0,197,24535,24535
4IRYZdr8MA1z2yq87NtYeP,1qM11R4ylJyQiPJ0DffE9z,Lilas,ロマンスの約束,1,0,200,24515,24515
7EGITWLpmKCzwZUdF5glhq,2ITl7YzD1Hm6NVojBhKkOp,Miisha Shimizu,Starting Now,1,0,198,24505,24505
12GEpg2XOPyqk03JZEZnJs,23fqKkggKUBHNkbKtXEls4,Kygo,It Ain’t Me,4,2,3,8991,24410
1AwfJENb63nQKuIWiuh0cy,2dP0aHVXt8dDPCw5d2Jw0m,GING NANG BOYZ,少年少女,1,0,195,24360,24360
79x6Ab5tMDGQeXnzjQN5lO,1vCWHaC5f2uS3yhpwWbIA6,Avicii,Trouble,3,0,95,9906,24290
0nTQJuthWlpYaEVgJYYTz5,2ZjWbNQAjL74Pf4aqikIz2,Shota Shimizu,Fuyu Ga Owaru Mae Ni,21,0,100,1442,24274
4oeaIftdpT3JuZLcCkKmVE,1Xyo4u8uXC1ZmMpatF05PJ,The Weeknd,False Alarm,10,0,37,2945,24247
3XoflnowYPFRPOh3uFvHcm,540vIaP2JwjQb9dm3aArA4,DJ Snake,Selfish Love,1,0,184,24241,24241
3tGXnGvZpT4fzua650wrRh,3NTbOmzlj2cL86XFuDVFvZ,MAN WITH A MISSION,Merry-Go-Round,1,0,196,24240,24240
0mgABgKDsaSGnTOLcjlHWd,4UK2Lzi6fBfUi9rpDt6cik,Yorushika,強盗と花束,1,0,169,24232,24232
6joiO963XoXkOSAgeFwzVF,0bp9CvkjQYhUJvWRHjFRWI,WEDNESDAY CAMPANELLA,嬴政,10,0,113,2935,24201
5qN4HFkapdAOV94XPryVof,2YZyLoL8N0Wb9xBt1NhZWg,Kendrick Lamar,Black Panther,5,0,113,5084,24165
23gGonlrKaNDwklb8vYTTX,7k73EtZwoPs516ZxE72KsO,ONE OK ROCK,Suddenly,22,0,115,1422,24098
76gUmNLXGQVOsGhfcshkFP,3TVXtAsR1Inumwj472S9r4,Drake,Madiba Riddim,11,0,66,2610,24030
5YtrU5UELvL1x9HZ7TbVjn,21JD92xWs4kPtf8Grcxp0G,Hypnosis Mic -D.R.B.- (Buster Bros!!!),SHOWDOWN,1,0,200,23979,23979
3ojEmoTdSjwrh6YEshRrC8,19FI3bwyW062xAmEy3rzsk,(sic)boy,social phobia,1,0,195,23949,23949
0QcVKhVp9iHGZ1pj04yTbO,3Mvc8kRgr8LRYYgvFmlZqn,Ayumi Hamasaki,Boys & Girls,5,0,177,5005,23896
1U2It4ydGIJ9L2LKyyRYCc,7dZHl3ZmH21XpCwvcMlnml,Every Little Thing,Time goes by,5,0,140,5559,23894
6yK4KPKZa0xX0h58bY96VY,0O0hxUrO2PKxZknken3R24,Suchmos,Miree,21,0,122,1365,23887
6wXILdpRNAlb1P1I4DH3le,0hSFeqPehe7FtCNWuQ6Bsy,BUMP OF CHICKEN,リボン,2,0,106,13307,23883
5iYaRGXfMHf53TNiPZBbow,1qma7XhwZotCAucL7NHVLY,Mr.Children,口笛,4,0,94,7141,23879
6CfrYuD3YRDYdYvH9jNtXY,3TVXtAsR1Inumwj472S9r4,Drake,No Long Talk,11,0,61,2790,23879
1Spmq0UazGU6ovMIlGldZX,0p4nmQO2msCgU4IF37Wi3j,Avril Lavigne,Dumb Blonde,3,0,157,8535,23855
0ztMVgYyHKD6kxDbZhxpz1,2v3eFzDOUnyWP1drW2dPTp,Chara,Tiny Dancer,10,0,130,2692,23825
3lwJRuROeMB9L6S8KBlbEM,5Xcbv83o11Ez2XPHa1n8Pf,AmPm,I don't wanna talk,13,0,110,2459,23816
0ox4uVLjlsGh0XseBN2fZa,7f4ignuCJhLXfZ9giKT7rH,NCT 127,First Love,1,0,181,23729,23729
0v2LUO8oTHnkjQ8MmKuXyk,66CXWjxzNUsdJxJ2JdwvnR,Ariana Grande,raindrops (an angel cried),4,0,123,6526,23725
4KaIJ1FWXUoAAnOts1YWjD,7CajNmpbOovFoOoasH2HaY,Calvin Harris,Prayers Up,7,0,50,5304,23658
06FCvd7rrRcF3DdvWH5Isp,2YZyLoL8N0Wb9xBt1NhZWg,Kendrick Lamar,LUST.,10,0,68,3042,23650
5d1rmWWF1725tnYjq6rMDB,6eUKZXaKkcviH0Ku9w2n3V,Ed Sheeran,Way To Break My Heart,2,0,135,11823,23636
0ZDzbangH62Y6Sb1QzSrWs,2ZjWbNQAjL74Pf4aqikIz2,Shota Shimizu,Snow Smile,10,0,47,8538,23567
47kDM95cQKi7sUPyLgVr5k,1EowJ1WwkMzkCkRomFhui7,RADWIMPS,ココロノナカ - Complete ver.,1,0,158,23560,23560
1b005eRoP2UMjLud1FMzMG,2XjqKvB2Xz9IdyjWPIHaXi,Sheena Ringo,おとなの掟,6,0,119,4421,23556
1KLx6XuCVGUNnfhal0pVIU,6p3G10bi9yrw3me7CDrCta,ACE COLLECTION,約束のしおり,1,0,190,23553,23553
2e7AhjZKBUef8dsedgzc8n,4BuaC48pvatn5gWSqV45cR,JJJ,EXP feat. KID FRESINO,14,0,85,2466,23544
6tvQzeCPwOytDlBYCIOY0n,4Q6nIcaBED8qUel8bBx6Cr,Jax Jones,Breathe,5,0,181,4938,23540
7rcvXqPxAYz9DhoYfDkOyv,66CXWjxzNUsdJxJ2JdwvnR,Ariana Grande,Wit It This Christmas,16,0,35,3989,23494
79rZwU6UJ7FwODmAqXJqmO,5BHFSMEjfLVx1JwRWjAOsE,SuperM,One (Monster & Infinity),1,0,189,23477,23477
34vuwpTj9M0cFYJ0DeK97Z,1vCWHaC5f2uS3yhpwWbIA6,Avicii,Taste The Feeling (Avicii Vs. Conrad Sewell),3,0,85,9875,23454
33AsbevnJ1aQjEHdkMExsE,3vbKDsSS70ZX9D2OcvbZmS,Beck,Dear Life,8,0,93,3558,23446
0UjXcXtyr2GfM0o0wA17N7,6tl1VDtemwax4iIKxqekK1,Tomoyo Harada,ロマンス - 2017 Version,13,0,119,2348,23412
4ab2n5bTB4Ua8imX7HIQL1,68TWc4rraWK3C522KFdt0b,Mone Kamishiraishi,Sunny,10,0,144,2572,23306
6FB3v4YcR57y4tXFcdxI1E,06HL4z0CvFAxyc27GXpf02,Taylor Swift,I Knew You Were Trouble.,4,0,161,8078,23245
4mLkiFppf8Xvem6BSY34qw,66CXWjxzNUsdJxJ2JdwvnR,Ariana Grande,blazed,4,0,117,6608,23209
4PPhCd0zey98oWfPD0lnq6,6PcCgi0ladfogWN4ZEAwn1,illion,Told U So,19,0,83,1489,23156
1aDarBap4uQgOt9k4fxWd8,6nfDaffa50mKtEOwR8g4df,GOT7,Lullaby,4,0,164,6184,23146
0ifooM33X1iBxVYyOkSbXW,1Xyo4u8uXC1ZmMpatF05PJ,The Weeknd,A Lonely Night,10,0,38,3009,23141
46jGBnxpGdMZTHobrV68zE,0hBYSjDjcAaAuSZcpN8jk9,JP THE WAVY,GOOD PEOPLE GOOD COFFEE,2,0,171,11794,23138
33JwbMn4e2KlpebC5dvjdQ,0KZ7Lk1c6rpp0nwvY9EuD4,Shin Rizumu,春の虹,12,0,87,2372,23136
68m6iwhKElLTBaGRG1LLwE,5fMUXHkw8R8eOP2RNVYEZX,Diplo,Get It Right,7,0,147,3559,23072
4MEr1Y8pLCtZ4gW5MriwB9,4UK2Lzi6fBfUi9rpDt6cik,Yorushika,昼鳶,1,0,144,23067,23067
4mM52ajs23IhFjXOflr60u,03E7w8NrBr4lNCK33TQyil,Keyakizaka46,アンビバレント,2,0,39,11983,22946
5SDgfXdWVHrUVVzc6e5xaO,7CifQjntMwkU4kfV85zTnS,Def Tech,Town & Country,16,0,49,2080,22918
3de6SQfvlnNPGa8eyrAZrY,0hSFeqPehe7FtCNWuQ6Bsy,BUMP OF CHICKEN,シリウス,2,0,119,12659,22777
1ZeDWXJnkZOLOmbGEOPSMe,4Ui2kfOqGujY81UcPrb5KE,HAIM,Want You Back,12,0,86,2549,22748
3FHXUqaUer9o231Je1zxIN,6eUKZXaKkcviH0Ku9w2n3V,Ed Sheeran,I Don't Want Your Money,2,0,149,11535,22671
7g42Z31aPLq6GArDAWAjKI,0hSFeqPehe7FtCNWuQ6Bsy,BUMP OF CHICKEN,話がしたいよ,2,0,121,12391,22657
1V0qqWBbIWt8hlAjxTZedR,7guDJrEfX3qb6FEbdPA5qi,Stevie Wonder,What Christmas Means To Me,5,0,66,10051,22655
6uJwPeBGb3swi85TSr9iIz,4gzpq5DPGxSnKTe4SA8HAU,Coldplay,Miracles (Someone Special),8,0,64,3930,22627
5dVUSdsePmEKkq4ryfrobU,1vCWHaC5f2uS3yhpwWbIA6,Avicii,Excuse Me Mr Sir,2,0,75,12506,22587
3nGusjjdpti5HNqRro04bE,04abdnqPQe2N4fjztDea6z,Austin Mahone,So Good,4,0,105,6647,22545
6Zmg9q5eSK3ROwDnP6Qm4j,0hCWVMGGQnRVfDgmhwLIxq,sakanaction,『バッハの旋律を夜に聴いたせいです。』,4,0,109,6554,22519
5UJshy5HDHdNEVqlJwzsQB,0du5cEVh5yTK9QJze8zA0C,Bruno Mars,Versace On The Floor (Bruno Mars vs. David Guetta),10,0,120,2859,22440
4NJpJ17Dgm5r4OYExFbxLk,7hOGhpa8RMSuDOWntGIAJt,A R I Z O N A,Oceans Away,17,0,87,1930,22431
3bxtgzAeAZPdRtKoPL5GG2,5lKZWd6HiSCLfnDGrq9RAm,Leona Lewis,Collide,2,0,62,12734,22330
5Orlnis8mwywCBgZG7VTjV,6BrvowZBreEkXzJQMpL174,Hardwell,Creatures Of The Night,13,0,117,2315,22314
2qRN7PWiHRLprw4FpDeI9N,6eUKZXaKkcviH0Ku9w2n3V,Ed Sheeran,Nothing On You,2,0,148,11576,22312
2K6uY7BaeOfuPwJNOVF3ht,0Ti7MfCiVVQAK8zLSiqlto,Sakurazaka46,なぜ 恋をして来なかったんだろう?,1,0,189,22283,22283
3iceeQ5PJPmkL6X8qwX28v,5fajxqVLxJxAzMvZn0AGIv,Ovall,Winter Lights,4,0,77,7568,22270
2LWiRxM8cTrfZ0JqvEocbp,1EowJ1WwkMzkCkRomFhui7,RADWIMPS,Light The Light,1,0,119,22234,22234
7mOPqaJicc6WdPCZqumP4e,0Ti7MfCiVVQAK8zLSiqlto,Sakurazaka46,Nobody's fault,1,0,192,22203,22203
1LLXZFeAHK9R4xUramtUKw,06HL4z0CvFAxyc27GXpf02,Taylor Swift,London Boy,2,0,163,11257,22198
4JAyIDXOqNM6qHuZML01uX,3h1fFIofdTGrHbqisHyWgI,Jenny Duncan,,1,0,20,22173,22173
3x3wCYcK85a0ywELGArE75,38WbKH6oKAZskBhqDFA8Uj,ZUTOMAYO,はゔぁ,1,0,191,22138,22138
0ZExP2I5Ej92PsnG4G1jVG,0ZED1XzwlLHW4ZaG4lOT6m,Julia Michaels,Uh Huh,11,0,124,2293,22068
0xeX2HsaRkT7g9oqMWhk4A,7JthQ6zwNzfxRfIEjp6wUs,HIRAIDAI,Sayonara,1,0,188,21968,21968
7J5rQ68rXTv7zD1pM5baio,6cutt8thPFUICMfxaYerWd,MY FIRST STORY,アンダーグラウンド,1,0,189,21958,21958
209gZgcfLq2aUuu51vOWBl,0eecdvMrqBftK0M1VKhaF4,CNCO,Hey DJ,9,0,117,2818,21927
2rCbhG92g8CtoT3ctVDUxu,1hmfvUtIXJ6c5odBY2kFqW,DJ HASEBE,晴れた午後は代官山で,13,0,75,2618,21881
23luOrEVHMfoX0AhfbQuS6,2YZyLoL8N0Wb9xBt1NhZWg,Kendrick Lamar,FEAR.,10,0,75,2815,21817
6hx3xmwuejt6nYgkdCXqCW,1qma7XhwZotCAucL7NHVLY,Mr.Children,Marshmallow day,4,0,122,6371,21774
4kzwqiJyyMfDttbbwI5qYR,0mP8A1qIoufScrsxq18Cw6,PUNPEE,夢追人 feat. KREVA,1,0,137,21713,21713
0gnY3Mi6a6PzUQCjRfvReG,2kvBsTdtEvwUGOaSDDiKZg,starRo,カクレンボ,16,0,66,2369,21654
74svDOjRNi3wT8GCWfqnXs,15B9FrdU78YP1NVHRekesE,WONK,Give Me Back My Fire,10,0,129,2583,21609
2cYLtAVzzTAMf5QBQCeQPt,4lsSLCTKrmfULsRivqAShx,Hiroomi Tosaka,LUXE,5,0,152,4419,21512
4QJndoYmN9io3P7l3dAGyt,4UK2Lzi6fBfUi9rpDt6cik,Yorushika,レプリカント,1,0,160,21445,21445
728KK0g5lQn5pCn8bm6Abl,7lbSsjYACZHn1MSDXPxNF2,Hikaru Utada,Addicted To You - UP-IN-HEAVEN MIX,5,0,140,4844,21398
3tqWsBI9JcQosK6b94SNQ2,1g51NlHKUXlgfvGP22m0uD,J SOUL BROTHERS III,BRIGHT,19,0,78,1337,21383
0Wv6HtcBNex6lwPugykWCd,7n2Ycct7Beij7Dj7meI4X0,TWICE,SHADOW,1,0,135,21323,21323
680HBmBp7epamCrLG9RXxZ,1XYuC1vxinTjHCNd5clB8C,ARASHI,Listening Together - Satoshi Ohno コメント,1,0,139,21297,21297
4b09zQpjTiLpYd7XbVzRsa,54vgrKEZrdX0ukLwMKDZMX,MaziteLo,Easy Moves,1,0,198,21294,21294
0ihrymhKLLBxLhQVfNacR7,54vgrKEZrdX0ukLwMKDZMX,MaziteLo,Tune Of Joy,1,0,199,21281,21281
6aPDvttLmezuUlv60ExTH9,1vCWHaC5f2uS3yhpwWbIA6,Avicii,Fades Away,2,0,86,11732,21234
4XDWKodqvKyGL5YJILpKM5,7n2Ycct7Beij7Dj7meI4X0,TWICE,SWEET SUMMER DAY,1,0,139,21170,21170
7zGEU6BXl2c4TxpzIAr7BI,1vCWHaC5f2uS3yhpwWbIA6,Avicii,Never Leave Me,2,0,92,11507,21006
6Shzm8M9zwd1MYPc0DRxdK,24r8fVuKK3xtC1L7iSiM4O,EXILE ATSUSHI,With you 〜Luv merry X'mas〜,2,0,106,12485,20971
4w2iAP3X4FkpPb5kjRdIDx,3iOvXCl6edW5Um0fXEBRXy,The xx,On Hold,16,0,68,1785,20950
0VwZq35ff2SvvMWOFNrEDc,2YtvgEYiTH6jh7n2UmUdXX,never young beach,お別れの歌,18,0,93,1494,20942
6OMxMz7Y8KhvyxXN1aQpwB,0O0hxUrO2PKxZknken3R24,Suchmos,ARE WE ALONE,15,0,85,1981,20923
0iwMelVGxIm9vbLo5QupLh,3vrW6CkFM168t19VxduRuw,嶋 大輔,男の勲章 -復活- - 2003セルフカバー,3,0,162,7312,20906
2FavFnagG4fHny2f6GSyhr,4d2zOuYJHBPJTpVblHEKJb,Mondo Grosso,春はトワに目覚める - Ver.2,10,0,119,2746,20881
5iwz1NiezX7WWjnCgY5TH4,4QVBYiagIaa6ZGSPMbybpy,Pedro Capó,Calma - Remix,3,0,171,7314,20830
4gCKSBVrsOay3HYj5AvBq2,0eQSoTI7sQENREQM8Klp2j,Hinatazaka46,ドレミソラシド,2,0,180,10429,20820
0OqB7cbCmcPtIPLQgGODWK,0hCWVMGGQnRVfDgmhwLIxq,sakanaction,茶柱,2,0,129,11517,20779
40ipPr6wP6YmfrtM7jevZn,0O0hxUrO2PKxZknken3R24,Suchmos,FACE,18,0,124,1348,20755
6YywJ0geTbDOB2vwxBzVfQ,5M8AXrOifBT8elkLKbGPQZ,Superfly,愛をこめて花束を - Orchestra Ver.,6,0,135,4473,20698
44ADyYoY5liaRa3EOAl4uf,5YGY8feqx7naU7z4HrwZM6,Miley Cyrus,Slide Away,2,0,173,10616,20696
2XTquzYQAdT1Hk78bOUwsv,7dGJo4pcD2V6oG8kP0tJRR,Eminem,Greatest,4,0,172,5292,20678
1CPylCwvSnY3ZrQAwgQQWB,29D4iRqjepAsZt6o5hccND,Miliyah,最高なしあわせ -Drama exclusive mix-,13,0,56,2190,20630
56JyMaElW79S7TDWh1Zw1m,14scxEoUN7Dcx1m4EQ7oHe,Ashley O,On A Roll,2,0,156,10365,20590
6DqmRsI9FxY5OR6yFo3QR1,2yPOqQXgXAw3TVjCNReIrD,Nulbarich,ASH feat. Vaundy,1,0,172,20546,20546
1YqVJ2YSgwxWpfuENocF2t,0hSFeqPehe7FtCNWuQ6Bsy,BUMP OF CHICKEN,"Hello,world!",2,0,120,11813,20538
7iDxZ5Cd0Yg08d4fI5WVtG,7CajNmpbOovFoOoasH2HaY,Calvin Harris,Skrt On Me,7,0,55,4736,20532
4GZUP2IOSTDTklZw43ckwT,162Ols90jU4CctXQz15NxS,FANTASTICS from EXILE TRIBE,OVER DRIVE,3,0,155,7202,20496
4vIKzWqtn44umal5jXq4wE,6eUKZXaKkcviH0Ku9w2n3V,Ed Sheeran,1000 Nights,2,0,182,10488,20448
4AYtqFyFbX0Xkc2wtcygTr,06HL4z0CvFAxyc27GXpf02,Taylor Swift,Soon You’ll Get Better,2,0,186,10362,20396
7jjDw6alw2XkyTKvdWZtYE,6POfB0fHdzXFLWL3RHxLv8,Creep Hyp,僕は君の答えになりたいな,14,0,69,1881,20381
4tpvAxVQFZiFIaQ610YHR8,1g51NlHKUXlgfvGP22m0uD,J SOUL BROTHERS III,O.R.I.O.N.,13,0,118,1926,20374
4wufVE3ELYSfNRBIjvSi5D,4UK2Lzi6fBfUi9rpDt6cik,Yorushika,爆弾魔 - Re-Recording,1,0,180,20334,20334
32h59T8q2SonUPJ006lyXt,1l7ZsJRRS8wlW3WfJfPfNS,Christina Aguilera,This Christmas,2,0,117,11871,20326
3ntDOwTcuLTRbBmzaULcbN,7n2Ycct7Beij7Dj7meI4X0,TWICE,YOUNG & WILD,3,0,111,7683,20325
6Nle9hKrkL1wQpwNfEkxjh,2h93pZq0e7k5yf4dywlkpM,Frank Ocean,Chanel,11,0,70,2791,20300
6Uc4EHr3ktYmLfLDY7LifJ,66CXWjxzNUsdJxJ2JdwvnR,Ariana Grande,Snow In California,4,0,111,9943,20295
2TVa09QfQZmOI31iScduUq,3QyXESPMLvue8SWNSnBwPp,Momoe Yamaguchi,プレイバック part 2,1,0,142,20270,20270
0k1AHc30TzE8buQtgpBjxv,7ugEofYR3PMzWl0G2erk81,MACO,マイサンタクロース ~あなたと過ごすクリスマスイブ~,2,0,113,12140,20128
2wsyebeX4ptSxKIpJtWE6B,1EowJ1WwkMzkCkRomFhui7,RADWIMPS,棒人間,1,0,145,20116,20116
4TKT8o5l0Z3R9VvcDqctjn,0O0hxUrO2PKxZknken3R24,Suchmos,JET COAST,18,0,109,1362,20106
3zesxb7sOGbeSwUrzLUP0f,2wY79sveU1sp5g7SokKOiI,Sam Smith,Palace,5,0,168,4521,20037
71ywEs45ClmTNRiaJ7YEsr,04gDigrS5kc9YWfZHwBETP,Maroon 5,Maps,3,0,134,9171,19985
2A7i2bSzSob9MGFguo9hqT,2v3eFzDOUnyWP1drW2dPTp,Chara,Sympathy,10,0,113,2533,19950
2FFqH70q48dTnd5W3sGaXH,1l2ekx5skC4gJH8djERwh1,Don Diablo,Save a Little Love,10,0,124,2785,19876
5adxGTvP7cVAHWsaClfvAQ,19C24gEiJyfC8b2IhuupfA,SPiCYSOL,Mellow Yellow,4,0,140,5292,19810
5Y3OPUKCfbGNygyijpeP4e,7n2Ycct7Beij7Dj7meI4X0,TWICE,DON'T CALL ME AGAIN,1,0,159,19793,19793
7cyViQmj1Vp2C5PA0ojtFB,2N19kPGlqKY8GiyE4DkAtp,Little Glee Monster,ギュッと,4,0,132,5260,19755
4CoxD8tetisleUQDA7vn1B,7zYj9S9SdIunYCfSm7vzAR,JEON SOMI,What You Waiting For,1,0,197,19752,19752
76q0wuIpT0wIqiv5M21jEg,2nKGmC5Mc13ct02xAY8ccS,Kizuna AI,"Hello, Morning",3,0,82,7604,19701
45hmm59x8oKlHnmAuBhDcg,2rgC29v3ZYaGgbzPGh3d9Y,Yu Sakai,Drowning,15,0,70,1961,19668
3nodtPfXcok53E8Uze8gvD,2FwJwEswyIUAljqgjNSHgP,Snakehips,Either Way,9,0,159,2331,19651
22An65gG31JLf9n18qjdhZ,15UsOTVnJzReFVN1VCnxy4,XXXTENTACION,BAD!,3,0,161,6748,19611
1SHmjl6ARc12r1MFeRFRvY,6TDMbiQCWeMClsMr9ORLRK,aiko,こいびとどうしに,1,0,144,19572,19572
7gYPTquow3UXfQbFSo3v4m,2UEnhov0KDPYU2dmGUjfcn,w-inds.,Dirty Talk,4,0,146,5046,19568
6vN77lE9LK6HP2DewaN6HZ,5f7VJjfbwm532GiveGC0ZK,Lil Baby,Yes Indeed,4,0,171,5017,19463
66JTNHDcQsf32HHkh3SyBk,6TDMbiQCWeMClsMr9ORLRK,aiko,Star,1,0,147,19380,19380
3UpN4sNtO6ggn7jK9et6AC,2zUQjYvy0TevSi4d3PjqQO,MONGOL800,あなたに,2,0,193,10044,19335
13WdSyCDkKUQIp1YApKxoE,3JByu9VCNA1Rs6puGfRupj,Denki Groove,Shangri-La,2,0,103,10187,19334
58Qbbe6mHYiT6mOwpHGm4S,0b59cVa1STVENq3i7wkcHV,End of the World,Over,1,0,186,19324,19324
0Jlcvv8IykzHaSmj49uNW8,06HL4z0CvFAxyc27GXpf02,Taylor Swift,the 1,1,0,199,19235,19235
5LYQSNHZxEA880URXFHg6h,00FQb4jTyendYWaN8pK0wa,Lana Del Rey,Lust for Life,11,0,88,2138,19233
4Wmjt3ICd1G0geHb2Loho1,6M2wZ9GZgrQXHCFfjv46we,Dua Lipa,Thinking 'Bout You,15,0,116,1611,19165
4CiGZKJk9zGkkfARZGKs5W,0wRzWf3I4lUl9hdFF5uL0m,Sukima Switch,Kanade,16,0,162,1338,19122
38y9phw5fuLfKGS3iDC4xv,1EowJ1WwkMzkCkRomFhui7,RADWIMPS,サイハテアイニ,1,0,167,19064,19064
5Htb1uFQ1KrkFXlefS8oGj,6S2OmqARrzebs0tKUEyXyp,Demi Lovato,Tell Me You Love Me,5,0,167,4230,19043
24md79Pvck5AWciO5Xc3Ee,7nqOGRxlXj7N2JYbgNEjYH,SEVENTEEN,Fearless,1,0,176,19027,19027
162whDmSHA0DVUWSEZx3SD,3cbd5GWGOknxmFAe77MDbk,ELLEGARDEN,Supernova,3,0,84,7519,19019
1Y6YzmcAplb3PJVql7vHd4,6TDMbiQCWeMClsMr9ORLRK,aiko,Motto,1,0,152,19003,19003
6h5i1sJnmPfHmzhJvd89Op,3cbd5GWGOknxmFAe77MDbk,ELLEGARDEN,虹,3,0,77,7997,19000
385hggFlHsdlUINq0oHkT8,6TDMbiQCWeMClsMr9ORLRK,aiko,Futari,1,0,153,18974,18974
78W8wiUIlQ2SnWY9TVowKZ,5fahUm8t5c0GIdeTq0ZaG8,Otto Knows,Back Where I Belong,2,0,77,10694,18948
1pvgpkMqtQyOGePdYOTt9U,3zrUX1hQrUB9aXcOiyQLmN,Stanaj,Romantic - NOTD Remix,16,0,106,1456,18917
3VFhZ9QPVx8bPUvCQD1I2g,0mP8A1qIoufScrsxq18Cw6,PUNPEE,お嫁においで2015,13,0,117,1848,18902
4uloft7ZE54WflsuqFmjC7,3TVXtAsR1Inumwj472S9r4,Drake,Elevate,3,0,107,6708,18883
4tCURtfi9DFDmjpB3N5Uoz,3cbd5GWGOknxmFAe77MDbk,ELLEGARDEN,Windy Day,3,0,87,7396,18795
23jEeXRyrjFbfs2Q8tBwdI,6M2wZ9GZgrQXHCFfjv46we,Dua Lipa,Physical,1,0,139,18753,18753
5xbFkdL9vW2uPlBXL3Upw0,1vCWHaC5f2uS3yhpwWbIA6,Avicii,Pure Grinding,2,0,93,9976,18740
3swz3CdnIbcGlGSXOsEOl0,2RdwBSPQiwcmiDo9kixcl8,Pharrell Williams,Yellow Light - Despicable Me 3 Original Motion Picture Soundtrack,9,0,136,2586,18720
1t836BExTk1ygb4ur9kpgm,22wa94PJF9zyFJMTp2BYus,ReN,Fallin',1,0,135,18653,18653
2Ddcx76vJjN8xIthh0jpPI,0btudUX9PgqqXZuRtdjpSh,OYAT,ダンスに間に合う,7,0,141,3163,18653
3SLcCmKiBCwf2Bzy1rPLpa,0mP8A1qIoufScrsxq18Cw6,PUNPEE,GIZMO (Future Foundation),1,0,185,18585,18585
2Hf4Sanxd3qxDYZJXIeygh,5Vo1hnCRmCM6M4thZCInCj,OFFICIAL HIGE DANDISM,Parabola,1,0,148,18570,18570
6FopJmIHgp2ADIHEDrJixZ,1HY2Jd0NmPuamShAr6KMms,Lady Gaga,A-YO,11,0,30,2782,18558
0GUbhhI5fRx7BlqlqlhjuB,1z4g3DjTBBZKhvAroFlhOM,Red Velvet,Zimzalabim,2,0,182,9467,18548
4u3MD6NIXbCLLhONJNPi3G,3vlAUneucinIokaOUeYbrv,JAY'ED,Everybody - PKCZ(R) Remix,7,0,95,3122,18542
2rYyq0b3XWwmWl0k727OVG,7CajNmpbOovFoOoasH2HaY,Calvin Harris,Nuh Ready Nuh Ready,4,0,131,5138,18489
41eiwHEX8iegmqmS2cf7oX,2YZyLoL8N0Wb9xBt1NhZWg,Kendrick Lamar,The Heart Part 4,7,0,50,3562,18481
6U8VHaQxzECez4TSt0nmiP,4gzpq5DPGxSnKTe4SA8HAU,Coldplay,Everglow - Live From Spotify London,10,0,54,3389,18477
34pT4FYMyqZ5N4vQ8H822Z,3QyXESPMLvue8SWNSnBwPp,Momoe Yamaguchi,さよならの向う側,1,0,179,18475,18475
1MksGqIztTT6M9R1ErKVs8,0c173mlxpT3dSFRgMO8XPh,Big Sean,No Favors,9,0,67,2332,18470
0kXJNqmYdjwb31QLWGkNb7,1vCWHaC5f2uS3yhpwWbIA6,Avicii,Superlove,2,0,75,10734,18462
3xXBsjrbG1xQIm1xv1cKOt,6XyY86QOPPrYVGvF9ch6wz,Linkin Park,One More Light,6,0,54,5209,18409
0taLfqjGTtDubV7wp3qef9,3w6COh5nodshWjNOC2ZWqY,Haruma Miura,YOU,1,0,190,18387,18387
0iOGDICJeFjwB6OHaa04WR,2oNStf3CKKLM5lnzELWMcH,Taichi Mukai,リセット,3,0,132,6891,18370
7vfdTcZFt3BYxdKT6GB9Kn,6rLWD5vrN1ZaNU0peuEH7t,Tom Hangs,Blessed - Avicii Radio Edit,2,0,88,10159,18365
2fxqcSRl5dUiMAcSigsmkh,6bDWAcdtVR3WHz2xtiIPUi,Fujii Kaze,調子のっちゃって,1,0,175,18362,18362
1RePjIoprYxsbz2zuaMp6z,0O0hxUrO2PKxZknken3R24,Suchmos,GAGA,16,0,128,1306,18345
7mEUjhl6aTztdHCrxoTgBG,5K4W6rqBFWDnAN6FQUkS6x,Kanye West,Wash Us In The Blood,1,0,168,18325,18325
3SYPGeEpDBRySng5G0BEHE,5KUOSKYLz09CFEp79nLJW5,INMAN,Change My Life,1,0,199,18271,18271
0SvxydoxEEkXt9aMAqTfpB,04gDigrS5kc9YWfZHwBETP,Maroon 5,Wait,4,0,190,4889,18266
2aksifNn5ph8igDOkPBA02,5pKCCKE2ajJHZ9KAiaK11H,Rihanna,Love On The Brain,15,0,165,1279,18254
4AFgK4wP1iD5i8BYaLr9Vf,1RyvyyTE3xzB2ZywiAwp0i,Future,You Da Baddest,8,0,144,2565,18242
3TkNG3lYmJHk2Ftj4zy0I5,1EowJ1WwkMzkCkRomFhui7,RADWIMPS,大丈夫,1,0,180,18222,18222
4a8guR4owPEdDyLsPIC6HP,3Nrfpe0tUJi4K4DXYWgMUX,BTS,Spring Day - Japanese ver.,6,0,99,5872,18211
2cP2Xlw6ZbuQgIOs0Cn0yu,1Xylc3o4UrD53lo9CvFvVg,Zara Larsson,So Good,13,0,128,2054,18086
15coTBAzEN1bOeipoNDZAR,6Ff53KvcvAj5U7Z1vojB5o,*NSYNC,"Merry Christmas, Happy Holidays",3,0,154,9337,18077
1n4jwRVXdkK2U34nBDUKKT,2YZyLoL8N0Wb9xBt1NhZWg,Kendrick Lamar,BLOOD.,7,0,56,3235,18034
5Gi8lLH3edcexP99srU1Nl,60d24wfXkVzDSfLS6hyCjZ,Martin Garrix,Waiting For Tomorrow,3,0,124,6521,18028
0lxCYqeiD6OR5mZfpX2weB,1qma7XhwZotCAucL7NHVLY,Mr.Children,Starting Over,3,0,139,6620,17993
0qgQX6ItodvWHn98hcsPs6,3QWtKCUakFDZoosqTReaRS,SawanoHiroyuki[nZk]:mizuki,e of s,14,0,72,1933,17989
5xesHO6GLWTrjsKOjAXRmf,2cWZOOzeOm4WmBJRnD5R7I,Normani,Checklist,3,0,150,6161,17965
7nD9nN3jord9wWcfW3Gkcm,1l8Fu6IkuTP0U5QetQJ5Xt,Fifth Harmony,All In My Head (Flex),9,0,29,3311,17940
05G0qUTR52pwzDrPyDsmge,1EowJ1WwkMzkCkRomFhui7,RADWIMPS,ます。,1,0,188,17931,17931
1MvyiLN8ufPiALVZBFTaOQ,6GLJqeXo7O5WlJFHjCrYDg,ヒプノシスマイク -D.R.B- (神宮寺寂雷),君あり故に我あり,1,0,157,17908,17908
4bBXqeOwfMCJXkSfvULwfx,7Gh6fW49xfXLP8DTWaLVJP,Kyary Pamyu Pamyu,きみがいいねくれたら,2,0,123,9456,17885
7DNGqrLnd07C2FPpAdn6cc,2wY79sveU1sp5g7SokKOiI,Sam Smith,"River - Recorded At RAK Studios, London",3,0,67,8194,17883
3dJj6o9o1fRgrojWjailuz,6XyY86QOPPrYVGvF9ch6wz,Linkin Park,Nobody Can Save Me,7,0,64,4632,17879
4zRZAmBQP8vhNPf9i9opXt,2jnIB6XdLvnJUeNTy5A0J2,Why Don't We,8 Letters,3,0,122,6801,17878
0MPKa5qtzbUK2DNpmp0ypb,3RkPaFeTMrHIsB5HMEUdNt,Base Ball Bear,すべては君のせいで,11,0,108,1960,17871
4BHzQ9C00ceJxfG16AlNWb,4dpARuHxo51G3z768sgnrY,Adele,Send My Love (To Your New Lover),13,0,83,2254,17823
1pdPwEGe8y7GcqEqma8CR6,4cSyPcpldERtF4eL3NB9dn,Sunny Day Service,クリスマス -white falcon & blue christmas- remixed by 小西康陽,3,0,75,7769,17821
4Nm6GlPmroSx8LWfQfpd7N,7n2Ycct7Beij7Dj7meI4X0,TWICE,HOT,2,0,143,9547,17803
6guviPy3K9B7dkpqh7zajY,3vlAUneucinIokaOUeYbrv,JAY'ED,Here I Stand,11,0,114,1983,17770
286sDgo3bMCGQTBcVAx9BM,4EVB59BHDxGTTLzifWUPZZ,Via tov,Your Song,15,0,75,1460,17745
11EDhDAVDtGPoSar6ootYA,26VFTg2z8YR0cCuwLzESi2,Halsey,Strangers,8,0,103,2546,17720
4aYbN3bhY1fOzDoWtGfgMx,0mP8A1qIoufScrsxq18Cw6,PUNPEE,Wonder Wall feat. 5lack,1,0,195,17715,17715
6R62xRAyYjlfR05zcItJXA,01b6szRrEne55vkR4tVPHP,KID FRESINO,Cats & Dogs,1,0,193,17668,17668
0BU2OFDU7NvV7zza77F2YN,4Kxlr1PRlDKEB0ekOCyHgX,BIGBANG,BANG BANG BANG,16,0,118,1265,17622
4W05gShOi9kkALl9BylORG,1EowJ1WwkMzkCkRomFhui7,RADWIMPS,25コ目の染色体,1,0,193,17591,17591
0vVuNvGhFIakSIHAND58tj,5ydDSP9qSxEOlHWnpbblFB,Sambomaster,Dekikkonaiwo Yaranakucha,1,0,199,17556,17556
6aJj9OlLiZVagW8fd8ZtK3,3Nrfpe0tUJi4K4DXYWgMUX,BTS,Not Today - Japanese ver.,6,0,92,5633,17555
42NpUvd0I2kdIuMXX4nobE,4Rxn7Im3LGfyRkY2FlHhWi,Nick Jonas,Remember I Told You,9,0,115,2500,17531
05LTisgvyKN1lvM3dXl8SV,0ZNOGQWBmBxJPBQG0HS0mJ,Rekishi,きらきら武士,1,0,150,17493,17493
0hKBQO2KtkDw99y7oUaTPf,0QHgL1lAIqAw0HtD7YldmP,DJ Khaled,Shining,12,0,98,2056,17474
5LXj9Ch3O9ATm1NoHT8GXn,4gzpq5DPGxSnKTe4SA8HAU,Coldplay,Hypnotised,9,0,75,2593,17463
09KlDlkOYuC5x6hOaM7vaP,1l8Fu6IkuTP0U5QetQJ5Xt,Fifth Harmony,Angel,7,0,125,3096,17460
6T506SFlFUVVNvnmCiVZR0,66CXWjxzNUsdJxJ2JdwvnR,Ariana Grande,Dangerous Woman,8,0,164,2504,17453
6oNRhdGxT0CiypPQHyDiKW,1Cs0zKBU1kc0i8ypK3B9ai,David Guetta,Sunshine,2,0,94,9949,17452
4uedOJajNogY115gktPcvI,6yqXW1ZKNeDm04DguLHoJk,Yoko Oginome,ダンシング・ヒーロー(Eat You Up),4,0,66,5955,17446
73ExUbskoIkjU0llIwsSzu,1vCWHaC5f2uS3yhpwWbIA6,Avicii,X You,2,0,100,9377,17445
5UiZWCqMerAvmiHtQwTKSj,6bDWAcdtVR3WHz2xtiIPUi,Fujii Kaze,特にない,1,0,198,17433,17433
4GymRrwWNdMXIHmjcJvxqq,4d2zOuYJHBPJTpVblHEKJb,Mondo Grosso,TIME,9,0,121,2265,17375
1cHq6keYJRg8FjVgkqvRIA,1HzcHe0WFm4koBalCEOkVh,SIRUP,LOOP,2,0,162,8834,17367
0BdKPVRZlsQU00OJE4AiVh,6CKN3GUiWMrESH1RKn3ecz,E-girls,Perfect World,3,0,174,6201,17353
4HM0YbV3ALuIpxs6RhY7Ud,5Kel39nIyxecLs1JYPK02S,マゴマゴ,アーティカル,1,0,186,17348,17348
6MdtOZBFGnDbfdBNS1ooIG,5Kel39nIyxecLs1JYPK02S,マゴマゴ,ヒステリー,1,0,187,17308,17308
23EXCgTa99RN6b3KwtkodK,7nqOGRxlXj7N2JYbgNEjYH,SEVENTEEN,Kidult,1,0,200,17240,17240
6PM9aVX4EJUpS4qxivGi6W,0qC4CNzOUtgdmdVzRqCa1d,STUTS,Changes,3,0,145,6147,17221
4vtjB5Q9RYDLH8sWaqHBjJ,3vVDusnDA0LcPH3NvZpoyM,Noriyuki Makihara,記憶,3,0,183,6132,17155
1YqcGlCHNquxBhlUZsjhMT,2uwXb02RFgtGOr6s6XMWlB,Dj Ozuna,,5,0,150,3735,17148
1DdgqEZk4Hqfpl3drdXJun,5K4W6rqBFWDnAN6FQUkS6x,Kanye West,No Mistakes,3,0,108,6549,17118
6hepmadTG7895VAUPYxg3e,31VPfrPEa86aKpD2LT3Ued,Naotaro Moriyama,夏の終わり,14,0,60,1717,17057
7I54mVTFl7hynbtAIBqTsz,1M6XLICqGgFsxLpKU6v5UP,LEARNERS,I SAW MOMMY KISSING SANTA CLAUS,5,0,82,6942,17022
6skTvnm735GYcgiKaeDDPq,3JhNCzhSMTxs9WLGJJxWOY,Macklemore,It's Christmas Time,1,0,159,16916,16916
7FPOTINXrud2gCZVAsMTZc,3e7awlrlDSwF3iM0WBjGMp,Little Mix,Touch,10,0,84,2196,16900
69uxyAqqPIsUyTO8txoP2M,4gzpq5DPGxSnKTe4SA8HAU,Coldplay,Adventure of a Lifetime,9,0,73,2686,16891
0jhvJs0gITrnMS9cS32hms,3GBPw9NK25X1Wt2OUvOwY3,Jack Johnson,My Mind Is For Sale,7,0,123,3031,16888
4EM8ZRafUv02ugYyJoJo7o,4tX2TplrkIP4v05BNC903e,Tom Petty and the Heartbreakers,Christmas All Over Again,2,0,168,9008,16878
6zXYVRa4oyQ84hAmk0wAhk,5zV9afUO4DVqJeRaZvfNev,POLKADOT STINGRAY,エレクトリック・パブリック,11,0,122,1932,16849
0lgZz4x4QuTo3nEl5uoVJl,3vVDusnDA0LcPH3NvZpoyM,Noriyuki Makihara,僕が一番欲しかったもの,1,0,147,16837,16837
0M7KX9PO5QTEBdbXEIjoBt,2XjqKvB2Xz9IdyjWPIHaXi,Sheena Ringo,駆け落ち者,2,0,168,8615,16806
1GqIkMCk3VhfwUhFF9x8gB,6TDMbiQCWeMClsMr9ORLRK,aiko,Choucho Musubi,1,0,186,16732,16732
2VYb3Fb5iK5Y8HGZ8oEEkp,5K4W6rqBFWDnAN6FQUkS6x,Kanye West,Violent Crimes,3,0,118,6192,16728
3dVMeI08Of33bjSELmtSqq,6cutt8thPFUICMfxaYerWd,MY FIRST STORY,"1,000,000 TIMES feat. chelly (EGOIST)",1,0,198,16623,16623
5fo4LbJ8lOaB54wcM5wPMv,5QatamYwvUTOmMHW6WA0AG,Terror Jr,Come First,12,0,50,1958,16597
7Lq5fDkytj6ofmvsjYrAyj,4HfuyMMy295oBvbIuXr0v8,GENERATIONS from EXILE TRIBE,You & I,1,0,185,16588,16588
5qfZRNjt2TkHEL12r3sDEU,4gzpq5DPGxSnKTe4SA8HAU,Coldplay,Everglow,11,0,65,2410,16579
1Tt4sE4pXi57mTD1GCzsqm,5pKCCKE2ajJHZ9KAiaK11H,Rihanna,Needed Me,11,0,57,1671,16539
2gXreMkSKqcC8mk1TsQNEx,0UZq6vAHrwGgctvxTzzxYm,Tokyo Ska Paradise Orchestra,Good Morning〜ブルー・デイジー,1,0,167,16476,16476
0Zu8ctXQ1k6xcxlUHI0IqX,7lbSsjYACZHn1MSDXPxNF2,Hikaru Utada,Prisoner Of Love,4,0,163,4468,16416
7k0lzbR1rvE8wW4Q6gsa83,08lN7bm4Etec8ETFxaTUmq,Nogizaka46,しあわせの保護色,1,0,180,16414,16414
06NBrp5cwrw4gSh0eWN4OC,6TDMbiQCWeMClsMr9ORLRK,aiko,Shiawase,1,0,194,16408,16408
6ElHSNHqeD5xO0GMohGtDI,0m9c1fPDKRzpPlMb0SBzK9,HARUNA,Smile again,14,0,100,1393,16385
5p3NP9mQblDsVJLdfNZJ3I,2YZyLoL8N0Wb9xBt1NhZWg,Kendrick Lamar,GOD.,8,0,85,2608,16380
4U3keeufqJjAX6YjtXvVkA,4q5fHrf0Q0R6imQ3etjXEG,Straightener,灯り,5,0,158,3581,16370
0jFHMDRXxKaREor3hBEEST,6MoXcK2GyGg7FIyxPU5yW6,SUNMI,Gashina,4,0,128,4370,16359
3Ib5nHYN5u2LG12WrU3yRa,6jTjjAjvYvMYfaqi837p5x,L'Arc-en-Ciel,HONEY,1,0,126,16336,16336
2RQRQs1rxf5v4EW6RTfx6J,1vCWHaC5f2uS3yhpwWbIA6,Avicii,Liar Liar,2,0,114,8590,16335
2qrxmTwVAsQ83HAtgyawKc,5ztM0WRyJguGFiLusqTBKs,AKAIKO-EN,闇夜に提灯,12,0,120,1616,16322
3YBQRnGGxqIwVN8Zls7wjt,7lNFzeAXmSIKexINNgO6bu,YUZU,"Koi, Hajikemashita",4,0,86,4465,16308
51W3zyCXDBUi3toTBAhBbW,6E94YMM50nYraxpkixvQuW,THE RAMPAGE from EXILE TRIBE,Dirty Disco,7,0,133,2793,16262
0gdsdHQiTipWR8LeRSXpJJ,7n2Ycct7Beij7Dj7meI4X0,TWICE,TURTLE,5,0,165,3536,16252
6HV4pHx1HpJxV8tYf5Fp4q,2XjqKvB2Xz9IdyjWPIHaXi,Sheena Ringo,正しい街,3,0,109,6659,16209
7nAfXgeHfDO50upcOjJOaq,6XyY86QOPPrYVGvF9ch6wz,Linkin Park,Talking to Myself,6,0,63,4652,16190
1MvruyvQjCym9SQKotqfjg,61H9d7hbIfFNxJJQmIL9AJ,Kinokoteikoku,夏の影,12,0,59,1792,16165
0tDfp0vFR95Gg6Mrhza3lX,06HL4z0CvFAxyc27GXpf02,Taylor Swift,Call It What You Want,4,0,107,4779,16158
5rvTIlkAJUGjcJL5cT1D0o,2YtvgEYiTH6jh7n2UmUdXX,never young beach,春らんまん,2,0,172,8482,16143
3w8T6SnpS49Tmoc9L1IrIF,6TDMbiQCWeMClsMr9ORLRK,aiko,Loveletter,1,0,197,16138,16138
4hiUYb2nb6NlfTP9CD38Pe,2o5jDhtHVPhrJdv3cEQ99Z,Tiësto,On My Way,13,0,94,1643,16123
7oDjaRDdf9zNQ8N3yRjQwF,1vCWHaC5f2uS3yhpwWbIA6,Avicii,Feeling Good,2,0,118,8368,16122
5goGDc74vVREyN8al8CkPh,3TVXtAsR1Inumwj472S9r4,Drake,Diplomatic Immunity,4,0,164,4161,16121
4HDABy2aXHgEEuqLA1jT0n,2ZjWbNQAjL74Pf4aqikIz2,Shota Shimizu,Yumega Samenaiyouni,8,0,163,2243,16111
30qeocnAJxvIQLWSbv8Awx,4HfuyMMy295oBvbIuXr0v8,GENERATIONS from EXILE TRIBE,涙,8,0,159,2292,16108
0VhgEqMTNZwYL1ARDLLNCX,4IWBUUAFIplrNtaOHcJPRM,James Arthur,Can I Be Him,8,0,146,2367,16103
72TyiiduRmczEbDIEtKQdR,1Xyo4u8uXC1ZmMpatF05PJ,The Weeknd,Wasted Times,3,0,135,5900,16100
6Fv9M9nUKvuMD7roafIm8j,6U2dgcU46Iy9pF3RQBj5hG,Monkey Majik,留学生,2,0,172,8128,16063
7eiXIZnZmDBtEGREON5AeG,6QR0aIEAemEigDCKjOVxe0,HYPNOSISMIC -D.R.B- (Division All Stars),ヒプノシスマイク -Division Battle Anthem- +,1,0,172,16053,16053
0NyOeqzqjVM9j7IuWp2oJ6,2ZRQcIgzPCVaT9XKhXZIzh,Gryffin,Feel Good,11,0,132,1755,16051
007lsEHi6fP9LoYB7czYUa,7aBzpmFXB4WWpPl2F7RjBe,Wyclef Jean,Divine Sorrow,2,0,119,8131,16019
70lnL3QaSOIIyMa2X9aVRL,0EmeFodog0BfCgMzAIvKQp,Shakira,Perro Fiel,5,0,182,3237,16007
79MIqoEZx5gxVjQPQilngb,4pBe4NOBWiiG2iSo9GGhyO,Hypnosis Mic -D.R.B.- (Fling Posse),Drama Track「マリオネットの孤独と涙と希望と」,1,0,200,15997,15997
65hAGShC93OnY4nL1R4fMN,2UmhByzSum8X2lQZ7pWvWp,RIRI,Luv Luv,2,0,183,8014,15962
1KJrwQdpHPf02XZZtZ3QlR,79nkC8XZ5ohEVU0Xlf5Ael,SOUTHERN ALL STARS,涙の海で抱かれたい~SEA OF LOVE~,1,0,140,15935,15935
2hfWgdFqOUUAVo6GhiFpOD,6POfB0fHdzXFLWL3RHxLv8,Creep Hyp,TRUE LOVE,12,0,58,1803,15934
4sQMalN597HdggTu196aL0,6nxWCVXbOlEVRexSbLsTer,Flume,Say It,10,0,42,2275,15927
26MsKj93KMXhDXlKK8rwPD,7dqg9aMu2T8vMb9ecbke7o,ヒプノシスマイク -D.R.B- (入間銃兎),Uncrushable,1,0,166,15922,15922
333oiwwRSmDGKca100cDyc,3DiDSECUqqY1AuBP8qtaIa,Alicia Keys,The Christmas Song,1,0,176,15901,15901
75scDPqGs75FotglJSoOI2,3Nrfpe0tUJi4K4DXYWgMUX,BTS,MIC Drop (Steve Aoki Remix) [Full Length Edition],3,0,179,5683,15864
5gDWsRxpJ2lZAffh5p7K0w,1Xyo4u8uXC1ZmMpatF05PJ,The Weeknd,Stargirl Interlude,8,0,54,2185,15810
2mb6YdoavL6db22p7XKJQZ,2wY79sveU1sp5g7SokKOiI,Sam Smith,Burning,4,0,110,4581,15766
5raTDhlbxFDnpn89bxArdH,4O15NlyKLIASxsJ0PrXPfz,Lil Uzi Vert,That Way,1,0,181,15734,15734
0xl1w2q4VLojeXp4JfazPL,3TVXtAsR1Inumwj472S9r4,Drake,Sacrifices,8,0,76,2396,15709
7DM4BPaS7uofFul3ywMe46,7slfeZO9LsJbWgpkIoXBUJ,Ricky Martin,Vente Pa' Ca,11,0,74,1647,15703
5YeHLHDdQ4nKHk81XFWhCU,66CXWjxzNUsdJxJ2JdwvnR,Ariana Grande,successful,3,0,173,5415,15687
64TkpV7m7f09JY7K436pju,0du5cEVh5yTK9QJze8zA0C,Bruno Mars,That's What I Like - PARTYNEXTDOOR Remix,9,0,86,2365,15682
1LojHMUAEwkYewkIk9JPWD,38WbKH6oKAZskBhqDFA8Uj,ZUTOMAYO,眩しいDNAだけ,2,0,198,8519,15673
0BJNiNpYtqjhEvLS8OEwLZ,1GhPHrq36VKCY3ucVaZCfo,The Chemical Brothers,C-h-e-m-i-c-a-l - Edit,11,0,62,2398,15650
22YqQHPWgRrJ9e4GZV4P5y,3D73KNJRMbV45N59E8IN0F,Mika Nakashima,Forget Me Not,12,0,71,1961,15649
6huFV2SCZOW9fRUwXqGkHC,2DKISYy7EvTDO7eJHBK6yF,I Don't Like Mondays.,gift,1,0,191,15579,15579
5075foWfaIxJZr3hGMopXO,2lbUjuMzHkT4qIECvk2f3L,Kris Wu,Deserve,4,0,63,5253,15557
2NZe5OoZYvvevvwCc04G8T,2sXk5JWxoBwkLftnTcCFN8,ヒプノシスマイク -D.R.B- (山田三郎),レクイエム,1,0,171,15525,15525
7ty1ZbGAp6KUqV6wUBF0oh,79nkC8XZ5ohEVU0Xlf5Ael,SOUTHERN ALL STARS,シュラバ★ラ★バンバ SHULABA-LA-BAMBA,1,0,149,15508,15508
3fzCO5mdnxKvxOT03Ao0RI,4UTEZqrPqLDOhBfraPNciJ,Daichi Miura,COLORLESS,1,0,139,15492,15492
58C81zfTH4pygXCk7miGO5,6V03b3Y36lolYP2orXn8mV,98º,What Christmas Means To Me,2,0,182,8666,15406
5VEuraNSVxMTzDTtrmL3lQ,6ZjFtWeHP9XN7FeKSUe80S,Bing Crosby,Winter Wonderland,2,0,169,8398,15406
6pwvH9LfroBLqd3dez9vBz,4gzpq5DPGxSnKTe4SA8HAU,Coldplay,A L I E N S,6,0,100,3188,15369
4PpV74nmtTAA6tu1l042Tu,0Gd9H0nBs795UJxbfcRqpP,ヒプノシスマイク -D.R.B- (山田一郎),Break The Wall,1,0,174,15331,15331
3geEYxtQEE29yRjXu654sD,1vCWHaC5f2uS3yhpwWbIA6,Avicii,Sweet Dreams - Avicii Swede Radio Edit,2,0,113,8617,15292
6GUNK3IfP27qt7nhy1MpMP,1vCWHaC5f2uS3yhpwWbIA6,Avicii,My Feelings for You,2,0,115,8232,15281
0Fv5N0cHBsl4bzCbollCAS,0c173mlxpT3dSFRgMO8XPh,Big Sean,Moves,8,0,72,2194,15245
4j1KbzdqeiunPtu9Zn2Qlr,0zEbGW70TQHSOf4Ip1oeVn,ACIDMAN,最後の星,13,0,74,1440,15222
2ajzBr7vwHTEBeqDzcsNRC,4O15NlyKLIASxsJ0PrXPfz,Lil Uzi Vert,That Way - Bonus Track,1,0,190,15192,15192
13e6f8t7RKXuxZ0JdaaJRG,3TVXtAsR1Inumwj472S9r4,Drake,Jorja Interlude,7,0,70,2553,15182
6xmiQPeG9WUw69RLbJr2ox,5l7Uyt1IiYk8l93ohXiQd6,EXILE THE SECOND,SUPER FLY,10,0,114,1751,15156
5sNESr6pQfIhL3krM8CtZn,3nFkdlSjzX9mRTtwJOzDYB,JAY-Z,Numb / Encore,4,0,56,5061,15116
11Fo4dAH31K7UZHGqCkCmE,2XnBwblw31dfGnspMIwgWz,Axwell /\ Ingrosso,I Love You,11,0,109,1915,15079
0gahmokctHhYjyR3ZUGr7L,0bdfiayQAKewqEvaU6rXCv,MØ,Final Song - Diplo & Jauz Remix,12,0,83,1609,15048
5c5ARrENAc6Dqsn43vlwbt,64M6ah0SkkRsnPGtGiRAbb,Bebe Rexha,Count on Christmas,1,0,198,15037,15037
6jljTubNfEw3OWdhItKGDG,3vVDusnDA0LcPH3NvZpoyM,Noriyuki Makihara,遠く遠く,1,0,178,15028,15028
0Ejj1u1CmTGTts2UqIiYbJ,704gz1q9ieRxZfTkhPlZGG,BIM,"Runnin' feat. kZm, SIRUP",1,0,189,15023,15023
3K4HG9evC7dg3N0R9cYqk4,6XyY86QOPPrYVGvF9ch6wz,Linkin Park,One Step Closer,4,0,52,5258,15017
6sFurJHcZNOMRt1UVruykr,0KZ7Lk1c6rpp0nwvY9EuD4,Shin Rizumu,FUN!,11,0,103,1840,15010
37yHxMij3cpN8SdO915LUI,01wau5CL3Z1vfJJWkzBkqg,AKB48,恋するフォーチュンクッキー,3,0,165,5702,15008
5Ber68jZ7ytegr2UISEdb7,1GxkXlMwML1oSg5eLPiAz3,Michael Bublé,Santa Claus Is Coming to Town,2,0,145,9260,14957
6NfrH0ANGmgBXyxgV2PeXt,4q3ewBCX7sLwd24euuV69X,Bad Bunny,La Difícil,1,0,199,14957,14957
0c5XmwhJrC1RidPGz7SDXf,6ah9gnwgMJ1PMKhkKOwH1D,80KIDZ,Reversed Note,12,0,127,1637,14931
6D9rPeg6KmPaU0qOLCUUHD,79nkC8XZ5ohEVU0Xlf5Ael,SOUTHERN ALL STARS,マンピーのG★SPOT,1,0,162,14928,14928
5sX66jlnqZZ0tF5jOQwt9M,7Gh6fW49xfXLP8DTWaLVJP,Kyary Pamyu Pamyu,良すた,10,0,80,2316,14918
7EgLoUQHysIbRBal6S0cQn,1HgU7kZOYS995O1n9BSKGQ,ヒプノシスマイク -D.R.B- (毒島メイソン理鶯),2DIE4,1,0,185,14918,14918
3DoBTwfr8yi2LN08SBpFkN,0Y5tJX1MQlPlqiwlOH1tJY,Travis Scott,Watch,3,0,161,5071,14821
0pJPdSVti6cTM1Q6xYGmcf,7CajNmpbOovFoOoasH2HaY,Calvin Harris,Faking It,5,0,60,4262,14791
3ppC3SeI2CR4RA7Fua5RBY,1vCWHaC5f2uS3yhpwWbIA6,Avicii,Jailbait,2,0,120,8210,14763
2fkeWbM6iqTw7oGHTYm2lw,3TVXtAsR1Inumwj472S9r4,Drake,4422,7,0,69,2558,14751
5YRkbQIt6VBp2JnrYQ7zRR,2qNI3aGlywRzTkRBOy9YzG,Yasutaka Nakata,Love Don't Lie (Ultra Music Festival Anthem),6,0,98,3354,14750
08Wc3X7XNSyF8WYBPt2L8E,7CajNmpbOovFoOoasH2HaY,Calvin Harris,Holiday,5,0,57,4514,14735
4r8e2JrMLbqtlH3Yf2Thx2,1XYuC1vxinTjHCNd5clB8C,ARASHI,Sugar,1,0,173,14686,14686
730nSsqkSNhUUebgyrLgPJ,1vCWHaC5f2uS3yhpwWbIA6,Avicii,Street Dancer,2,0,123,7939,14678
2gsNpSn7VvvJuSrIDfRoYy,7dGJo4pcD2V6oG8kP0tJRR,Eminem,Kamikaze,3,0,182,4908,14635
3MPvgWrFplhNi3QncC5eUS,6MDME20pz9RveH9rEXvrOM,Clean Bandit,Rockabye,12,0,88,1543,14584
6AGON2BGdPmPMJGiiNuuwl,6l3HvQ5sa6mXTsMTB19rO5,J. Cole,Immortal,9,0,64,1802,14572
5yuAtEKiEwKbBHuWOsdhBT,4UTEZqrPqLDOhBfraPNciJ,Daichi Miura,飛行船,3,0,157,4926,14541
2LBqCSwhJGcFQeTHMVGwy3,1Xyo4u8uXC1ZmMpatF05PJ,The Weeknd,Die For You,8,0,51,2293,14532
6UpbJR1cGYbTfLSVyc9WDo,31cQ1UZ89lT9gFf6bvADZl,YonYon,Mirror (選択),3,0,153,5075,14509
78GZUP94LWkIxkEd0rBlVq,7lbSsjYACZHn1MSDXPxNF2,Hikaru Utada,Play a Love Song,2,0,163,7566,14488
7dZ6YZA18rkPuv6xAL03s4,63DaZyYQSNix7NVRWSyONB,LGMonkees,3090~愛のうた~,3,0,177,5052,14480
7tCMyjb6rYVoUZ2lyzmG82,4HfuyMMy295oBvbIuXr0v8,GENERATIONS from EXILE TRIBE,Stupid 〜真っ赤なブレスレット〜,7,0,153,2256,14467
1L4jJYLxSYzfFshMkydmGc,79nkC8XZ5ohEVU0Xlf5Ael,SOUTHERN ALL STARS,いなせなロコモーション,1,0,172,14459,14459
3eqhMltljpvMkVNUbAHyQI,6sN51vEARnAAdBw1IKZ8Q9,Liam Gallagher,Wall Of Glass,7,0,116,2812,14406
381g0b6QZxC13SzA2HRMIc,1z4g3DjTBBZKhvAroFlhOM,Red Velvet,Power Up,3,0,144,5279,14401
4Tvw0lweq9l2JPQKFbpbBQ,1Cs0zKBU1kc0i8ypK3B9ai,David Guetta,Better When You're Gone,2,0,184,7323,14362
4obHrHdqI59cuq7nQ3KD45,0CCqHvxGgfjJzwzQzmPlEr,Tuxedo,Fux with the Tux,9,0,74,2542,14340
4Su8aQpSA7ufmpfVwoKEeJ,6zGmypGQUBXD4ZC9EbfMme,EXILE,Lovers Again,3,0,169,4834,14287
15IeEv4r9GKGufleMKYU1d,0bp9CvkjQYhUJvWRHjFRWI,WEDNESDAY CAMPANELLA,チュパカブラ,12,0,81,1631,14274
0NWqNXBJTpXbkI5rPWNy3p,1Xyo4u8uXC1ZmMpatF05PJ,The Weeknd,All I Know,7,0,52,2272,14195
5Px6UA0dmCRZeScW9HZ5re,1UDGHCGnWyikwidtaymNpz,Takako Matsu,Let It Go - Japanese Version,1,0,184,14159,14159
5ffwnb6hqsKZp8cG6q90OW,4gzpq5DPGxSnKTe4SA8HAU,Coldplay,Something Just Like This - Tokyo Remix,6,0,112,2831,14147
1E529ug6zRzAs8lk6DAXMs,5kgH3qVSSDPPmKnQfrkblH,RIP SLYME,楽園ベイベー,3,0,185,4842,14134
5LDpayDDuScaIf7WFK4Wau,58zME34zPsQx58YXCyFryH,The Birthday,抱きしめたい,10,0,141,1801,14108
1pfgsjmxVZhoZpeDx6POKv,4sTQVOfp9vEMCemLw50sbu,Galantis,Bones,2,0,169,7441,14033
2Nm8l73imdJaCMgqKxdvOI,29D4iRqjepAsZt6o5hccND,Miliyah,旅人,9,0,97,2029,13925
1i8385MCza4qRvkYiiFPm2,7K3bqkZs0SVUS9K13bnwHL,KEIJU,Let Me Know,3,0,183,4812,13915
0ac08NRTu7rjxhX0briLEM,1vCWHaC5f2uS3yhpwWbIA6,Avicii,Sound of Now - Vocal Mix,2,0,130,7620,13906
3tF4T8pGqCaN85ASvp4Qhf,5kjGRHClVacSyllOUqU1S0,SPITZ,ラジオデイズ,1,0,151,13903,13903
6D29Di7J5Z1VOSRVrK9fox,0Am3N8IgKrONBxModLTXGG,Hashimotoeriko Hatanohirofumi,トークトーク,9,0,127,1818,13887
1HU8n15qhw1py9JjLoHCaE,1S2S00lgLYLGHWA44qGEUs,Gen Hoshino,Sarashi-mono,1,0,136,13886,13886
11SBTvSU9EL7CkGzTTCf0c,7olecnKmHCw2feIpNBnbZg,The ManRay,Brown sugar,7,0,158,2371,13878
2jTujnt0y344ai1rNOywgr,3TVXtAsR1Inumwj472S9r4,Drake,KMT,7,0,85,2265,13876
3IGX6gPyuGV7HnclV9X7oH,6POfB0fHdzXFLWL3RHxLv8,Creep Hyp,愛す,1,0,194,13876,13876
1IgnGtOPQBito1zpIasn8J,6T5tfhQCknKG4UnH90qGnz,DNCE,Hollow,4,0,151,3734,13833
0y9uTzK9cNKSAEHnpeRG8C,2YZyLoL8N0Wb9xBt1NhZWg,Kendrick Lamar,DUCKWORTH.,7,0,90,2453,13788
5iKn8jhfwPjDTRtBwEvi1i,0MK8l3nURwwQIjafvXoJJt,ASIAN KUNG-FU GENERATION,リライト (2016),8,0,52,2256,13785
1SthVgXPOV0py1CHizp42X,1S2S00lgLYLGHWA44qGEUs,Gen Hoshino,ギャグ,1,0,129,13770,13770
1flArUdd3fKDwxjFG6F7lB,35kHTQKhhh1MMBATOLwZCt,Kemio,どこまでいっても渋谷は日本の東京,2,0,93,7568,13668
27vc4a30zJQ04Cg1YYLapp,3XA6oxaRzxYNoLwDeOTu36,Daijiman Brothers Band,それが大事,2,0,194,7923,13651
1ivjEfCfKohIb7fONmo4Dt,7JthQ6zwNzfxRfIEjp6wUs,HIRAIDAI,It don't matter - with Donavon Frankenreiter,11,0,73,1497,13644
1XqCDiHkNYSHaPFp3Eml06,7k73EtZwoPs516ZxE72KsO,ONE OK ROCK,Take Me To The Top,12,0,75,1384,13629
3Hz1Rui4VVCnVl6QMpjCYE,1S2S00lgLYLGHWA44qGEUs,Gen Hoshino,Present,1,0,131,13616,13616
5QQtGaI4kecan2tp2PSvNz,1IEretLePzJKj8R6KCEaBA,Soushi Sakiyama,五月雨,2,0,80,7210,13584
16Ah4QqH4mgYVXqfC4mdSd,2jku7tDXc6XoB6MO2hFuqg,Tory Lanez,LUV,8,0,41,2275,13535
7jaSxAyD3eexfxLMxBo0vU,2AwGvrbcvOSx5HDwc4OQE3,SALU,SPACE,7,0,105,2426,13529
6rwPahSYqKDjUZEJHFk355,1vCWHaC5f2uS3yhpwWbIA6,Avicii,Strutnut - Original Mix,2,0,141,7031,13503
6OocN63GLU7NF0wHdewhID,6XyY86QOPPrYVGvF9ch6wz,Linkin Park,Invisible,5,0,75,4056,13474
3IEkETy7qBcTS8tb0sGxPr,2qNI3aGlywRzTkRBOy9YzG,Yasutaka Nakata,Love Don't Lie (Ultra Music Festival Anthem),5,0,100,3496,13468
2Kp3IIDOY0LgATlHaXoO4O,0bdfiayQAKewqEvaU6rXCv,MØ,Drum,11,0,76,1442,13458
5W2opDlEE4V6azri6kC4aT,6eUKZXaKkcviH0Ku9w2n3V,Ed Sheeran,Don't,9,0,105,1974,13432
1PZ2RH6dUdhZzii2Az2S7s,1vCWHaC5f2uS3yhpwWbIA6,Avicii,Muja,2,0,135,7198,13403
0FDzzruyVECATHXKHFs9eJ,4gzpq5DPGxSnKTe4SA8HAU,Coldplay,A Sky Full of Stars,11,0,109,1739,13401
4OfgtQRrjlvTWi7FgGfV37,2QgdUzpKFNxey5IuwvsGBL,Fujifabric,プレリュード,12,0,101,1322,13352
0cH0jgGkp1R6v9111ovxHr,1vCWHaC5f2uS3yhpwWbIA6,Avicii,Even,2,0,143,7039,13343
0E5TZgeNbdxoR7YwZG9PTO,2XMxWKPKCxoLkSdpCViCnr,Perfume,ポリリズム,1,0,130,13301,13301
4dkc3soY4SvOKrEjyzYWGs,0vCGPbugjEi38T41ZHny1o,BOOM BOOM SATELLITES,LAY YOUR HANDS ON ME (2017),10,0,132,1581,13296
6vvwG3MnQnRoDy5T80x5KM,58zME34zPsQx58YXCyFryH,The Birthday,夢とバッハとカフェインと,11,0,89,1559,13289
6cy3ki60hLwimwIje7tALf,1yxSLGMDHlW21z4YXirZDS,Black Eyed Peas,RITMO (Bad Boys For Life),1,0,199,13263,13263
3tdV0DSPeNQoWcNak4nGSY,26AHtbjWKiwYzsoGoUZq53,Pentatonix,The Christmas Sing-Along,2,0,71,8117,13258
3INsYP1Y8GG4qJvBsKCdXC,1dfeR4HaWDbWqFHLkxsg1d,Queen,Don't Stop Me Now - ...Revisited,2,0,192,6620,13222
2CzI9lmU9xym9Qwcmj0ulO,7n2Ycct7Beij7Dj7meI4X0,TWICE,SUNSET,2,0,132,7055,13176
5JXd3XM2cT68cIeuofZQ0I,5M8AXrOifBT8elkLKbGPQZ,Superfly,輝く月のように,1,0,195,13132,13132
0vLlEo1D4VRiGzMLxLbsh2,0TnOYISbd1XYRBk9myaseg,Pitbull,Better On Me,8,0,113,1911,13093
1qW1c6h0gRTs6ODLLxfXm0,1vCWHaC5f2uS3yhpwWbIA6,Avicii,So Excited,2,0,156,6516,13015
6soBVGy9lZHTZ0MA3jmDVW,1NdpjvRYsY6cwAVX9YWzAB,Genie High,不便な可愛げ feat. アイナ・ジ・エンド(BiSH),1,0,188,13015,13015
7jzldCBnJjpJM3epzJ85KE,64KEffDW9EtZ1y2vBYgq8T,Marshmello,Tongue Tied,1,0,200,13001,13001
4Cd9GAodWjGvIiKQVSuIUG,3PWp9R5HvbQgxI5KBx5kVd,KANA-BOON,涙,5,0,151,2801,12994
6tA20riZWXRjquaXGyvvnB,1vCWHaC5f2uS3yhpwWbIA6,Avicii,Bom - Original Mix,2,0,158,6494,12974
0GyVxa65sfRJsBC6hsbIrn,2FzqIT8JP1gd3Tlo6ix1fT,tofubeats,MOONLIGHT,2,0,135,6650,12958
5OOkp4U9P9oL23maHFHL1h,7pFeBzX627ff0VnN6bxPR4,Desiigner,Panda,10,0,62,1489,12956
5d87rI10wIm8LquyPQiVAp,6E94YMM50nYraxpkixvQuW,THE RAMPAGE from EXILE TRIBE,Move the World,1,0,194,12895,12895
19DoAguq7yDD3n09TZaGIQ,1NdpjvRYsY6cwAVX9YWzAB,Genie High,シャミナミ,1,0,193,12885,12885
7oY3KqKUERINrawkzIqTgx,73jBynjsVtofjRpdpRAJGk,Dimitri Vegas & Like Mike,Hey Baby,7,0,57,2850,12879
1yw6mVKdOwyEbsQGMP0ne3,4dL8mxXOR55nckbv6FeazZ,Kenji Kubo,クリスマスタイム,5,0,61,5053,12817
4gDyoe1FImDlXVt58ssnMf,4gzpq5DPGxSnKTe4SA8HAU,Coldplay,All I Can Think About Is You,5,0,105,2967,12798
0RFt3nrc40G6eJHgnvvDxv,1S2S00lgLYLGHWA44qGEUs,Gen Hoshino,ばらばら,1,0,148,12775,12775
6Ol2HirpV5wdzCggAUNM9q,1vCWHaC5f2uS3yhpwWbIA6,Avicii,Ryu - Original Mix,2,0,148,6689,12770
5YFHAMKd4yMUpaqXxjS7E6,3FCZbxRcaSgYfklG2HCFh2,BAD HOP,Ocean View,5,0,161,2675,12686
1HbcclMpw0q2WDWpdGCKdS,6eUKZXaKkcviH0Ku9w2n3V,Ed Sheeran,Tenerife Sea,9,0,118,1859,12651
5g5ioDgBlDUQduaGJHSRkN,1S2S00lgLYLGHWA44qGEUs,Gen Hoshino,Down Town,1,0,149,12638,12638
6fUs4sionsOWPPk4wnDHG6,2XMxWKPKCxoLkSdpCViCnr,Perfume,Challenger,1,0,140,12634,12634
2xT2d2PxUVKEchW64s2ff9,6J7biCazzYhU3gM9j1wfid,Jamiroquai,Something About You,7,0,75,2436,12629
4Z6YruMINNspGet1gQyYlK,31TPClRtHm23RisEBtV3X7,Justin Timberlake,Supplies,3,0,136,4805,12627
7aC5fyVkL2avDJnO4DXaDC,3QE88hoBbzn08sW2LPPPNc,Isobei Isobe,せいせせいせいせいせせいせい,8,0,124,1879,12577
4sRN0frOHY7IKsV9U0UfFx,0VPLGnexd8K6BGbpLiPPVj,Flower,MOON JELLYFISH,8,0,122,1815,12572
1ykNpxpgF6KyddheGdpaRh,5kjGRHClVacSyllOUqU1S0,SPITZ,花と虫,1,0,177,12565,12565
2cir4cTnwMqRDMTMaWLSMH,4UTEZqrPqLDOhBfraPNciJ,Daichi Miura,すべりだい,2,0,97,7066,12542
7ByyGz6asmKPgzBKNm9H5e,5kjGRHClVacSyllOUqU1S0,SPITZ,君が思い出になる前に,1,0,184,12521,12521
008rk8F6ZxspZT4bUlkIQG,1z48rMKnmB9lBHx895J0jY,YOSA & TAAR,Fever,2,0,192,6259,12493
1kgws2l8gsvDhtsVyzWbu9,3oKRxpszQKUjjaHz388fVA,Parcels,Overnight,6,0,157,2338,12476
4VrWlk8IQxevMvERoX08iC,5WUlDfRSoLAfcVSX1WnrxN,Sia,Chandelier,5,0,194,2673,12469
1f2lkuLldqRzvaFjJdjGXX,4iHNK0tOyZPYnBU7nGAgpQ,Mariah Carey,Santa Claus Is Comin' to Town,3,0,91,6968,12465
57qiTKh8bVX0VtfUNTQqhw,1Xyo4u8uXC1ZmMpatF05PJ,The Weeknd,Nothing Without You,7,0,51,2262,12435
4Yf5bqU3NK4kNOypcrLYwU,6XyY86QOPPrYVGvF9ch6wz,Linkin Park,Faint,4,0,58,4941,12424
5o4yGlG0PfeVUa6ClIyOxq,25uiPmTg16RbhZWAqwLBy5,Charli xcx,Boys,5,0,124,2837,12415
4EAFrjOpnbkUel0WrD9TTy,1S2S00lgLYLGHWA44qGEUs,Gen Hoshino,Snow Men,1,0,153,12409,12409
6BQkSdgPMRdXTfW3ZT0WHY,1S2S00lgLYLGHWA44qGEUs,Gen Hoshino,Friend Ship,1,0,154,12401,12401
0utlOiJy2weVl9WTkcEWHy,6l3HvQ5sa6mXTsMTB19rO5,J. Cole,Neighbors,8,0,70,1748,12379
7G8jc5eGFmEWctZq98ONB6,1ONRqu82opChB9w0s6V54h,HYPNOSISMIC -D.R.B- (Division All Stars),ヒプノシスマイク -Division Rap Battle- +,1,0,147,12316,12316
7xGlwVP7Jyx08rasUY7YED,5M8AXrOifBT8elkLKbGPQZ,Superfly,Gifts,2,0,141,6171,12310
0WtVtCK5SEFvyyA5V8D9CI,0hCNtLu0JehylgoiP8L4Gh,Nicki Minaj,No Frauds,8,0,117,1915,12278
3OHTiut3hrgR60HRJAwZ7H,26ZBeXl5Gqr3TAv2itmyCU,indigo la End,鐘泣く命,6,0,161,2318,12276
0w5Bdu51Ka25Pf3hojsKHh,74XFHRwlV6OrjEM0A2NCMF,Paramore,Hard Times,8,0,148,1665,12262
1pl5zCDe2430BxyWAWiwYu,4BmWSGKG6HiYvLuJvZ9afa,Namie Amuro,"CAN'T SLEEP, CAN'T EAT, I'M SICK",1,0,138,12251,12251
46gG92BjTYnjWp6uO00S6H,4BmWSGKG6HiYvLuJvZ9afa,Namie Amuro,Dr.,1,0,139,12191,12191
5SziznMDrITZ0bMcFvtLJF,0hSFeqPehe7FtCNWuQ6Bsy,BUMP OF CHICKEN,アリア,1,0,124,12190,12190
48xCwzYgpO629btODlQxgK,1S2S00lgLYLGHWA44qGEUs,Gen Hoshino,KIDS,1,0,159,12189,12189
4A95W8Z7DGEFvD2j7pmtUB,51Blml2LZPmy7TTiAg47vQ,U2,You’re The Best Thing About Me - U2 Vs. Kygo,4,0,123,3747,12163
1WnqWQcWcuQbVzgE7ecfCY,5K4W6rqBFWDnAN6FQUkS6x,Kanye West,Every Hour,1,0,187,12087,12087
3EnJXq6qKOVq2JetIcl261,5rNUVqgzCi4FX47RY8n9cx,Mizuki Ohira,Real Love,5,0,142,2749,12065
3RXkboS74UYzN14xTqzPyY,6IhKl7lqJc5omkhODEJinj,Daniel Marcy,,1,1,4,12065,12065
0F5B0berYzC7ohH7LPQtxE,0hBYSjDjcAaAuSZcpN8jk9,JP THE WAVY,CHOTANOSHI,1,0,198,12063,12063
2IRZnDFmlqMuOrYOLnZZyc,20sxb77xiYeusSH8cVdatc,Meek Mill,Going Bad,2,0,191,6152,12008
2ih2U8ttFzCjnQ5njF3SrR,0du5cEVh5yTK9QJze8zA0C,Bruno Mars,Gorilla,10,0,97,1626,12002
037Z9dmkkqelP4cU0fcqWs,1S2S00lgLYLGHWA44qGEUs,Gen Hoshino,Nothing,1,0,164,11951,11951
2GGMabyHXnJmjY6CXhhB2e,4kYSro6naA4h99UJvo89HB,Cardi B,Money,2,0,165,6131,11920
39mel9ELLAJEG5c1HzCDnb,6U2dgcU46Iy9pF3RQBj5hG,Monkey Majik,Is this love?,8,0,137,1717,11906
3DrolrckYT2Ut05lOZvecy,0O1UtbTe4ca7HabaiMhYZ7,KIRINJI,クリスマスソングを何か,4,0,77,5991,11866
3B4etxytImrRKQgV3XHjnR,6jJ0s89eD6GaHleKKya26X,Katy Perry,Harleys In Hawaii,1,0,191,11860,11860
3edzl4zvKFi0D3iuF6cs2f,0VRj0yCOv2FXJNP47XQnx5,Quavo,PASS OUT,2,0,168,6094,11829
2SasoXZyv82yYgHiVOvxQn,5K4W6rqBFWDnAN6FQUkS6x,Kanye West,On God,1,0,193,11824,11824
3pwJBWqykAVZqRP8N9pTn1,0bp9CvkjQYhUJvWRHjFRWI,WEDNESDAY CAMPANELLA,ピカソ,5,0,142,2672,11757
4veOvrYiK224LWEqHX39vv,6KQWWzFLPQbqomJrieHAW5,Tokyo Incidents,能動的三分間,1,0,128,11748,11748
1mpD5Q8IM32I4bF6eCpU74,6LuN9FCkKOj5PcnpouEgny,Khalid,Up All Night,1,0,192,11747,11747
4llK75pXNWZz6KAho2Gp16,04gDigrS5kc9YWfZHwBETP,Maroon 5,She Will Be Loved - Radio Mix,2,0,180,7707,11733
4jl41ASaRzmV9mIHNxBCyi,0O0hxUrO2PKxZknken3R24,Suchmos,OVERSTAND,5,0,120,2823,11694
7IBwivORJwEj46x1YE2G36,5Xcbv83o11Ez2XPHa1n8Pf,AmPm,3AM,2,0,145,6188,11691
5DqdesEfbRyOlSS3Tf6c29,4rTv3Ejc7hKMtmoBOK1B4T,Ali Gatie,It's You,1,0,181,11677,11677
4lLtanYk6tkMvooU0tWzG8,0du5cEVh5yTK9QJze8zA0C,Bruno Mars,Grenade,10,0,104,1646,11674
6laONlj9zCF3hPNsQUePM6,0hSFeqPehe7FtCNWuQ6Bsy,BUMP OF CHICKEN,アンサー,1,0,144,11656,11656
39JRmdKFka1Oe09FoOCPI4,5K4W6rqBFWDnAN6FQUkS6x,Kanye West,Selah,1,0,200,11650,11650
1QrR4mWXPY9bLsA4FKYtJF,0hSFeqPehe7FtCNWuQ6Bsy,BUMP OF CHICKEN,ray,1,0,128,11627,11627
6cWKDarKsr9onAnjOuedcA,2FzqIT8JP1gd3Tlo6ix1fT,tofubeats,SHOPPINGMALL,9,0,132,1536,11625
2IP8yxZvYVXvaJAEEK1AIV,2yPOqQXgXAw3TVjCNReIrD,Nulbarich,Lost Game,1,0,200,11624,11624
06fBP7sl8wRreVG1wAGAVp,1AyWsgtaIgXbzjJlTx2ZDp,AAA,Jewel,8,0,118,1643,11617
40ySAmrZd53X1MVPI0lfLL,1qma7XhwZotCAucL7NHVLY,Mr.Children,雨のち晴れ,2,0,108,6704,11597
1A758iwqjvHeUqixVwHr90,2o5jDhtHVPhrJdv3cEQ99Z,Tiësto,Harder,6,0,143,2364,11555
2ZQMD01H60aj1qC3jz0KG1,1S2S00lgLYLGHWA44qGEUs,Gen Hoshino,日常,1,0,170,11546,11546
2Vwanx6fpQNb7mhM9yL93Y,1qma7XhwZotCAucL7NHVLY,Mr.Children,常套句,2,0,120,6410,11531
6WXwtrGqNu4hv6hNZGpadl,5Xcbv83o11Ez2XPHa1n8Pf,AmPm,Little Bit More,2,0,167,6092,11481
0uG7N4hCYktGJrWIp9cfYz,26AHtbjWKiwYzsoGoUZq53,Pentatonix,"Merry Christmas, Happy Holidays",5,0,28,4413,11445
7M2qLDA7hAwKgyrTjJfI2C,0k7JZhYS35IewiKNHW7KMj,EGOIST,Namae No Nai Kaibutsu,9,0,83,1899,11436
02h7vlcsgjUo5XWQSAI1Ys,6T4K8YuFc0JPDrYgABbxao,amazarashi,Inochini Fusawashii,8,0,144,1555,11422
1j6WY5rZRcvYIk1FmXg3Qp,4BmWSGKG6HiYvLuJvZ9afa,Namie Amuro,CAN YOU CELEBRATE?,1,0,158,11395,11395
3o4qvVdrj4fQ1xRSCVhRrX,1PSuZ74d4aJt9LR4fIoBNo,yahyel,Iron,5,0,137,2467,11392
1DyOhkfykPENmHb94pzQuc,3Nrfpe0tUJi4K4DXYWgMUX,BTS,피 땀 눈물,5,0,164,2409,11358
1lQboqkDA55Lv64t70KgzU,1S2S00lgLYLGHWA44qGEUs,Gen Hoshino,グー,1,0,178,11342,11342
4ZiZMpgQHsHWQ1y32uK6N9,1qma7XhwZotCAucL7NHVLY,Mr.Children,旅立ちの唄,2,0,126,6218,11337
6j6USNjj8b16pHLrWcJI1b,12f2uQ7TswXKZRFvJuELAb,NOT WONK,This Ordinary,10,0,77,1403,11325
0nvvaKnWZABiknO5fcRifn,5kVZa4lFUmAQlBogl1fkd6,Aimyon,葵,1,0,187,11315,11315
590PwjWAn8KD8WT5xcmiQH,0SCbttzoZTnLFebDYmAWCm,Glee Cast,Last Christmas (Glee Cast Version),2,0,89,7062,11272
1cPfKp9ThNZ1fez9itmUMN,4N3cNXg5phUzRzuJYYxQlV,Emma Watson,Belle,8,0,175,1565,11269
3yQbBL8hsYtUhXSrmbKq8X,5y2Xq6xcjJb2jVM54GHK3t,John Legend,Have Yourself a Merry Little Christmas,1,0,125,11267,11267
461LN3UXOCqznSTqapFzL0,4RVnAU35WRWra6OZ3CbbMA,Kylie Minogue,At Christmas,5,0,31,4230,11231
7jMuKuap8oAWIJAsaIec2d,0hSFeqPehe7FtCNWuQ6Bsy,BUMP OF CHICKEN,流れ星の正体,1,0,154,11226,11226
4VtrUdCDVsWIb3gCBciSHN,0hSFeqPehe7FtCNWuQ6Bsy,BUMP OF CHICKEN,望遠のマーチ,1,0,155,11205,11205
4W9IB5GJB8w6t9dcvdHb8B,7n2Ycct7Beij7Dj7meI4X0,TWICE,GET LOUD,1,0,187,11184,11184
4kDzW4MPzVXW2OuxfzWIG8,3GP0RQRnBvpYVgdVYfcaGS,Yabai T-Shirts Yasan,あつまれ!パーティーピーポー,10,0,93,1335,11168
6Y3Kq5Wjf0TvMbV0H6aH92,4BmWSGKG6HiYvLuJvZ9afa,Namie Amuro,GIRL TALK,1,0,162,11145,11145
5FGtMh3b7owXE7rlJ0u9oU,6yqXW1ZKNeDm04DguLHoJk,Yoko Oginome,ダンシング・ヒーロー(Eat You Up) - Dear Pop Singer Version,3,0,140,3863,11128
41onDks2UPbyjer5fMeUWf,3CQIn7N5CuRDP8wEI7FiDA,Run–D.M.C.,Christmas In Hollis,2,0,98,6787,11108
29C7zg6ijcVrLYGWKa1vOa,2oNStf3CKKLM5lnzELWMcH,Taichi Mukai,Pure,2,0,187,5552,11073
7kh03Dav7Qj0YhL1lLqsK3,0TF6B1cp2QZXLE0NjhTMT9,LITE,D,8,0,83,1754,11047
728zbo72kOoYdGR3AhNsyF,3iOvXCl6edW5Um0fXEBRXy,The xx,Say Something Loving,9,0,76,1660,11038
1YXaeVEk9RtWW2WFlCOctn,0hCWVMGGQnRVfDgmhwLIxq,sakanaction,834.194,1,0,135,11036,11036
1LvQW7xwIYdH2eCH028AGn,2n0myr3J8YDZCPCfzoSE7Y,Tsuyoshi Nariyama,街路樹,10,0,84,1242,11034
6EDKozH9RsSgBnKLFzojxD,630wzNP2OL7fl4Xl0GnMWq,BABYMETAL,Elevator Girl,1,0,90,11015,11015
3O6NNSAVFx6OmqRiyAGCSV,6vopmRBXGtMV0MMVJtzbWD,Boku no Lyric no Boyomi,罠,3,0,137,3942,10999
4b68J7oyzlKw6qyH2qdHkE,2mJOGcLR3aCHkM1uAF93or,DREAMS COME TRUE,Santa To Tenshiga Warau Yoru,2,0,105,6640,10981
7q0zoe1gUR2IAnDfRqUxpK,2XMxWKPKCxoLkSdpCViCnr,Perfume,パーフェクトスター・パーフェクトスタイル,1,0,193,10964,10964
3ohEKnYLL3FLnAmoV24Qyu,1AyWsgtaIgXbzjJlTx2ZDp,AAA,Gotta Love Me,2,0,142,6166,10944
66npCOhtOvWtz6ehhff4Hw,5kIOu0jisbh3SI7gT6rgq2,Crazy Ken Band,クリスマスなんて大嫌い!!なんちゃって,4,0,86,5443,10921
5vnTYL1H4uGzNaMB14wagO,27ZpqmpHDgVgmAcBULfzTH,Yuta Orisaka,朝顔,1,0,176,10899,10899
6s2wpWPFPAgKg2LXxi1Oee,3eqjTLE0HfPfh78zjh6TqT,Bruce Springsteen,"Santa Claus Is Comin' to Town - Live at C.W. Post College, Greenvale, NY - December 1975",2,0,99,6768,10884
1ta2S3gzMhDEm4zXj1CMF6,7guDJrEfX3qb6FEbdPA5qi,Stevie Wonder,Faith,8,0,64,1823,10874
051X5b7cFYbIOTqSMEpMiz,53n2ZPbUwV55wVWwAiz64J,Junk Fujiyama,僕だけのSUNSHINE,5,0,145,2266,10847
1CdEcheLJU6SgxnbFEj2WX,0hEurMDQu99nJRq8pTxO14,John Mayer,Moving On and Getting Over,8,0,115,1541,10847
6qYJoxG7noI6laXCuIzQ9I,23ReIrUSfcybBi1b9EnqIW,LULU X,Do I,6,0,164,1905,10817
4HUBovTZntUXNjhOO5lgA9,3tRqvT7FoScxartUAj68Wp,KEMURI,THUMBS UP!,8,0,146,1604,10814
4dXUM3TQuH83Bunc83VsSL,1qma7XhwZotCAucL7NHVLY,Mr.Children,PADDLE,2,0,140,5965,10813
4qkvemDrFXkVSYsNlMdc40,0FXxQ0TEYtebM8gGg0xdoC,Number Girl,透明少女,1,0,89,10799,10799
5BI9ImD6DhRtfsgaRAg4LL,1S2S00lgLYLGHWA44qGEUs,Gen Hoshino,Drinking Dance,1,0,193,10785,10785
7bDgXhmpzHjvWx4qrtFaDS,6KQWWzFLPQbqomJrieHAW5,Tokyo Incidents,キラーチューン,1,0,147,10778,10778
7G0zCTiFXuMsLovPWU3BPQ,7bXgB6jMjp9ATFy66eO08Z,Chris Brown,This Christmas,2,0,100,6751,10767
6KdmNK9MogmGcnO3wNZHhp,7CajNmpbOovFoOoasH2HaY,Calvin Harris,Hard to Love,4,0,71,3708,10756
3MpwwsTFVtbEunR1dUMJUc,3Nrfpe0tUJi4K4DXYWgMUX,BTS,DNA (Pedal 2 LA Mix),2,0,181,5533,10745
69lwFsyTHDopFZiQWRAWAV,4BmWSGKG6HiYvLuJvZ9afa,Namie Amuro,Sit! Stay! Wait! Down!,1,0,181,10744,10744
14kYOiFVPb7E7NfFbqhdln,66CXWjxzNUsdJxJ2JdwvnR,Ariana Grande,goodnight n go,2,0,166,5453,10741
35ujzLliHVVWpkUqqT25FO,4BmWSGKG6HiYvLuJvZ9afa,Namie Amuro,"WANT ME, WANT ME",1,0,184,10714,10714
53xdNKz8q8r1N3oxXW5hjh,1S2S00lgLYLGHWA44qGEUs,Gen Hoshino,ダスト,1,0,196,10711,10711
3vUJlrXR6WDVeJsUPGZOC9,1S2S00lgLYLGHWA44qGEUs,Gen Hoshino,パロディ,1,0,197,10686,10686
4MgjEybrVP4ej4KfS2Xp3V,4BmWSGKG6HiYvLuJvZ9afa,Namie Amuro,NEW LOOK,1,0,186,10685,10685
2dfqS3MRtbLZSZA1IL8xY5,3TVXtAsR1Inumwj472S9r4,Drake,Skepta Interlude,6,0,88,2239,10682
3pjUyVbFmM96tYhSaKJwTt,6l3HvQ5sa6mXTsMTB19rO5,J. Cole,Change,7,0,65,1641,10672
68IfW4qyRPkGNNXpSD2QDt,4BmWSGKG6HiYvLuJvZ9afa,Namie Amuro,SWEET 19 BLUES,1,0,188,10666,10666
2ePjffPwD3qqbmqi9jEcMX,0hCWVMGGQnRVfDgmhwLIxq,sakanaction,セプテンバー -札幌 version-,1,0,149,10664,10664
0qFDFTciUAOCtWSO5oX3k1,08lN7bm4Etec8ETFxaTUmq,Nogizaka46,空扉,2,0,116,5818,10650
6wvlEKW2qxucJSBXYpMV2P,3mIj9lX2MWuHmhNCA7LSCW,The 1975,TOOTIMETOOTIMETOOTIME,2,0,148,5873,10636
7AhDOcw40d36xem1NCRWp9,31zdCo7PhGXLRbg0sfBUYa,The fin.,Anchorless Ship - All We Are Remix,9,0,87,1681,10633
7yotKA30dwTKNEGomV9ZsI,6l3HvQ5sa6mXTsMTB19rO5,J. Cole,KOD,2,0,168,5599,10632
3EMr3gNOpGCC4Uaty4sCcB,1S2S00lgLYLGHWA44qGEUs,Gen Hoshino,湯気,1,0,199,10620,10620
6pDVjCUA3B1vg9waKutAsv,1Xyo4u8uXC1ZmMpatF05PJ,The Weeknd,Attention,6,0,55,2077,10545
3b5Li4QKDVBx1x7fQuu54a,7vk5e3vY1uw9plTHJAMwjN,Alan Walker,Tired,6,0,140,2076,10539
0Fa9qMXVeHIKFU5fm35fy9,4BmWSGKG6HiYvLuJvZ9afa,Namie Amuro,Fight Together,1,0,198,10428,10428
3Cnz255gSbMsQEnr9BvD29,2FzqIT8JP1gd3Tlo6ix1fT,tofubeats,RIVER,2,0,183,5602,10407
0WU3YULzh5YTXzONIaqzxO,08lN7bm4Etec8ETFxaTUmq,Nogizaka46,Yoakemade Tsuyogaranakutemoii,1,0,198,10397,10397
2X5noCM9Klrm4zXfyyPdRN,7guDJrEfX3qb6FEbdPA5qi,Stevie Wonder,Someday At Christmas,2,0,118,6314,10391
0CU1IreDkir1nT0JxfBt33,0AjnB78SikKKhqYoqFIOXn,Attractions,Leilah,2,0,178,5204,10355
1hPfhLeUCo1ltQLXjYkhp4,6cEuCEZu7PAE9ZSzLLc2oQ,R3HAB,You Could Be,4,0,144,2682,10346
4jJQFZja6SI56RNi02mD3M,1s014jFLnQ8bmkSrioenmP,Hiroya Ozaki,Glory Days,4,0,181,2626,10344
4OEOEsOhlzDqQuewiuPJAc,04gDigrS5kc9YWfZHwBETP,Maroon 5,Whiskey,3,0,112,3775,10331
1cKHdTo9u0ZymJdPGSh6nq,1Xyo4u8uXC1ZmMpatF05PJ,The Weeknd,I Was Never There,2,0,157,5466,10307
7iz4bsfPOrK9wzhXkgUfya,6jJ0s89eD6GaHleKKya26X,Katy Perry,Witness,4,0,62,3685,10303
7enVhl0fuHvQ4ErXvAXYIH,5YGY8feqx7naU7z4HrwZM6,Miley Cyrus,Sleigh Ride - Recorded at Spotify Studios NYC,2,0,133,5981,10295
70irh1BLnXzi1sdVuHSZi7,0Ty63ceoRnnJKVEYP0VQpk,Sting,One Fine Day,8,0,71,1752,10268
04LvVWwoYPYRjJklOpppyf,1qma7XhwZotCAucL7NHVLY,Mr.Children,抱きしめたい,2,0,165,5336,10265
61Kvg3tFjHfVGikpkX1QBu,5kVZa4lFUmAQlBogl1fkd6,Aimyon,テレパしい,1,0,196,10253,10253
3XLr6lXufrhpLNldwFJpk5,1ONRqu82opChB9w0s6V54h,HYPNOSISMIC -D.R.B- (Division All Stars),Hoodstar,1,0,196,10244,10244
4m5msIhs4YC8SXrh5IZk8A,14T8NkbwXVZgbOvwnuGV89,GReeeeN,雪の音,9,0,169,1245,10197
27BgDmciSjoxTG0almHTpZ,1Xyo4u8uXC1ZmMpatF05PJ,The Weeknd,Love To Lay,6,0,57,2070,10144
4QYiwsPV5sPhMfA1iRTqJ3,0hSFeqPehe7FtCNWuQ6Bsy,BUMP OF CHICKEN,Spica,1,0,193,10131,10131
039r7aVIE0FMj7N8gsXzJl,0hCWVMGGQnRVfDgmhwLIxq,sakanaction,ルーキー,2,0,172,5178,10091
4yXtetDPKTJih0wli3Qczt,1o2aYT0R8jCzs5q1rEA0gY,banvox,Occasion,9,0,104,1239,10085
3d9JucRI60arArgQXqtfjJ,4AVFqumd2ogHFlRbKIjp1t,Alesso,Falling,8,0,95,1921,10061
3TpZWt1R4DFPQsArrFOsjC,0b2fntUmu7kE2EYjX31tZI,BENI,Fun Fun Christmas,1,0,149,9992,9992
6bsQqsm2EAztXE6kk6hR2s,6KQWWzFLPQbqomJrieHAW5,Tokyo Incidents,閃光少女,1,0,171,9952,9952
73NZ1t4e6sLTQabjeaJQxe,4phGZZrJZRo4ElhRtViYdl,Jason Mraz,Winter Wonderland - Bonus Track,1,0,152,9927,9927
6r57n5VB7N2nv9g5W3den3,2KEqzdPS7M5YwGmiuPTdr5,Rina Sawayama,Cyber Stockholm Syndrome,6,0,95,2187,9918
6eYpqL7WFilrTDsGcE46nv,4HfuyMMy295oBvbIuXr0v8,GENERATIONS from EXILE TRIBE,MAD CYCLONE,3,0,134,3753,9914
3MWlVSkoLS1e66nlZ2tuWJ,6l3HvQ5sa6mXTsMTB19rO5,J. Cole,For Whom The Bell Tolls,7,0,74,1569,9889
04CttTezSnv71USiiG9mIo,3wjsrpfO6odEphTZWx45RQ,Hearts & Colors,Lighthouse - Andrelli Remix,8,0,95,1650,9887
6T35vmof5ogCJsobZ5yfiU,6lAinPkC2U1Huibu6Vfr9R,KREVA,One feat. JQ from Nulbarich,1,0,198,9885,9885
3Ht2iEekMrHRndj0sC5e2X,0hSFeqPehe7FtCNWuQ6Bsy,BUMP OF CHICKEN,カルマ,1,0,183,9858,9858
3xw2T3aKitlzfHVKYMof6I,5GMWMP2vINSe4wq4mS5xle,Nerd Magnet,MISS YOU,6,0,100,2070,9856
1MD9I6p9xrzMEOOgGGwaDn,1UlWWqrqdXfOojU7Cr2H1v,清水 翔太×加藤 ミリヤ,FOREVER LOVE,2,0,181,4944,9828
4iP3qEqOz4B9PbU1gQBrYx,5gSFxPK5Te7WRIKL5CEWos,Jin Akanishi,Feelin',2,0,154,5177,9815
5EE700JvRUXAoAHeCb6OZq,0hSFeqPehe7FtCNWuQ6Bsy,BUMP OF CHICKEN,ハルジオン,1,0,187,9813,9813
5EbvdC3DXahAHnmtZHy4om,2mGYHril2LuZodRtTX06BC,Kumi Koda,Ultraviolet,8,0,154,1352,9809
7boPPE857KEqCIHNwFkDop,5WUlDfRSoLAfcVSX1WnrxN,Sia,Audio,2,0,149,5298,9800
4Uj73yokAcqRD4HOwY4SfV,5VLVogbPeBgFHXQPZQzBej,JUJU,Ashitaga Kurunara,2,0,188,4908,9773
0Gk3hhMlx1JITuarGyxy9M,2XMxWKPKCxoLkSdpCViCnr,Perfume,無限未来,2,0,173,5010,9741
7ycWLEP1GsNjVvcjawXz3z,13ubrt8QOOCPljQ2FL1Kca,A$AP Rocky,Praise The Lord (Da Shine),2,0,173,5075,9738
192XFsstn69TuEA3iDez6F,41qil2VaGbD194gaEcmmyx,Will Smith,Friend Like Me (End Title),1,0,187,9736,9736
5MHmD8cfTbudNLTWYA5QHJ,3Bd1cgCjtCI32PYvDC3ynO,London Grammar,Rooting For You,8,0,69,1781,9703
4b7mLZQWsy0rLnrMtPA9fQ,66CXWjxzNUsdJxJ2JdwvnR,Ariana Grande,borderline,2,0,188,4952,9698
2HvrEDI24kqXk9vwPFWkMk,03E7w8NrBr4lNCK33TQyil,Keyakizaka46,Student Dance,2,0,160,5125,9693
12REd1n8PeiHHWOh066tpr,6nxWCVXbOlEVRexSbLsTer,Flume,Never Be Like You,5,0,43,2222,9683
7pYFPMeK0TnaTGdS6qOtEr,7KUri7klyLaIFXLcuuOMCd,Stargate,Waterfall,7,0,137,1600,9648
2c3Q8efOuA0KMmOncwMQ07,3JByu9VCNA1Rs6puGfRupj,Denki Groove,東京クリスマス,4,0,100,4751,9631
2tnBkiyJWLnQGsjyz4BuJJ,41MozSoPIsD1dJM0CLPjZF,BLACKPINK,STAY - KR Ver.,4,0,183,2501,9589
28FGV3ORH14MYORd7s5dlU,7dGJo4pcD2V6oG8kP0tJRR,Eminem,Not Alike,2,0,191,4898,9564
4f04NLdGzJFheSvp8B05bQ,2vJObElaIZWYDLpiXiJMo9,Cornelius,夢の中で,4,0,140,2687,9539
5MV6LwrPq7xaitgMu2dxrC,4UhiMIdxKqQxmzdE9nYe6O,m-flo,SYNERGY,8,0,61,1491,9537
5PfTI3zrQbZEWcQdycMqJM,50co4Is1HCEo8bhOyUWKpn,Young Thug,Gang Up,7,0,190,1399,9503
2TM9sOyi9fTLY3dJZFKipf,7k73EtZwoPs516ZxE72KsO,ONE OK ROCK,Let's take it someday,8,0,77,1355,9497
0HElIs0jaaMVZcIzcoyznV,2hHLAWUioiEtCIay1ZndwS,Denpa Girl,ME,5,0,168,2054,9489
12o6dxWGk29uIAP3OWY0pM,163tK9Wjr9P9DmM0AVK7lm,Lorde,Homemade Dynamite,5,0,166,1976,9479
7BgdYRkaQNS7qz7fcexcNO,4HfuyMMy295oBvbIuXr0v8,GENERATIONS from EXILE TRIBE,Supersonic,1,0,199,9461,9461
3PwyYPqtXM1WRy5HV6hICE,4L9VSeE7K3BTBndqEL9A6q,Nissy,まだ君は知らない MY PRETTIEST GIRL,2,0,184,4967,9424
1H0hTGYUPMILDP6oHUwfCZ,09KNMqVn02ntZA70RA1xyZ,sasanomaly,game of life feat. ぼくのりりっくのぼうよみ,5,0,150,2101,9381
5H84yDmULWiIjnhn53HpWu,4d2zOuYJHBPJTpVblHEKJb,Mondo Grosso,惑星タントラ,5,0,120,2245,9370
6VqbXgaIC4LFVM4TERyEHT,5zV9afUO4DVqJeRaZvfNev,POLKADOT STINGRAY,テレキャスター・ストライプ,8,0,107,1429,9331
34i4yxPrHWquuR4kjiivFO,1Fr6agZ6iSM5Ynn2k4C8sc,VÉRITÉ,Somebody Else,7,0,62,1622,9330
2Al0AAESPr45idzegiDk7h,7n2Ycct7Beij7Dj7meI4X0,TWICE,Shot thru the heart,2,0,191,4732,9319
0V5zAGdvO780GT3gtdxzLt,3AA28KZvwAUcZuOKwyblJQ,Gorillaz,Andromeda,6,0,92,2026,9317
5QF4h9dKGHWdP6cwRORG5h,3btzEQD6sugImIHPMRgkwV,Wolf Alice,Santa Baby - Recorded at Strongroom Studios London,2,0,147,5675,9286
0RZY8rXLhks0nfy9FPFrgS,08lN7bm4Etec8ETFxaTUmq,Nogizaka46,Against,2,0,194,4825,9252
2KvHC9z14GSl4YpkNMX384,3TVXtAsR1Inumwj472S9r4,Drake,Do Not Disturb,5,0,100,1985,9170
3OEer2dQj1eWhSqxatGiru,1KCSPY1glIKqW2TotWuXOR,P!nk,Revenge,3,0,154,3169,9142
79JBjIq90BrQ8Ws0pUhlzD,1MIVXf74SZHmTIp4V4paH4,Mabel,Mad Love,1,0,179,9141,9141
5M9jOReAKGZ2AttVefFjTY,60d24wfXkVzDSfLS6hyCjZ,Martin Garrix,Don't Look Down,6,0,121,1819,9138
4FEzG5IQh9vt6nPhXwwVmj,2lolQgalUvZDfp5vvVtTYV,Tony Bennett,Winter Wonderland,4,0,43,3795,9036
5FOAptZGxeMAO0BJSQh2fc,3DiDSECUqqY1AuBP8qtaIa,Alicia Keys,Blended Family (What You Do For Love),7,0,57,1822,9009
4YAgH8s0JFfwikTNwe0aIk,0b1sIQumIAsNbqAoIClSpy,j-hope,Daydream (백일몽),2,0,166,4526,9002
4bL5GNTF2zw5WyEle7irMf,6J7biCazzYhU3gM9j1wfid,Jamiroquai,Shake It On,4,0,51,3407,8990
55wyPKjF88SRPprpal3CIG,5NuEFfheZBa6uFZVFNAND8,Green Boys,Koe,6,0,190,1665,8972
3ZrSWkhDVFBVwMbToNrVFl,7n2Ycct7Beij7Dj7meI4X0,TWICE,TURN IT UP,1,0,164,8958,8958
3GzNszZMsW2YfQLqiD3mxC,0MK8l3nURwwQIjafvXoJJt,ASIAN KUNG-FU GENERATION,ループ&ループ (2016),7,0,59,1954,8899
2nUJvBO87SkxCViQsLc9Zr,7mnAzEmgquhrVtGob81SmO,Big Shaq,Man's Not Hot,3,0,188,3106,8868
0itVb73YuJkYfPpWxs73Qb,1AyWsgtaIgXbzjJlTx2ZDp,AAA,S.O.L,6,0,85,1959,8845
6eOkvoOA7o28Z5fClwVX5k,7sBtBCNVRujQhaHDODkfTN,MIYAVI,Dancing With My Fingers,3,0,160,3186,8813
1CIP2e83sNd5yWy6TvncuG,6oZfAOrVYegzxjJaaQ0LpA,Inshow ha,球状,3,0,170,2991,8763
59aXRbBqyJzwUJ20KPff55,7oPftvlwr6VrsViSDV7fJY,Green Day,Still Breathing,7,0,81,1433,8740
4229lcTJCLKiBTAWPDnexO,1LQQtqc1vQ1neUgZrjYlEU,Yumi Matsutoya,ダイアモンドダストが消えぬまに,1,0,183,8722,8722
6cREm4bV7V79Yxdilx9HDo,6dC0rIJNLSFZwqckLgXJ8p,Timeflies,Once In a While,6,0,54,1716,8672
7nMwW8hKct1yCCOpaNmMaY,5WUlDfRSoLAfcVSX1WnrxN,Sia,Round and Round,1,0,184,8667,8667
67ZHZTKl6YpnUOZvB3gBQp,03E7w8NrBr4lNCK33TQyil,Keyakizaka46,Moumorihekaerouka?,2,0,164,4513,8653
1ev2E8B22qFH44perTaooX,3koiLjNrgRTNbOwViDipeA,Marvin Gaye,I Want To Come Home For Christmas,4,0,50,3592,8610
7tXQdx76iQVFeaBGDzXpZ2,41MozSoPIsD1dJM0CLPjZF,BLACKPINK,DDU-DU DDU-DU - Remix,1,0,146,8594,8594
4rlfe7NqrbWFzd7o7a00D8,2ZjWbNQAjL74Pf4aqikIz2,Shota Shimizu,"Drippin' feat. IO, YOUNG JUJU",3,0,100,3083,8574
593W4qZOwwdqF6YnimJjL6,7tYKF4w9nC0nq9CsPZTHyP,SZA,Doves In The Wind,4,0,138,2569,8574
257OG1JRkZP6aPnwteUyiv,46yZjVAVfu5XOYzOpBlfHW,UQiYO,Sl(n)ow Land,5,0,112,2141,8570
2iSROC0fgyJ5LufoiqkyXg,536BYVgOnRky0xjsPT96zl,Two Door Cinema Club,Gameshow,6,0,72,2159,8544
3VKPcrh1PBB72kOsHUCKuh,2ZjWbNQAjL74Pf4aqikIz2,Shota Shimizu,Forever Love,1,0,168,8492,8492
55gemlsjhKXQZ5zFTCvNfm,0O0hxUrO2PKxZknken3R24,Suchmos,INTERLUDE S.G.S.4,7,0,134,1555,8471
3CCS6y9BPowg2jYiaY94UZ,3AA28KZvwAUcZuOKwyblJQ,Gorillaz,Let Me Out,5,0,84,2153,8462
3Iijc6o5OAik05xE2MTNHl,6m14xgA0m3w92UM7ujJgky,UVERworld,一滴の影響,4,0,72,2384,8461
2ludbmtPoyCPe2K08fAlFl,5WUlDfRSoLAfcVSX1WnrxN,Sia,Helium (Sia vs. David Guetta & Afrojack),2,0,137,4390,8457
3qBpmEEhBzrohWPDE8U4tv,7n2Ycct7Beij7Dj7meI4X0,TWICE,STRAWBERRY,1,0,184,8435,8435
34isqXjbTstbYwl2MfdzDq,6XyY86QOPPrYVGvF9ch6wz,Linkin Park,Sorry for Now,3,0,74,4061,8428
3Ip7py3Qopz3GAh1iscfB0,7BzEKSgHp2yrNC6w5NkFhQ,Goose house,Bokuradakeno Toushindai,7,0,105,1343,8405
6LRtD3283UaFLqOju2KRvA,3ySOHOGVeGm9qQuEmWDa1k,Misato Watanabe,My Revolution,3,0,105,4438,8380
2EyD00fjvw7glLCjEUg50j,3cKOFDKcBvoPvxfkzErvdc,FUKI,Christmas Time Again,1,0,196,8375,8375
6ydjb1O6GD7U5AW00X2lhB,3B9O5mYYw89fFXkwKh7jCS,TK from Ling tosite sigure,P.S. Red I,1,0,149,8375,8375
2gmFhXET44zpUtTvQfLCd1,7kiyBrcumS4meEJtCuLCrr,TOREMONO,波打ち際のメロディ,4,0,154,2163,8370
7wbWnOjJ9XWJrSZwOLJVov,4QvgGvpgzgyUOo8Yp8LDm9,Mrs. GREEN APPLE,鯨の唄,7,0,108,1401,8348
0xBsZrUrsZcCCrpxryZDHc,163tK9Wjr9P9DmM0AVK7lm,Lorde,Liability,6,0,125,1703,8324
7pJ0IyIV77mCinF7M833YA,2iojnBLj0qIMiKPvVhLnsH,Trey Songz,Comin Home,4,0,59,3359,8316
3y9cCbnBn0zjkJa2YkOj70,0hCNtLu0JehylgoiP8L4Gh,Nicki Minaj,Black Barbies,7,0,104,1342,8307
2gIUr55R5uuitpKnftPd45,3X1afU2VL6MV0AJacARH7T,OKAMOTO'S,ROCKY,6,0,81,1919,8305
3O7ZzXnkDHC3BQvdXxwF4n,2qNI3aGlywRzTkRBOy9YzG,Yasutaka Nakata,White Cube,2,0,163,4271,8296
28irpKCCK9nn9DZSik2zEx,3TVXtAsR1Inumwj472S9r4,Drake,Glow,4,0,83,2291,8290
0m2orA1i5lLZUOt9XLwSd0,1l8Fu6IkuTP0U5QetQJ5Xt,Fifth Harmony,He Like That,3,0,110,3336,8264
60lwJa695S26FsYbhCVFVa,3AVfmawzu83sp94QW7CEGm,Astrid S,Hurts So Good,6,0,53,1744,8261
2Z2CGM6iJjbR1nQn0wnBnS,2XjqKvB2Xz9IdyjWPIHaXi,Sheena Ringo,急がば回れ,1,0,196,8248,8248
77IAeEz8LEchPN8UNjaTJ2,6l3HvQ5sa6mXTsMTB19rO5,J. Cole,Foldin Clothes,6,0,78,1501,8230
5IHop7jLVpdS81m1uZCAeP,3vVDusnDA0LcPH3NvZpoyM,Noriyuki Makihara,チキンライス,4,0,62,3279,8205
1ix0agG9c7IvPxf4HwQi5O,1pnciyHx1BO7b1EqyatTrx,D.A.N.,Shadows,5,0,114,1886,8204
0GLyqTysS0DFoeKjURtB8s,3B9O5mYYw89fFXkwKh7jCS,TK from Ling tosite sigure,Unravel,1,0,152,8175,8175
30RKG9bhAFG3b2Oc2U8PSf,51XS5etGnuN8tjuxSvgLiW,Unknown Artist,Stella,1,0,198,8142,8142
2SQl0VQTQxzfiwc2Jrre9k,2XjqKvB2Xz9IdyjWPIHaXi,Sheena Ringo,マ・シェリ,1,0,196,8115,8115
7d571BQT6m6Q2eOss5zMv1,2yPOqQXgXAw3TVjCNReIrD,Nulbarich,Super Sonic,1,0,141,8101,8101
3vgNmjuRDnGLxUFGCLkwpm,1Cs0zKBU1kc0i8ypK3B9ai,David Guetta,Light My Body Up,5,0,94,2010,8085
37ezkyW6SrvhtE3rhHtdny,5G0ElMmupqds9jeahi6BSK,Keishi Tanaka,Breath,1,0,196,8076,8076
0OPRycQMgJ0YNtKxtxLRnG,2UEnhov0KDPYU2dmGUjfcn,w-inds.,Time Has Gone - Future Pop Remix,3,0,192,2858,8050
2A97bms3lEk8DlnGJGs88r,2UzjSnmjccLgd1DkvAH5OR,Kazumasa Oda,Love Story Wa Totsuzen Ni,1,0,188,8046,8046
2A4fKz2Rl3ZvmIF2XrrcSM,36wyiJipzsPL3IHMe7JzPX,RIZE,One Shot,6,0,86,1847,8042
0HtOJj7Kl74s1Ngf3MWeif,6l3HvQ5sa6mXTsMTB19rO5,J. Cole,She's Mine Pt. 1,6,0,77,1484,8033
6qt0IWS8y6yGR6gNTEmQzj,4gzpq5DPGxSnKTe4SA8HAU,Coldplay,Viva La Vida - Live From Spotify London,5,0,79,2863,8032
30uVdjf08TFxcckC2pdoIq,5Pwc4xIPtQLFEnJriah9YJ,OneRepublic,Lift Me Up - Michael Brun Remix,4,0,150,2195,8028
7tunmBCQEvJ2cf2bZSfu65,3D73KNJRMbV45N59E8IN0F,Mika Nakashima,Happy Life,5,0,157,1709,8021
15k2nBQJ0teDmPZHrOXL2N,1Xyo4u8uXC1ZmMpatF05PJ,The Weeknd,Ordinary Life,5,0,60,2042,7971
3Anq9Wv4KB4Ltba5BGvojg,1XkoF8ryArs86LZvFOkbyr,Mary J. Blige,Love Yourself,6,0,163,1502,7969
32uims2GEcvwOwsuR607sa,7FkVFC94NENRWkpvIT1a7p,Seiho,UNREAL,5,0,111,2002,7963
0bPkBagcXpG5Suz5vcw17B,3JByu9VCNA1Rs6puGfRupj,Denki Groove,Man Human - Instrumental,2,0,185,4075,7930
0MiPbjMrzKAeVj11ZMyKdm,3WwGRA2o4Ux1RRMYaYDh7N,Mariya Takeuchi,Baby Mine,1,0,186,7873,7873
12MqM3S0fTvR6X4Jt1Xvn6,69GGBxA162lTqCwzJG5jLp,The Chainsmokers,Until You Were Gone,5,0,123,1915,7867
2dZP7UEXGIvn1HXgfWFA3Z,4UK2Lzi6fBfUi9rpDt6cik,Yorushika,八月、某、月明かり,1,0,197,7847,7847
75JFxkI2RXiU7L9VXzMkle,4gzpq5DPGxSnKTe4SA8HAU,Coldplay,The Scientist,5,0,102,2072,7836
4SHhui9S7lFYGHXikfneGo,5JZ7CnR6gTvEMKX4g70Amv,Lauv,Drugs & The Internet,1,0,184,7787,7787
35pziJC6t8sxpaudu9JJdR,0eQSoTI7sQENREQM8Klp2j,Hinatazaka46,Joyful Love,1,0,196,7743,7743
6Br5mChPdgQNmLF0G0gjPH,6IrDpI3xcuzTUiEc3fnc9H,Amy Kaylee,,2,0,74,4018,7736
6Ehy8wRUYjAZcMMRCxMZVM,64KEffDW9EtZ1y2vBYgq8T,Marshmello,Moving On,5,0,130,1937,7734
4M6F6hNpsFvPX8qYOZRoMk,1hmfvUtIXJ6c5odBY2kFqW,DJ HASEBE,Midnight Dreamin',1,0,175,7695,7695
59r1UyJ2sjIxtAjgbqa9H9,2cdpDI8PxojKjr0BQ8TBHe,Tokyo Karankoron,トーキョーダイブ,6,0,138,1444,7660
6JqpFboOH2bq9pzaYbkKBn,0haZhu4fFKt0Ag94kZDiz2,Sofía Reyes,R.I.P.,1,0,190,7645,7645
7tIFLxRBMGKWdfFec3SDqe,0zEbGW70TQHSOf4Ip1oeVn,ACIDMAN,愛を両手に,6,0,132,1501,7639
7uolkTLavH97itenLjNmx9,04gDigrS5kc9YWfZHwBETP,Maroon 5,Animals,1,0,189,7622,7622
5x37oQPX5730aqxlvXT2qa,5rSXSAkZ67PYJSvpUpkOr7,Backstreet Boys,Christmas Time,1,0,183,7616,7616
3GwnnSZCbXvUFmFSQXbi2Q,6CaiCjxA5ZVcsfF0ApJsG8,HONEST BOYZ(R),要!,2,0,131,3954,7610
6c0I7CfL9ziGZN8yYkLppP,6XyY86QOPPrYVGvF9ch6wz,Linkin Park,Sharp Edges,3,0,96,3590,7573
6SrKLkuqWyKxSxzvtRWvX5,5htVtReJ3NAwcAdxdHpim3,ClariS,Connect,6,0,96,1718,7548
2MMVw3XbLBGA3s4BV1Yjep,6T4K8YuFc0JPDrYgABbxao,amazarashi,Play Goodbye,1,0,182,7546,7546
4yb9aGo2D5lKk7CuVo6Ryk,4lsSLCTKrmfULsRivqAShx,Hiroomi Tosaka,SUPERMOON,1,0,192,7521,7521
6MbH1QiphMCPTqVEVC7UYi,3TVXtAsR1Inumwj472S9r4,Drake,Nothings Into Somethings,4,0,92,2163,7496
4D9QMZ3n8OupOPdxU0MMBS,5vLM0jSwj4TMVhnWuocoaD,EMMA WAHLIN,Make A Move,1,0,173,7494,7494
09znMpOs82Sr9WouOlhzsD,2rgC29v3ZYaGgbzPGh3d9Y,Yu Sakai,再燃SHOW,6,0,90,1609,7492
2Vf2Pflg5rTWSvSCK4qq4A,7bXgB6jMjp9ATFy66eO08Z,Chris Brown,Privacy,5,0,140,1693,7480
7tLZeEWanOPa7xBX1Ggv14,6NEfWGRmyUfFmRTzlfWUWl,HARUKATOMIYUKI,Hikare,7,0,106,1129,7460
4G9addS7Yq5ihZBQLXG2Mj,3YdT8QvV4QvY4DfVJhxdcZ,Grace VanderWaal,I Don't Know My Name,3,0,106,3023,7459
2Na0z2gfN67Rzf0vp74Wi3,3TVXtAsR1Inumwj472S9r4,Drake,Lose You,4,0,94,2135,7440
19EUOap70eNEN5PwGXlhgw,5gSFxPK5Te7WRIKL5CEWos,Jin Akanishi,Christmas Morning (2015 Mix Ver.),4,0,68,3166,7437
3Dwq1oiOFys6Sxr5SslmXw,6KImCVD70vtIoJWnq6nGn3,Harry Styles,Carolina,3,0,68,2980,7420
1VFXTsoR3uHlu9tBAAlElO,2p4FqHnazRucYQHyDCdBrJ,Simple Plan,Christmas Every Day,4,0,72,3095,7345
2G4LNfS3WQjNCExPJRfbqC,3X1afU2VL6MV0AJacARH7T,OKAMOTO'S,NO MORE MUSIC,3,0,164,2525,7345
0tPQPaOKM32WgMSbPCYyRH,1Cs0zKBU1kc0i8ypK3B9ai,David Guetta,Dirty Sexy Money,2,0,151,3775,7320
7oVEtyuv9NBmnytsCIsY5I,6XyY86QOPPrYVGvF9ch6wz,Linkin Park,BURN IT DOWN,2,0,67,4531,7300
1mea3bSkSGXuIRvnydlB5b,4gzpq5DPGxSnKTe4SA8HAU,Coldplay,Viva La Vida,5,0,128,1837,7265
4Sd9bvtpDlm5vTufIXOk2J,1KYeeKVVJdWLzdB6MwQGmE,MGF,優しくしないで'94,6,0,82,1393,7258
4bw49rU057FSUTpGF4pnxq,37GBT1Lhfc2sgq4jZIt6n2,PIKOTARO,PPAP (Pen Pineapple Apple Pen) - Long Version,6,0,67,1597,7237
6LzsF8g3MnyspvcPvlBcC3,4frXpPxQQZwbCu3eTGnZEw,Thundercat,Show You The Way,6,0,141,1483,7228
5f5r2N4Lp9WoULWPH9zp2W,3TVXtAsR1Inumwj472S9r4,Drake,Can't Have Everything,4,0,102,2092,7226
5XQeLLJtlae7bVqpknLKTN,3JKU6cvr3SESsNviVlNCZc,BananaLemon,#SorryNotSorry - 3onderboy remix,5,0,148,1594,7219
2gB4gfyzAsyBWV5Bqr6Qvj,4QvgGvpgzgyUOo8Yp8LDm9,Mrs. GREEN APPLE,どこかで日は昇る,5,0,168,1572,7215
0ckCyt1ghA2YpcLRm1q68s,5JSXWmQO8csVUy6hSRu8TA,Maty Noyes,in my miNd,5,0,57,1666,7194
7dDA606xIftv6ztHFXcf0s,0GtBUVp1cWdIUKwm2GHTHc,Chatmonchy,Magical Fiction,5,0,155,1611,7181
3WDIhWoRWVcaHdRwMEHkkS,6MDME20pz9RveH9rEXvrOM,Clean Bandit,Mama,1,0,127,7132,7132
2v29TgVUZRYw9oxEBKaz4Z,0TF6B1cp2QZXLE0NjhTMT9,LITE,Else,6,0,73,1420,7094
2z3joGXrdGL2iEjIKQTiN1,6l3HvQ5sa6mXTsMTB19rO5,J. Cole,Ville Mentality,5,0,79,1513,7071
7IWTIkiWGWNQyYfOLdMrGD,60d24wfXkVzDSfLS6hyCjZ,Martin Garrix,Burn Out,1,0,100,7010,7010
55ICbrlmc7RKYqDUyfsv93,6CKN3GUiWMrESH1RKn3ecz,E-girls,北風と太陽,2,0,186,3512,7001
5H7CwzYZ60e7w69tX4ivQN,6eUKZXaKkcviH0Ku9w2n3V,Ed Sheeran,Shape of You - Galantis Remix,5,0,112,1781,6987
3WHsjfFTUB1utUWMhQZFAr,0FXxQ0TEYtebM8gGg0xdoC,Number Girl,OMOIDE IN MY HEAD - LAST LIVE AT SAPPORO サッポロ OMOIDE IN MY HEAD状態,1,0,200,6961,6961
1p1SbqeipOd4ezKUpxqaz6,2wY79sveU1sp5g7SokKOiI,Sam Smith,"Baby, You Make Me Crazy",2,0,160,3488,6959
2rTvyBnRGBkS37HsGRs6Uj,1GhPHrq36VKCY3ucVaZCfo,The Chemical Brothers,Got To Keep On,1,0,195,6956,6956
7kUtJKGZzLNgIkq1Galkt0,5Pwc4xIPtQLFEnJriah9YJ,OneRepublic,Wherever I Go,5,0,58,1636,6944
4svZDCRz4cJoneBpjpx8DJ,06HL4z0CvFAxyc27GXpf02,Taylor Swift,I Did Something Bad,1,0,153,6931,6931
7sG2bWi2eDtvX9vX8yC1Gn,69GGBxA162lTqCwzJG5jLp,The Chainsmokers,Inside Out,5,0,137,1686,6920
7xrA11O07xo57Bbg6p4hck,6S2OmqARrzebs0tKUEyXyp,Demi Lovato,Body Say,5,0,61,1595,6874
7JGtJqhhjYCD4hqY8thjkL,7licaqhcEBQUzz9FownRaJ,Miquela,Not Mine,2,0,77,4006,6848
1RTGKeE4EixvZ9nbgZYuqV,0VPLGnexd8K6BGbpLiPPVj,Flower,紅のドレス,1,0,194,6819,6819
4hNouIhwvI8FKeEMeWEvbg,1GxkXlMwML1oSg5eLPiAz3,Michael Bublé,Winter Wonderland,1,0,97,6807,6807
5reNjVjPNGJ1SjwEI2GsIx,5VLVogbPeBgFHXQPZQzBej,JUJU,クリスマス・イブ,3,0,60,3319,6794
64ydkbrt0xhdJXRaam06Mc,53KwLdlmrlCelAZMaLVZqU,James Blake,Mile High,1,0,174,6759,6759
5oBDTYs5BKblsw22EdxOJO,0UZq6vAHrwGgctvxTzzxYm,Tokyo Ska Paradise Orchestra,Olha pro ceu,6,0,77,1431,6746
4Z0PFsf27mrsLQyuweo1ll,01wau5CL3Z1vfJJWkzBkqg,AKB48,365Nichi No Kamihikouki,2,0,164,4111,6738
4JivXO77OoPEoJvChRhNaD,1UDGHCGnWyikwidtaymNpz,Takako Matsu,Ashita Ha Dokokara,2,0,165,4083,6726
3qmvK8QARSPkFTuKeIXSbs,6XyY86QOPPrYVGvF9ch6wz,Linkin Park,Bleed It Out,2,0,70,4240,6725
3RiPr603aXAoi4GHyXx0uy,4gzpq5DPGxSnKTe4SA8HAU,Coldplay,Hymn for the Weekend,4,0,101,2073,6721
4qTysgid6tdondU8lf2i0P,4Kxlr1PRlDKEB0ekOCyHgX,BIGBANG,FXXK IT - KR Ver.,3,0,198,2257,6708
0lG6QM1jjbbX5UUn3DPmrZ,7vk5e3vY1uw9plTHJAMwjN,Alan Walker,Lost Control,1,0,161,6666,6666
60d9Qax8DC0hLWGS7rFVlj,7tZ4vIF5bfR7cI1VOVPvpy,Junichi Inagaki,クリスマスキャロルの頃には,3,0,69,3166,6664
5GX4d9cTqLDNpF5zop0GvU,4Yn4b6cvavxl1D6dBhjary,Olde Worlde,Miss The Ocean,4,0,125,1969,6658
3sp5KV54ROIR8yRTkgThkU,7CM9T52YxOcACiOK2sqHqe,Miho Fukuhara,Love-Winter Song-,3,0,64,3270,6655
3NfxSdJnVdon1axzloJgba,7nwUJBm0HE4ZxD3f5cy5ok,Aretha Franklin,I Say a Little Prayer,1,0,116,6609,6609
00QpgfoZFDFl8vse5mMrJu,1xU878Z1QtBldR7ru9owdU,Phoenix,Tuttifrutti,3,0,128,2607,6605
1w1kzejjmiMhdWAOecgo4l,66CXWjxzNUsdJxJ2JdwvnR,Ariana Grande,They Don't Know,5,0,52,1903,6585
63LV2QbQ2tvynkr4JcakCM,6J7biCazzYhU3gM9j1wfid,Jamiroquai,Superfresh,4,0,80,2248,6537
3QRXsGWHwRGVs5rFIxtJgl,3JByu9VCNA1Rs6puGfRupj,Denki Groove,Kao Kawacchatteru,5,0,147,1466,6508
3YVM9mi7xHNUvgALYDrhmp,5plo5UwgrFliohBttLzqRr,Charisma.com,#hashdark,5,0,159,1365,6468
6OtzKf2fTvYtisqBUx5poO,0SCbttzoZTnLFebDYmAWCm,Glee Cast,Deck The Rooftop (Glee Cast Version),1,0,113,6461,6461
1eozHEIfh9cFZGCKP2mWX0,3cbd5GWGOknxmFAe77MDbk,ELLEGARDEN,Winter,1,0,107,6457,6457
2Shzw8DmgSgO2ERQuDG0wy,5sm4rWbXSE6K8MdyTIZg7q,Yo Hitoto,空音(そらね),5,0,140,1453,6455
3Cjw2QoWUEz5MEGCBeKAK6,4iu3NcU8ZoistQ19d8k9mS,The Hotpantz,Nowhereland(Chocoholic Remix),4,0,106,2126,6447
4YqEofFjyZ7DnAK1VXON9Y,0hBYSjDjcAaAuSZcpN8jk9,JP THE WAVY,Neo Gal Wop,1,0,182,6440,6440
5Vv5BGWciYgVBg5EXEbMvx,7n2Ycct7Beij7Dj7meI4X0,TWICE,AFTER MOON,1,0,155,6440,6440
1kJSojPbDdE8mvCcbwqK7Z,4iHNK0tOyZPYnBU7nGAgpQ,Mariah Carey,Runway,1,0,154,6438,6438
4qBejt9FeqLI9blHI1Nq1x,1GxkXlMwML1oSg5eLPiAz3,Michael Bublé,Jingle Bells,1,0,114,6436,6436
1udFymcgfvzJC0d7mDOidD,7f4ignuCJhLXfZ9giKT7rH,NCT 127,Touch - JP Ver.,1,0,146,6430,6430
0xPaZrF25ltzvz1a2Pm5DQ,1GxkXlMwML1oSg5eLPiAz3,Michael Bublé,All I Want for Christmas Is You,1,0,115,6407,6407
2bRVYuUWiYC0QqoL4ihGWO,0bp9CvkjQYhUJvWRHjFRWI,WEDNESDAY CAMPANELLA,ガラ,2,0,182,3310,6403
2RJZKGAWwlBpQuroVXLYMJ,7ugEofYR3PMzWl0G2erk81,MACO,LUV U MORE,1,0,164,6396,6396
1t67WYNfUxfOiwaz7SJ66b,7Ln80lUS6He07XvHI8qqHH,Arctic Monkeys,One Point Perspective,1,0,109,6372,6372
7oKXQZx9Hoe9fwM6a0IfkM,4ZX8Wr8KHHrW7radu6IwYG,Hikari Mitsushima,群青,3,0,180,2186,6371
3fjmSxt0PskST13CSdBUFx,6XyY86QOPPrYVGvF9ch6wz,Linkin Park,Somewhere I Belong,2,0,77,4032,6357
2LZphDVo13ER24FJCZ9jSy,3vbKDsSS70ZX9D2OcvbZmS,Beck,UP ALL NIGHT - x DAOKO,2,0,168,3494,6340
0VgBm84kxq2qCRri9DCMiG,2ZjWbNQAjL74Pf4aqikIz2,Shota Shimizu,夢がさめないように,3,0,138,2488,6325
4rMNgxEwGWoPHIUcvB5BrB,0du5cEVh5yTK9QJze8zA0C,Bruno Mars,It Will Rain,5,0,90,1389,6320
5oA1EPDq52GuYYlwL9a3sl,46yZjVAVfu5XOYzOpBlfHW,UQiYO,Night Safari,3,0,170,2149,6239
4rf6m9hF1RGwR57Vv5NXv8,5kVZa4lFUmAQlBogl1fkd6,Aimyon,○○ちゃん,1,0,199,6234,6234
3eClRnOrjYq1Vwvub1tGc0,7k73EtZwoPs516ZxE72KsO,ONE OK ROCK,Naihishinsho,5,0,141,1342,6211
1Vej0qeQ3ioKwpI6FUbRv1,6XyY86QOPPrYVGvF9ch6wz,Linkin Park,Papercut,2,0,83,3908,6197
5yBOMKxWJDt6QwER3GDpI7,6Oeb6i0acXNe1Q1MqqfkPX,Dream Ami,Lovefool -好きだって言って-,5,0,72,1581,6195
5hfAJno3mZYeKYzqo8Kx8f,0SCbttzoZTnLFebDYmAWCm,Glee Cast,All I Want For Christmas Is You (Glee Cast Version),1,0,123,6191,6191
3jzuA1xODaJMjqnEexbu9u,087QaLOI8MKeT9yHgjPu7P,Hazzie,for YOU。,2,0,191,3095,6170
1zv3WFUbZ5vPxFq9I2jAU1,5pKCCKE2ajJHZ9KAiaK11H,Rihanna,We Found Love,5,0,170,1385,6148
3Vd6MNEn1aLRvddvuNWYw1,38WbKH6oKAZskBhqDFA8Uj,ZUTOMAYO,サターン,1,0,200,6145,6145
2cQTx2ULjSKn4Y5QB091pi,3MUcTGmdb4on8WHhIhPkzK,KOHH,働かずに食う[IA Ver.],4,0,148,1756,6143
1IxKVKHJq31OqdeibxB6aO,26WuprsX7JRG69T0PXkze4,Quruli,だいじなこと,1,0,107,6132,6132
2tY9BLfy8Vg9iDa0QujHA1,7k73EtZwoPs516ZxE72KsO,ONE OK ROCK,100%(hundred percent),5,0,155,1317,6123
7irY7Ldcf6BFpycGl62vum,0SCbttzoZTnLFebDYmAWCm,Glee Cast,"Baby, It's Cold Outside (Glee Cast Version)",1,0,124,6113,6113
3ov6DXhs8UfsHqoMLz4zO9,0hCWVMGGQnRVfDgmhwLIxq,sakanaction,アルクアラウンド,1,0,127,6083,6083
2SmFqRZvMnIpXW1TUQb90o,77SZmOd2zA3L3n9x697iWb,Naoto Inti Raymi,Start To Rain,1,0,148,6082,6082
0EpVufuQVCRwCsaNpvw0Xz,3srPc1Mytv5GmTWqsQuoXW,frederic,TOGENKYO,2,0,183,3067,6069
0WR3Y6l751tKYI1fRsn8ac,6jEiUoyyJNPHzSR0Nib6HX,Walk off the Earth,Sleigh Ride,1,0,127,6050,6050
6aDzodSr4gqsMXAX8yt3bb,0du5cEVh5yTK9QJze8zA0C,Bruno Mars,Young Girls,5,0,113,1490,6038
6r2jbunZzV07SSLOpyaFh1,0dlbyoDrOHqBVQpKdPuUB8,Kavka Shishido,リメンバー・ミー - エンドソング,1,0,143,6033,6033
0GlBch8nzT4GqrAkgVZCbI,1LQQtqc1vQ1neUgZrjYlEU,Yumi Matsutoya,リフレインが叫んでる,1,0,182,6004,6004
2ZQthRFshRud0V6P9Abmop,02A3cEvlLLCbIMVDrK2GHV,Starley,Touch Me,3,0,145,2212,5978
0OaFypBrQUQkbjxeo8M2ez,4L9VSeE7K3BTBndqEL9A6q,Nissy,花cherie,4,0,164,1638,5977
7s25THrKz86DM225dOYwnr,7nwUJBm0HE4ZxD3f5cy5ok,Aretha Franklin,Respect,1,0,147,5975,5975
4mV4hFNWWIy6MyiCXenqhJ,52a7qtJbAU8YBI6fXYuIOz,Kuroneko Chelsea,海沿いの街,5,0,158,1338,5973
0835QSiOiYSP4kyqssB27S,7I045Ct8xfI1QlSYq4XuBh,FRIENDS,NIGHT TOWN,2,0,170,3041,5959
0uzKfuty82lTHvfGaOLCdV,1xU878Z1QtBldR7ru9owdU,Phoenix,J-Boy,4,0,159,1612,5951
7AeEqlgn54Z4Mc5SqXzwXp,286Db6EQmfgB3SJYulhGqb,Motoharu Sano,Christmas Time In Blue (Original Version),3,0,78,2920,5939
6cAKeFFYW2aClZSUyvqAEW,5lXfVoQxVgC5fpjkVqvNYn,Isaiah Firebrace,It's Gotta Be You,5,0,107,1447,5907
6ULNtDItJ3KUniAOt7iuxv,540vIaP2JwjQb9dm3aArA4,DJ Snake,Let Me Love You - Tiësto's AFTR:HRS Mix,4,0,65,2000,5873
2rIB8sJk6GgtvuFDDcPOD8,6MaKepgeBOQS11MmpAiWvR,HARUHI,Lullaby,5,0,63,1590,5865
49u6NxoLP5S6kfTYLmUfkQ,0LlH6J1tj2TPq7AlwXAkY5,Cö shu Nie,Asphyxia,1,0,143,5858,5858
4G0YpYB1Ullb5rgJeJoMcP,6S2OmqARrzebs0tKUEyXyp,Demi Lovato,I'll Be Home For Christmas - Recorded at Spotify Studios NYC,1,0,137,5857,5857
1OhNj8jYT5Fpi9h45UboEX,6whFEcaV75AmQMiwlfaxvc,QUEEN BEE,Kinsei,4,0,143,1618,5838
51KCex2aoD4Ni2cRF5mFWe,391oLRVmoTkumiN79HkTWu,Darlene Love,Winter Wonderland,1,0,139,5830,5830
5QskYLFPX9y7pLU0VEMNbr,7n2wHs1TKAczGzO7Dd2rGr,Shawn Mendes,Like To Be You feat. Julia Michaels,1,0,117,5830,5830
7DS1v1WS7Ul35Qg6Xrfpca,5RR0MLwcjc87wjSw2JYdwx,MOMOLAND,BAAM - Japanese ver.,1,0,197,5827,5827
0b93tWwuoAC0nXe1CfR30I,7Ln80lUS6He07XvHI8qqHH,Arctic Monkeys,Star Treatment,1,0,131,5798,5798
2e00vDgdNqmcMkyXShXiBo,2vi2WjvI2lTZPgmpVgOh0p,Art Wayne,Little Christmas Tree,3,0,80,2815,5793
7kyyMWwHK2pWLIT978i4eR,3uyDATzOGjbGCts7v2eszk,MISIA,来るぞスリリング,3,0,177,1991,5784
5JUu0unA8VwhTZ9LkMWUVI,3TVXtAsR1Inumwj472S9r4,Drake,Since Way Back,3,0,105,2021,5781
541mKUH89gViH3rPkSDecP,26AHtbjWKiwYzsoGoUZq53,Pentatonix,Let It Snow! Let It Snow! Let It Snow!,1,0,141,5778,5778
0DULxujD9iTijsPGK1jLcy,2dP0aHVXt8dDPCw5d2Jw0m,GING NANG BOYZ,恋は永遠,2,0,160,3055,5776
044qU7kwVZaDwzWnRsmVVL,3iOvXCl6edW5Um0fXEBRXy,The xx,I Dare You,5,0,101,1325,5757
3e1wZsPan0tt1WCDs9pjkx,2QgdUzpKFNxey5IuwvsGBL,Fujifabric,Super!!,5,0,98,1275,5756
42GcKGao5RhxFdgB22L3Zz,4cSyPcpldERtF4eL3NB9dn,Sunny Day Service,Sakura super love (single mix),3,0,81,2227,5740
2CvOqDpQIMw69cCzWqr5yr,6vWDO969PvNqNYHIOW5v0m,Beyoncé,Halo,2,0,141,4717,5736
0ETvfZPYmBsDEiz9MOOIWn,24r8fVuKK3xtC1L7iSiM4O,EXILE ATSUSHI,Just The Way You Are,1,0,150,5735,5735
3YOT9R1GD3x5T6xPQ8OE8h,3cbd5GWGOknxmFAe77MDbk,ELLEGARDEN,Fire Cracker,1,0,133,5729,5729
2Ae5awwKvQpTBKQHr1TYCg,4PVn1b2WnnXdq80C7uaZLZ,Nause,Dynamite,5,0,85,1507,5725
0Z0QXCkQZtE0BvkL8uaZ4v,4FyAgiZa3q0eeljDvcOXFh,Ketsumeishi,さらば涙,3,0,189,1955,5713
2BrzlUj1u1CtvaJDGIKpsP,55fhWPvDiMpLnE4ZzNXZyW,Noah Cyrus,Make Me (Cry),5,0,109,1444,5713
7bJ4mu7MHa3rHiNyKjOoSl,3TVXtAsR1Inumwj472S9r4,Drake,Ice Melts,3,0,107,1989,5707
4owj4wDAHO02apOrCrUssU,5gSFxPK5Te7WRIKL5CEWos,Jin Akanishi,Baila - Rearranged,1,0,127,5697,5697
3os67ovOMwFX5sYJdy1brR,7k73EtZwoPs516ZxE72KsO,ONE OK ROCK,Yes I am,5,0,151,1233,5670
6kvqpBQstMs1J5sZFCCr0U,1LQQtqc1vQ1neUgZrjYlEU,Yumi Matsutoya,DANG DANG,1,0,198,5639,5639
2cY8x0jQ1wWEipUCouclsD,5y2Xq6xcjJb2jVM54GHK3t,John Legend,What You Do to Me,5,0,103,1329,5638
7ApgBpbCBZX8Q3rXvR7tqk,46Y4IAsvxi9vMQjqL2wdfy,Shogo Hamada,サンシャイン・クリスマスソング,3,0,87,2683,5636
4ppMWQRsWDYf1Axro8euNh,29D4iRqjepAsZt6o5hccND,Miliyah,Saikouna Shiawase - Drama Exclusive Mix,4,0,80,1532,5618
1KTopLtzIdyLEa9fxSlpjp,0SCbttzoZTnLFebDYmAWCm,Glee Cast,We Need A Little Christmas (Glee Cast Version),1,0,150,5616,5616
7Ib0jkxEaUKXCxvLAdBWg1,26WuprsX7JRG69T0PXkze4,Quruli,最後のメリークリスマス - album edit,1,0,151,5605,5605
0YammaEkYSeo9vQYZ1OwS6,1Cs0zKBU1kc0i8ypK3B9ai,David Guetta,Say My Name,1,0,161,5593,5593
4nK0h7LZYxdqXWX9TSpgNk,4FyAgiZa3q0eeljDvcOXFh,Ketsumeishi,夢中,1,0,167,5593,5593
0UzSVj1mdGRQUhcyrgDbIW,5BANJdBRihIaUpzjqAec7E,Ohashi Trio,恋人がサンタクロース,3,0,85,2703,5592
57BrRMwf9LrcmuOsyGilwr,6XyY86QOPPrYVGvF9ch6wz,Linkin Park,Crawling,2,0,104,3454,5591
4fc0T9yEVDRdBo9VDvLIvc,7sJzR6n8Buyv45FKrLvZIS,May J.,Let It Go 〜ありのままで〜 - Christmas Gospel Ver.,1,0,153,5575,5575
1XcR8whWawqvBf2ttSJnLg,6f4y1h4jbvEDZXMojr4hNn,Emi Meyer,Everything This Christmas,3,0,81,2790,5574
14QlmKE07TbATpWoWajyxe,4BtZnNCpfbIIvPf2bNsQw1,Marter,This journey,2,0,86,3366,5568
0AEeDITTTTI2Zj73KKKehz,4MRHdjH8xf7OH0utAw4air,The Gospellers,星屑の街,3,0,83,2750,5563
6n8TMVyFKoUmDc4apxceRD,6XyY86QOPPrYVGvF9ch6wz,Linkin Park,Breaking The Habit,2,0,106,3450,5542
2PJ55QsqjSVwN2esqfMDFu,1HBjj22wzbscIZ9sEb5dyf,Jonas Blue,We Could Go Back,2,0,174,2822,5539
1KvyBpAxgllKW7bQb0GYCR,6XyY86QOPPrYVGvF9ch6wz,Linkin Park,Halfway Right,2,0,107,3429,5536
3PapcbToducghZQwSPwj6r,2vJObElaIZWYDLpiXiJMo9,Cornelius,If You're Here - Recorded at Spotify Studios NYC,1,0,139,5531,5531
66WPXyhXqMlkM1kZhyEXWK,1GxkXlMwML1oSg5eLPiAz3,Michael Bublé,Christmas (Baby Please Come Home),1,0,156,5527,5527
5nRXJcbo7qNIeWSE2j3zi4,0SCbttzoZTnLFebDYmAWCm,Glee Cast,Santa Claus Is Coming to Town (Glee Cast Version),1,0,157,5519,5519
4r1SFMl1i9f3OI4V7rO2k9,257kEbQnBziYfmtmqiNuNE,CHEMISTRY,My Gift to You,1,0,158,5511,5511
50tWku4UxDPeYxC6qNNMN7,3E5NLQpQbd0eJ18XO9zC0h,Seiko Matsuda,Pearl-White Eve,3,0,84,2733,5497
6AV7hLSw5cIMTI47BxKRm6,1klFdLh3pak3eOtJP0styY,Triple H,Feel,1,0,132,5497,5497
1YBItUnKj01KBXhpFtvINp,5lKZWd6HiSCLfnDGrq9RAm,Leona Lewis,Winter Wonderland,1,0,159,5492,5492
4h7zzeg7EUP4B7zGPU9Wx1,7CyeXFnOrfC1N6z4naIpgo,The Ronettes,I Saw Mommy Kissing Santa Claus,1,0,160,5479,5479
79Q6mF6N3NBBALHEJdS9Ex,3GBPw9NK25X1Wt2OUvOwY3,Jack Johnson,Rudolph The Red Nosed Reindeer,3,0,89,2653,5473
5Ce2efyLzK02BcNhqXeNL9,7k73EtZwoPs516ZxE72KsO,ONE OK ROCK,Be the light,5,0,86,1252,5469
4koBxdDNagMUcIHOKdqhi4,4l3pCmSMjqdSkhWUZp6jCD,Natsu Summer,Tropical Christmas,1,0,161,5466,5466
3JM2Nswi6qoJXrTzoMMPWF,0NZsNnETGPWLKJj2Y0vpBx,CHAI,ボーイズ・セコ・メン,4,0,163,1577,5458
2XWGk4tSUz7KfJDi5ewY1J,6T4K8YuFc0JPDrYgABbxao,amazarashi,クリスマス,3,0,91,2636,5456
1vvnYpYEMVB4aq9I6tHIEB,6l3HvQ5sa6mXTsMTB19rO5,J. Cole,4 Your Eyez Only,4,0,90,1399,5422
02eUYzGE92sZL253A39vBt,0MK8l3nURwwQIjafvXoJJt,ASIAN KUNG-FU GENERATION,荒野を歩け,2,0,56,3159,5421
0jBXv6ShqwNjHWLxMyqs0G,6n4SsAp5VjvIBg3s9QCcPX,SUDA MASAKI,ロングホープ・フィリア,1,0,134,5418,5418
4RnCPWlBsY7oUDdyruod7Y,6eUKZXaKkcviH0Ku9w2n3V,Ed Sheeran,Drunk,4,0,157,1445,5412
3TcSi5ocfreGPbWTg8xJvf,3cbd5GWGOknxmFAe77MDbk,ELLEGARDEN,Koukasen,1,0,148,5406,5406
3MpAEomh0TJoyca9y7uaBX,2XjqKvB2Xz9IdyjWPIHaXi,Sheena Ringo,ここでキスして。,1,0,164,5405,5405
5rmcjZTrE9JR1YrbNZDFNW,6l3HvQ5sa6mXTsMTB19rO5,J. Cole,She's Mine Pt. 2,4,0,86,1391,5404
5jCUbYzrTSVlNdhZgiguWF,3NTbOmzlj2cL86XFuDVFvZ,MAN WITH A MISSION,Seven Deadly Sins,5,0,87,1215,5379
6CGdeRGSoKtrzFo5XSypid,2PfBzriIMRsCXPDtSy9vg8,Rufus Wainwright,"Baby, It’s Cold Outside",3,0,96,2597,5377
67adxp0HtY8yqMz53RYopP,7n2Ycct7Beij7Dj7meI4X0,TWICE,L.O.V.E,1,0,188,5375,5375
4XZoQPWesMYNpovlz1ik7N,12dhEcVUnJVnIQLt91VdA3,Yuko Ando,クリスマスの恋人,3,0,88,2673,5363
13wNEvWmBsWaWVtiLPRIW5,1Xyo4u8uXC1ZmMpatF05PJ,The Weeknd,Hurt You,1,0,166,5361,5361
2OggiWqL8exckT6kOrcDuA,4iHNK0tOyZPYnBU7nGAgpQ,Mariah Carey,Joy to the World,1,0,164,5352,5352
2qcG0nZ6S3zZV0UrkY5nFo,4kYSro6naA4h99UJvo89HB,Cardi B,Drip,1,0,142,5344,5344
39HHOHnjFrWtRat1LYQoHJ,6O74knDqdv3XaWtkII7Xjp,Boyz II Men,Let It Snow,1,0,167,5339,5339
6tvBaxCaqLDfufidsSwBrq,3hRryYAtQ5pCb4djcVpSoO,Victor Willis,A Very Merry Christmas to You,1,0,168,5338,5338
19A4xraoMDIO1JznioaXHm,5Ga4ie7tlXW9Fc6ObLbSCY,H ZETTRIO,祝祭広場のクリスマスマーケット,3,0,95,2612,5330
4P6S5hXSVnTQ7KNlreDUWx,15B9FrdU78YP1NVHRekesE,WONK,Loyal Man’s Logic,2,0,157,2749,5328
3JJYIoJ5FyY9E0DGjr7SXF,5JZ7CnR6gTvEMKX4g70Amv,Lauv,Enemies,1,0,147,5320,5320
0XOnMqLQDO89iAg7dWWwnG,66CXWjxzNUsdJxJ2JdwvnR,Ariana Grande,pete davidson,1,0,176,5319,5319
1yFiaFeSLpw4nDYTeErRZ6,6XyY86QOPPrYVGvF9ch6wz,Linkin Park,Leave Out All The Rest,2,0,115,3266,5312
1pM4nu40ITWqebyudqnEGM,4l2MwXYwUDQKHcUXwCZjEz,José James,Live Your Fantasy,4,0,130,1560,5308
7f2heXmnd24lwz7ng32qZ1,0SCbttzoZTnLFebDYmAWCm,Glee Cast,Santa Baby (Glee Cast Version),1,0,171,5293,5293
2s9bnekAs2bHLa6osrR4fN,31zQEL3ARiYe63jn3jtM18,Take 6,Have Yourself A Merry Little Christmas,3,0,94,2616,5289
3Xsb5v8UfshcEBjmNV8rqO,36a3BbcVBJMiBGeHzpAxHb,Michael Kaneko,Lost In This City,2,0,191,2875,5272
4N0uZD6Oi44yLZOn08GUAN,1qma7XhwZotCAucL7NHVLY,Mr.Children,花 -Mémento-Mori-,1,0,170,5270,5270
3S2YC17ITlwficGzLPMRXB,43pUK083tLA3lk3JQr5ATn,THREE1989,mint vacation,1,0,152,5234,5234
3asJVXjbxNEOwPUL47wvcc,3Nrfpe0tUJi4K4DXYWgMUX,BTS,INTRO : Ringwanderung,1,0,178,5218,5218
2yNLg5TLUm7UHSfsG5JbzZ,0O0hxUrO2PKxZknken3R24,Suchmos,Fruits,1,0,139,5212,5212
4FJ4DgjlMQ6bAgoDvftdmK,21c67sMuxxzPxCEd9B4fu9,Tensai Band,Joy to the world!,1,0,176,5196,5196
2tKy2WhxxC8Fz2VICj4eUz,18tXnGJKmrSwXynnxWHy3Y,adieu,ナラタージュ,2,0,162,2741,5179
4Aj6dsKN3dbf4gUtqxBRm4,26WuprsX7JRG69T0PXkze4,Quruli,風は野を越え,1,0,197,5174,5174
79yMmNgP845r5rhkJHI3jp,0aD7NQx7yauKlVDnqOxk6q,AI,みんながみんな英雄 - フルバージョン,1,0,195,5173,5173
35mqMnYU9LHZJChhFcuiZO,0bp9CvkjQYhUJvWRHjFRWI,WEDNESDAY CAMPANELLA,坂本龍馬,4,0,124,1624,5172
2OvV4NjEBRE9v8Oo7QeUCq,0ZED1XzwlLHW4ZaG4lOT6m,Julia Michaels,Jump,1,0,158,5108,5108
3zhUXrVNt78Vc3XO4OUPQ2,6CKN3GUiWMrESH1RKn3ecz,E-girls,Show Time,1,0,152,5107,5107
2FY7b99s15jUprqC0M5NCT,53XhwfbYqKCa1cC15pYq2q,Imagine Dragons,Natural,1,0,198,5099,5099
0qrPZ27AhOahJivGsDbUSS,3Nrfpe0tUJi4K4DXYWgMUX,BTS,OUTRO : Crack,1,0,185,5098,5098
1NRpTRaS4H5TAaFllvHncI,31zQEL3ARiYe63jn3jtM18,Take 6,We Wish You A Merry Christmas / Carol Of The Bells,1,0,177,5095,5095
0rBmNBvBFH2RwtYOGzLvXN,1qma7XhwZotCAucL7NHVLY,Mr.Children,掌,1,0,180,5086,5086
27tGd8sbHPAxHWF65Xk9BT,5tvnQkP9zNAqYW2YKYk1Et,Sakura Fujiwara,また明日,1,0,189,5086,5086
6zD9qiRqtxTRQnaJxtZpmO,1qma7XhwZotCAucL7NHVLY,Mr.Children,マシンガンをぶっ放せ,1,0,186,5086,5086
5FUW9gzcACWPeyQQge3Zxa,3cbd5GWGOknxmFAe77MDbk,ELLEGARDEN,Marry Me,1,0,170,5085,5085
5VuxWXbt7XENQCtE9TzpTv,246dkjvS1zLTtiykXe5h60,Post Malone,Spoil My Night,1,0,180,5057,5057
2nAhAbhUSSjCAMJzKm2BF0,0bp9CvkjQYhUJvWRHjFRWI,WEDNESDAY CAMPANELLA,カメハメハ大王,4,0,134,1482,5030
2ijef6ni2amuunRoKTlgww,4obzFoKoKRHIphyHzJ35G3,Becky G,Sin Pijama,1,0,167,5026,5026
7LeYrAgB6jHRH7G5hpcrku,4L9VSeE7K3BTBndqEL9A6q,Nissy,GIFT,1,0,179,5016,5016
26K4tbF6waeJzo11e3JDo8,7c0XG5cIJTrrAgEC3ULPiq,Ty Dolla $ign,So Am I,2,0,149,2756,5013
1WPIxonNB2t1x6TGk54JuY,0O0hxUrO2PKxZknken3R24,Suchmos,Interlude S. G. S. 4,3,0,89,1920,5007
3iKRyj1voLMHjDi4MX1s1V,3k4ycHN6hzulnvkSe5IOTf,Hideki Kaji,99%のクリスマス,3,0,97,2519,5003
6MkXeHxQZM5cvXOXSP4MUs,2XjqKvB2Xz9IdyjWPIHaXi,Sheena Ringo,虚言症,1,0,192,5003,5003
7rC5Pl8rQSX4myONQHYPBK,3TVXtAsR1Inumwj472S9r4,Drake,Mob Ties,1,0,190,5003,5003
1Fj0T1XKuhRu7EZzJ7NJIK,06HL4z0CvFAxyc27GXpf02,Taylor Swift,Delicate - Recorded at The Tracking Room Nashville,1,0,148,4991,4991
5bldrrpdHrTeaWNT1Kp5xs,1uNFoZAHBGtllmzznpCI3s,Justin Bieber,What Do You Mean? - Acoustic,3,0,139,1728,4984
7m4D1KauIVVdj5BYDAd5EY,56Eer6ASRcE4aJHJwejTuN,Kaela Kimura,ここでキスして。,1,0,170,4971,4971
0vykxEcemqcaNB758Da3Z5,1fKEt9S1A4iszlgL9rFjPR,Reed Deming,Christmas (Baby Please Come Home),1,0,181,4956,4956
68U2zfGsDx9WN7gykqQuqM,6aXIcqTy3R1dqSml9HQZUB,TM NETWORK,THIS NIGHT,3,0,98,2435,4946
4eQvrHRAG4WoGYFNe3pCLu,391oLRVmoTkumiN79HkTWu,Darlene Love,All Alone on Christmas,1,0,183,4942,4942
2EBrffFvwfHRsXLaWzSOdv,7sBtBCNVRujQhaHDODkfTN,MIYAVI,Fire Bird,4,0,72,1487,4939
1GnFpqRFhwVgAi7CohDcv4,2S6A6zkTKElCA0BJku4FBZ,RHYMESTER,本能,1,0,173,4937,4937
0EZMJEPU0ZZM03qiCjOf86,1qma7XhwZotCAucL7NHVLY,Mr.Children,CANDY,1,0,197,4928,4928
7k7JKDjCd9zuL0iF7iWaNs,6VuMaDnrHyPL1p4EHjYLi7,Charlie Puth,Empty Cups,1,0,186,4914,4914
5m8wiO2ySMpCtYSwHatWQr,41MozSoPIsD1dJM0CLPjZF,BLACKPINK,AS IF IT'S YOUR LAST - Japanese Version,2,0,188,2571,4894
3ZD3kjn80pQ9keYO8eqp9d,5JZ7CnR6gTvEMKX4g70Amv,Lauv,The Other,4,0,119,1320,4891
26hcyzSE154xMZCbFdtInA,0DdDnziut7wOo6cAYWVZC5,KREAM,Taped up Heart,4,0,105,1457,4884
083Qf6hn6sFL6xiOHlZUyn,4ScCswdRlyA23odg9thgIO,Jess Glynne,I'll Be There,1,0,182,4876,4876
5hV1QtCJGxT7kDyHZ97nQY,2vJObElaIZWYDLpiXiJMo9,Cornelius,Passionfruit - Recorded at Spotify Studios NYC,1,0,179,4870,4870
5fUTG3BOoR0CNXD5xO8XEU,3uyDATzOGjbGCts7v2eszk,MISIA,Aitakute Ima,1,0,150,4866,4866
7oSD1rdPsMqq02W9N1hhDV,05dGdORITq180948vnApl9,Saku,検索,3,0,153,1727,4847
1pIUrB35aX7Cax51yT1XKB,5QeCklzEEYSSLWeUxuWeBy,Taeko Onuki,snow,3,0,99,2363,4835
0WW2Zh8rqKBmheJACwRs4T,16SY7vICMlc8XGaTPocEa3,Jane's Party,Last Train Home this Christmas,1,0,192,4833,4833
2lT2w8qVNDUAzrdO4yCdxE,7rewR1TVjhisjI6gauUamf,The Crystals,Santa Claus Is Coming to Town,1,0,193,4819,4819
7u6DMPznGbpziuEgCE0JGQ,66CXWjxzNUsdJxJ2JdwvnR,Ariana Grande,get well soon,1,0,199,4819,4819
2iFxUBbMdLgJZzmuIxKKvs,3Bd1cgCjtCI32PYvDC3ynO,London Grammar,Big Picture,4,0,147,1473,4818
2Yp9RZD8reu2mQ2mgFGfOZ,69GGBxA162lTqCwzJG5jLp,The Chainsmokers,Honest - Gil Glaze Remix,2,0,138,2599,4813
4pszZ5HDoNWtI8NAu9H3nI,31zQEL3ARiYe63jn3jtM18,Take 6,Let It Snow,1,0,195,4798,4798
5K09WxKdlkroDyEVyOSySy,7nwUJBm0HE4ZxD3f5cy5ok,Aretha Franklin,(You Make Me Feel Like) A Natural Woman,1,0,192,4789,4789
4rA9P3BILk4TgRSQY6JejQ,0O0hxUrO2PKxZknken3R24,Suchmos,Funny Gold,1,0,178,4788,4788
4yQw7FR9lcvL6RHtegbJBh,7nwUJBm0HE4ZxD3f5cy5ok,Aretha Franklin,Think,1,0,194,4782,4782
4HoUyzZI0reyAewRrx6Z55,6zGmypGQUBXD4ZC9EbfMme,EXILE,My Star,1,0,187,4767,4767
2hYvkFPuyZwtwIgZ16zSqb,6vopmRBXGtMV0MMVJtzbWD,Boku no Lyric no Boyomi,輪廻転生,1,0,184,4763,4763
51wrmElSLxFzc0vSQPeTxs,7n2wHs1TKAczGzO7Dd2rGr,Shawn Mendes,Where Were You In The Morning?,1,0,165,4763,4763
3EApebexZ7YqDIqw2EMTDh,1anyVhU62p31KFi8MEzkbf,Chance the Rapper,I Might Need Security,1,0,157,4760,4760
5dXylP7ucW8VGgzRanhClH,0O0hxUrO2PKxZknken3R24,Suchmos,You've Got the World,1,0,183,4751,4751
0kJ6Bh3fL0zHrIGfJsCQBS,1EowJ1WwkMzkCkRomFhui7,RADWIMPS,指切りげんまん,4,0,153,1376,4750
5XbU4rE41GqQ7hYnhsfJTn,2oNStf3CKKLM5lnzELWMcH,Taichi Mukai,Crazy,1,0,200,4745,4745
4QIwkysLEV8vChxapCm30P,0hWvpmIrUgyPKOYvEGcERp,Shiritsu Ebisu Chugaku,自由へ道連れ,1,0,181,4742,4742
3BCIQvWpjLoECTaVZ0l6VS,31zdCo7PhGXLRbg0sfBUYa,The fin.,Heat - It covers everything,2,0,170,2463,4740
1pIMxRddmCGalHnRbLFkWg,4phGZZrJZRo4ElhRtViYdl,Jason Mraz,Have It All,1,0,171,4736,4736
2OKKPfOLELlQeYu0gQDvZ7,7n2Ycct7Beij7Dj7meI4X0,TWICE,HO!,1,0,186,4725,4725
0OtOb9g1cZETa60LtRjcOY,51Blml2LZPmy7TTiAg47vQ,U2,Red Hill Mining Town - Steve Lillywhite 2017 Mix,3,0,160,1729,4711
0hCsLF5rtp53LNb8BtMs4M,257kEbQnBziYfmtmqiNuNE,CHEMISTRY,Heaven Only Knows (T-Groove Remix),1,0,181,4708,4708
3aAikbYuj5N9wJpPqx82f8,2ZjWbNQAjL74Pf4aqikIz2,Shota Shimizu,dance with me.,1,0,194,4708,4708
6Fmvz4aMJZbQxeDy8XGol9,0b2fntUmu7kE2EYjX31tZI,BENI,Chasin',1,0,151,4691,4691
4UKCKdYiLN6IMA5ZESUTL7,15UsOTVnJzReFVN1VCnxy4,XXXTENTACION,the remedy for a broken heart (why am I so in love),1,0,174,4685,4685
0HEmnAUT8PHznIAAmVXqFJ,19ra5tSw0tWufvUp8GotLo,George Michael,Faith - Remastered,3,0,61,1688,4672
7ycXzaoRRLRnJsNw2O948A,391oLRVmoTkumiN79HkTWu,Darlene Love,White Christmas,1,0,199,4668,4668
2MbygbYR1nRq7gb4D9nTfb,2y8Jo9CKhJvtfeKOsYzRdT,Rod Stewart,"Merry Christmas, Baby",1,0,200,4653,4653
4M8x1TR36VMQMFMbGCdoyA,1yqxFtPHKcGcv6SXZNdyT9,MK,Back & Forth,1,0,182,4650,4650
3tDmmW8ZMjgPifzVEU3Lbi,3ZWE1TnryM03rfzVin17K0,Tamio Okuda,愛のために,1,0,196,4639,4639
6G3zTqp7fbTlfJ8Qqumw0M,7k73EtZwoPs516ZxE72KsO,ONE OK ROCK,Koi no aibou kokoro no cupido,4,0,156,1207,4617
7Bnwwbgx3hlI5uok2zEa36,03E7w8NrBr4lNCK33TQyil,Keyakizaka46,I'm out,1,0,188,4609,4609
1NbAL2WH6zISPmUkUVQl6t,3pTxPxf4WEWrYaylfPVOWX,Bank Band with Salyu,MESSAGE -メッセージ-,1,0,190,4605,4605
58QhkbaAkLFnn7JwAnAato,7dGJo4pcD2V6oG8kP0tJRR,Eminem,Fall,1,0,198,4602,4602
2Pvr8rYuh5J8V7QglJhH6W,5Rl15oVamLq7FbSb0NNBNy,5 Seconds of Summer,Want You Back,1,0,180,4600,4600
4IUs83EfSgYPjOCYnmTcCK,7k73EtZwoPs516ZxE72KsO,ONE OK ROCK,Jibun ROCK,4,0,78,1292,4600
0DbFw8lyNTNLiNfl4aZgYS,4lsSLCTKrmfULsRivqAShx,Hiroomi Tosaka,FULL MOON,1,0,197,4594,4594
6YZ6dpZOcO42xcZYNnJRlg,1PSuZ74d4aJt9LR4fIoBNo,yahyel,Rude,2,0,161,2392,4589
5qzU5GGIeuPtZ9MnjGks7y,7lbSsjYACZHn1MSDXPxNF2,Hikaru Utada,Keep Tryin',1,0,159,4569,4569
2JdzcxKSk7raYujsLYUXvi,0PGB0xsAyDqHHlvNQcgq5S,POWERS,Closer,3,0,147,1607,4563
5EMonirXHFGxNrcphN4jxm,5tvnQkP9zNAqYW2YKYk1Et,Sakura Fujiwara,茜さす帰路照らされど・・,1,0,197,4549,4549
2TiYhkLaJyGsQ5KSXSgTnE,1DsLuI7f2kifOqPtWZEpFN,Keigo,信条,3,0,126,1733,4548
1bZrM1CNYl6e3yU5wXl6v3,2LZDXcxJWgsJfKXZv9a5eG,Cashmere Cat,Throw Myself A Party,4,0,103,1258,4538
7qs2GAglLWfxEfmO8u2u0A,00TKPo9MxwZ0j4ooveIxWZ,Loote,High Without Your Love,2,0,154,2389,4524
651z4p0RWGLrleAdBhd2os,3FCZbxRcaSgYfklG2HCFh2,BAD HOP,Kawasaki Drift,1,0,200,4514,4514
4XyUWQ8DEjmX3ZnBUKq9hd,1LCabWRM4bDucpjMS24PFt,ent,Autumn Nightmare,4,0,122,1258,4477
2Qaciuti5qHFFg9cdoGE5i,2PZ2yyshGsEX1zcz8WRXmn,Heartbeat,Fire,2,0,156,2383,4475
4w3wOmheAIy5V7RmVzhqP1,24ljrnVUlUZ2apxF6GZsrm,Elephant Kashimashi,Easy Go,1,0,195,4460,4460
6pHNCcSbtNVkjzS8MagVln,1LQQtqc1vQ1neUgZrjYlEU,Yumi Matsutoya,A HAPPY NEW YEAR,1,0,176,4455,4455
5gIVImf9FEMi8ZlDQm7n95,706WzkJEacBrtkHKRpBU2q,Motohiro Hata,スミレ,2,0,165,2321,4448
5H3Ix0rcF6i7anJEyOCwFb,2mJOGcLR3aCHkM1uAF93or,DREAMS COME TRUE,Miraiyosouzu II,1,0,200,4440,4440
5uovdolXI6yzsEQ93VERmE,43kKsfG1eZSFW785NtHDYs,DYGL,Don't Know Where It Is,4,0,107,1200,4436
4FFxnXZliLMOSDA2rmdaDz,4cSyPcpldERtF4eL3NB9dn,Sunny Day Service,イン・ザ・サン・アゲイン,1,0,183,4385,4385
2oq1aKIYED2LFiwgxZIpie,7k73EtZwoPs516ZxE72KsO,ONE OK ROCK,Paper Planes,4,0,166,1219,4382
5kzaaebkXWVOYQ2du2xICs,12f2uQ7TswXKZRFvJuELAb,NOT WONK,Of Reality,2,0,149,2328,4366
2Q8eyf6rDYGiKK4ne9jcSy,2UmhByzSum8X2lQZ7pWvWp,RIRI,Keep Up,1,0,158,4347,4347
17I3A54U9igAnLpEkvUX2w,0ouUO7PZ76vjBJytaT2Na0,Hitorie,リトルクライベイビー,4,0,115,1129,4335
7mXFlpswNB0p8LljiPURmL,2KUwQdiHrplyJnVeMA3uyu,in FAM step,Don't feel stagnant,2,0,163,2195,4332
1k8PzjjJ1tZlEhsR5Zi1aS,0O1UtbTe4ca7HabaiMhYZ7,KIRINJI,時間がない,1,0,199,4331,4331
6ubB2VCE4z6q66zdGfusJZ,64GVXrjnVfWhGfNIF3Q2Uc,PANDORA,Be The One,1,0,181,4324,4324
0OMt4Qyetdbw2eUEvKBdHH,7dGJo4pcD2V6oG8kP0tJRR,Eminem,Remind Me,1,0,148,4312,4312
4hBSyUmiZvlbuPSy3lUeVJ,5O6t6gb6MeNqzOBAq1oLad,globe,Feel Like dance,1,0,194,4311,4311
6VrCmhRBFnuGKmtNfk4jDs,64KEffDW9EtZ1y2vBYgq8T,Marshmello,Spotlight,1,0,184,4302,4302
4v1CvZazmdpxQLEt3sCeKH,69GGBxA162lTqCwzJG5jLp,The Chainsmokers,New York City,3,0,156,1557,4300
1KocRJr6BX6CbGiemyWPai,4Yt6N4u5vIpjRhT2O7zsLk,YOUR SONG IS GOOD,On,2,0,135,2171,4296
4XLu3tTSZiPFVC9mmuR6Zp,4nDoRrQiYLoBzwC5BhVJzF,Camila Cabello,All These Years,1,0,142,4250,4250
2Lmm74bnWbvUkmT7K6Wv5g,5BANJdBRihIaUpzjqAec7E,Ohashi Trio,The Day Will Come Again,3,0,114,1725,4248
1gVuKIH0m0a8y089MWMCsg,7k73EtZwoPs516ZxE72KsO,ONE OK ROCK,Sonzai Shoumei,4,0,182,1104,4243
3unowsl4iCDDCYENUQK4Mc,2TL8gYTNgD6nXkyuUdDrMg,Jasmine Thompson,Mad World - Eden Prince Remix,3,0,138,1497,4238
3OJQ53NHwPC2rKKwE5wvdc,7k73EtZwoPs516ZxE72KsO,ONE OK ROCK,One By One,4,0,187,1120,4221
169WiXbGfoCnRX51V4Pjle,04mGcrL09AEKdlGVrjpf1P,MIYACHI,Wakarimasen,1,0,197,4207,4207
6FOzzQoq3jXx6KpFMd8YWs,09KNMqVn02ntZA70RA1xyZ,sasanomaly,タカラバコ,4,0,123,1159,4193
07Ugv4TA7PvQfoqetnmLrS,3kjuyTCjPG1WMFCiyc5IuB,Arcade Fire,Everything Now,2,0,165,2322,4190
1x5M7e748IC3LOejjvdOia,69GGBxA162lTqCwzJG5jLp,The Chainsmokers,Waterbed,3,0,160,1531,4180
4AsvGVDWs16fqIiIdDzyvX,0LcJLqbBmaGUft1e9Mm8HV,ABBA,Happy New Year,3,0,49,1918,4169
6ypHmYFPwGw3udtA1usG8e,3PWp9R5HvbQgxI5KBx5kVd,KANA-BOON,バトンロード,2,0,181,2083,4159
0eMcJaytQHX6p46vZgcA1P,0pWR7TsFhvSCnbmHDjWgrE,Creepy Nuts,Joendanyusho,3,0,119,1616,4151
5cXg9IQS34FzLVdHhp7hu7,2YZyLoL8N0Wb9xBt1NhZWg,Kendrick Lamar,Big Shot,1,0,193,4142,4142
1g1DPyg2RRTCV4D0aEqg7G,04mGcrL09AEKdlGVrjpf1P,MIYACHI,Kyukaiura-no-Sasaki,2,0,161,2162,4122
3783kNRWGUu9JQ7TTYpTOO,70OLJdY31J0j1JgNcLsvSc,Ryuji Imaichi,ONE DAY,1,0,154,4095,4095
33B2QbtAj8mbDpwvGTOnBt,3iOvXCl6edW5Um0fXEBRXy,The xx,Dangerous,3,0,80,1609,4055
1RjAL8RGgVvDt2BYkHESQB,5VLVogbPeBgFHXQPZQzBej,JUJU,Tokyo,1,0,187,4054,4054
07tsxA3VTCCs35M17sBs88,5WUlDfRSoLAfcVSX1WnrxN,Sia,Free Me,2,0,127,2261,4043
2TNvuWY10fBok9OY8asAQZ,4Y7tXHSEejGu1vQ9bwDdXW,Fatboy Slim,Where U Iz,3,0,158,1519,4036
5YoSA5dBdQJdhrgaY5SKsS,3JByu9VCNA1Rs6puGfRupj,Denki Groove,Man Human,1,0,199,4029,4029
3wqKXBJgscxJy3ZWfNe4uG,1mN9lPKzTRTOop4u7S1Uy9,iri,Corner,1,0,184,4007,4007
1GO9vCm5Cra5uWGSWQ5mGK,4nDoRrQiYLoBzwC5BhVJzF,Camila Cabello,In the Dark,1,0,159,3991,3991
3pdWCmUno1bWzYIdYwoiMM,0hEurMDQu99nJRq8pTxO14,John Mayer,Still Feel Like Your Man,3,0,147,1413,3974
5dEaQCUCJIQyJs5qVZYXOC,3Nrfpe0tUJi4K4DXYWgMUX,BTS,Come Back Home,2,0,192,1993,3974
6jfXFCZtjFBp75nb95tlg2,70OLJdY31J0j1JgNcLsvSc,Ryuji Imaichi,Angel,1,0,183,3954,3954
4jDmJ51x1o9NZB5Nxxc7gY,19ra5tSw0tWufvUp8GotLo,George Michael,Careless Whisper,3,0,86,1453,3889
4Q8eCfoplMCBf3Uxj9P19L,5b3ZFm6P1lpZIASMDnBDs9,Kan Sano,Can't Stay Away,3,0,90,1422,3886
5GKwq4sO5ZHKuWaDmdwMQc,1z4g3DjTBBZKhvAroFlhOM,Red Velvet,Bad Boy,1,0,191,3855,3855
5xi2SXmF3A5AIsuGXiUIZu,4nDoRrQiYLoBzwC5BhVJzF,Camila Cabello,Inside Out,1,0,172,3851,3851
4VuEBYaXvfNwYywaYj6qRC,0Ty63ceoRnnJKVEYP0VQpk,Sting,I Can't Stop Thinking About You,3,0,84,1598,3816
2YTzBBMPkf2mETq2FyzoUs,7n2Ycct7Beij7Dj7meI4X0,TWICE,One In A Million,2,0,186,1925,3789
4DTpngLjoHj5gFxEZFeD3J,46SHBwWsqBkxI7EeeBEQG7,Kodak Black,Codeine Dreaming,1,0,198,3773,3773
0ZgzeIQOYklTUeggqndoFx,4cSyPcpldERtF4eL3NB9dn,Sunny Day Service,青い戦車,2,0,167,1924,3765
1Bqxj0aH5KewYHKUg1IdrF,02kJSzxNuaWGqwubyUba0Z,G-Eazy,Some Kind Of Drug,3,0,104,1468,3764
7A2eDNBgJrEVE87C8pOMqN,4dpARuHxo51G3z768sgnrY,Adele,When We Were Young,3,0,123,1622,3763
2Hb3EFULtmqNnXIRLDWfsV,0NWbwDZY1VkRqFafuQm6wk,Mike WiLL Made-It,It Takes Two,3,0,141,1435,3758
786FjaaHpnMoPjKzCnTx4Z,2v3eFzDOUnyWP1drW2dPTp,Chara,やさしい気持ち,2,0,178,2661,3689
7sTtHHrD0zDpmzQzH3zegz,4nDoRrQiYLoBzwC5BhVJzF,Camila Cabello,Consequences,1,0,195,3654,3654
2CCfudTf3bHvtNbRmWtXHr,0bdJZl7TDeiymDYzMJnVh2,Preme,Tango (Go),1,0,102,3618,3618
6LUOMjoORvAkdhBYvESO46,5WUlDfRSoLAfcVSX1WnrxN,Sia,Move Your Body - Alan Walker Remix,3,0,95,1303,3610
5uJ3OTEQBwYcjZyRj63RDG,2AwGvrbcvOSx5HDwc4OQE3,SALU,夜に失くす,2,0,183,1851,3604
7l1qvxWjxcKpB9PCtBuTbU,0du5cEVh5yTK9QJze8zA0C,Bruno Mars,Count on Me - EP Version,3,0,104,1332,3602
6wJhz2jABaX2oMChhGy39Y,6eUKZXaKkcviH0Ku9w2n3V,Ed Sheeran,The A Team,3,0,133,1307,3566
7lXOqE38eCr979gp27O5wr,0du5cEVh5yTK9QJze8zA0C,Bruno Mars,If I Knew,3,0,115,1409,3562
7ucefx5JG9zG18sdGhRbzd,4L9VSeE7K3BTBndqEL9A6q,Nissy,Don't let me go,1,0,184,3543,3543
4CqO3ZpI3FGByskguC5Kbo,6MDME20pz9RveH9rEXvrOM,Clean Bandit,Symphony,2,0,176,1784,3538
4OcTu05fjO7mRBmfCL1nZd,6J7biCazzYhU3gM9j1wfid,Jamiroquai,Hot Property,2,0,103,2037,3536
6RkDPbeTn7RISg9rD7ydlR,2AwGvrbcvOSx5HDwc4OQE3,SALU,Butterfly,2,0,134,1927,3518
62FbLMpG27j0z43nd1Hs2I,63rJq5DaUMq2OhAnh3al79,DJ Envy,Text Ur Number,1,0,104,3512,3512
1yc6BTxwf9Em40MgKOKBJy,77SZmOd2zA3L3n9x697iWb,Naoto Inti Raymi,いつかきっと,1,0,181,3496,3496
55xD9E6MaUyVaovAxqqjAP,061wx7ayIPhKImKfURbWxU,Mariko Takahashi,for you・・・,1,0,185,3488,3488
66hayvUbTotekKU3H4ta1f,1HxJeLhIuegM3KgvPn8sTa,Jack Ü,Where Are Ü Now,3,0,188,1200,3448
4nYrT4h72JvsNh3t80FmG0,24ljrnVUlUZ2apxF6GZsrm,Elephant Kashimashi,悲しみの果て,2,0,126,1828,3414
3YIvPdY4n9h6JViPs43vET,1AyWsgtaIgXbzjJlTx2ZDp,AAA,Yell,3,0,187,1182,3404
2O0vM4HIUbS4OPyoiOQReD,2e8owTBZutgOq6uUnVTURB,Rina Katahira,愛のせい,1,0,188,3342,3342
6f49kbOuQSOsStBpyGvQfA,4gzpq5DPGxSnKTe4SA8HAU,Coldplay,A Head Full of Dreams,2,0,119,1902,3327
2btKtacOXuMtC9WjcNRvAA,49tQo2QULno7gxHutgccqF,LANY,ILYSB,3,0,146,1179,3323
0j2WBxWZnWti5TpSxjJvPb,0hEurMDQu99nJRq8pTxO14,John Mayer,Love on the Weekend,2,0,99,1694,3320
1wkeAltJoidYXxaXOQZB6M,4frXpPxQQZwbCu3eTGnZEw,Thundercat,Friend Zone,3,0,185,1135,3316
562JrM9b7jiu8LgzV62x3o,13y0kncDD4J9wxCyfKr10W,Bette Midler,The Rose,1,0,193,3316,3316
75oUdIGzm8RIbUyBcJrvqc,074tUrKhXVuH4s5Mfg0zWz,CHICO CARLITO,C.H.I.C.O. - (Album Edit),3,0,113,1202,3293
24BMvs3rFT8Yl6xemzARvS,0FXJ7e5WRLaSMZvKhZDZx2,Ghost like girlfriend,fallin',2,0,146,1735,3292
1THgEf7LF26w1uZmK15vXX,31zdCo7PhGXLRbg0sfBUYa,The fin.,Afterglow,2,0,158,1697,3285
63ynqZp6SZV3hfgMrYJzGe,6T4K8YuFc0JPDrYgABbxao,amazarashi,Bokuga Shinouto Omottanoha,3,0,85,1199,3281
4clPFFXbfiZFwKM9K9yGmt,6whFEcaV75AmQMiwlfaxvc,QUEEN BEE,失楽園,2,0,106,2030,3263
4KACTr10JOibSrgwNzqlbW,3vbKDsSS70ZX9D2OcvbZmS,Beck,I'm So Free,1,0,153,3257,3257
3otAtzQb3f7adNdiCgdECo,5p7f24Rk5HkUZsaS3BLG5F,Hailee Steinfeld,Starving - Acoustic,3,0,117,1166,3248
5HQVUIKwCEXpe7JIHyY734,7hJcb9fa4alzcOq3EaNPoG,Snoop Dogg,"Young, Wild & Free",3,0,120,1155,3240
75GNKIOSQxr0WdCwTuAvCV,3E5NLQpQbd0eJ18XO9zC0h,Seiko Matsuda,新しい明日,1,0,198,3217,3217
0OI7AFifLSoGzpb8bdBLLV,6TIYQ3jFPwQSRmorSezPxX,mgk,Home,1,0,197,3184,3184
1FEIfJgaGwiLKr4L8W5Iqj,6J7biCazzYhU3gM9j1wfid,Jamiroquai,Summer Girl,2,0,119,1828,3180
1mRiMY3rYa2pJd8N4bFBOL,1wnm3N7BEcm00XCEQyTIY1,KYOSHINsoundsorchestra,Nigatsu nizyuhatinichi no sokkyoukyoku,3,0,121,1121,3180
3J2RmOkB4VRBv4N66Nor0y,3WrFJ7ztbogyGnTHbHJFl2,The Beatles,Sgt. Pepper's Lonely Hearts Club Band - Remix,2,0,188,1653,3159
0Ye1olMyvB2rLjZ4vlYVWI,69GGBxA162lTqCwzJG5jLp,The Chainsmokers,Closer - R3hab Remix,3,0,128,1081,3121
62LJFaYihsdVrrkgUOJC05,5a2EaR3hamoenG9rDuVn8j,Prince,Kiss,2,0,126,1610,3096
34jiHivxVtME5h5wYsBI4c,2CvaqAMMsX576VBehaJ0Wx,Wanna One,에너제틱 Energetic,1,0,197,3094,3094
15sQdX0gEJHJG2ZtLzDQai,7xUZ4069zcyBM4Bn10NQ1c,Ásgeir,Afterglow,2,0,164,1725,3091
74ALEpcm5uMnV8uffpPtzu,22bE4uQ6baNwSHPVcDxLCe,The Rolling Stones,Just Your Fool,2,0,66,1883,3068
1VLrWugurXhNXff4HVjcRK,1M6XLICqGgFsxLpKU6v5UP,LEARNERS,WATER THE FLOWERS,2,0,131,1592,3058
7Lpi2otSpwKiTpFsdDKEzP,41SQP16hv1TioVYqdckmxT,Real Estate,Darling,2,0,135,1546,3054
0QuDUxwtREJwqxJVsZKfm1,29D4iRqjepAsZt6o5hccND,Miliyah,少女時代,2,0,120,1816,3024
3DzFH8avI7xqT0Hxq2McYp,25X0RB2EWCmj9u0Pnj1uW5,DOBERMAN INFINITY,あの日のキミと今の僕に,1,0,200,3014,3014
34kSAsvs36tXZ8DaiBphUG,6sFIWsNpZYqfjUpaCgueju,Carly Rae Jepsen,Last Christmas,2,0,127,1710,3003
0AeMnsNv09apEA2w4iLGxu,6J7biCazzYhU3gM9j1wfid,Jamiroquai,Nights Out In The Jungle,2,0,131,1689,2991
2SrGtpbPh7czhWKGmXk8Aw,3fMbdgg4jU18AjLCKBhRSm,Michael Jackson,Thriller (Steve Aoki Midnight Hour Remix),1,0,158,2971,2971
4c3skf1nLJDE4f8cw6Aq1M,31zdCo7PhGXLRbg0sfBUYa,The fin.,Outskirts,1,0,169,2967,2967
3QSgYgXRPCTAMgOouq42lz,3eNYrVLcWfjJ9JdH9kiPJO,Linked Horizon,心臓を捧げよ! - TV Size,2,0,155,1589,2962
5EwwwdsQfKI8ZnFG93j5Zu,60d24wfXkVzDSfLS6hyCjZ,Martin Garrix,Forever,1,0,160,2952,2952
77Y57qRJBvkGCUw9qs0qMg,0hEurMDQu99nJRq8pTxO14,John Mayer,In the Blood,2,0,179,1554,2946
4u9Y4Z9i9VaAbBK7rW1Rha,6KImCVD70vtIoJWnq6nGn3,Harry Styles,Meet Me in the Hallway,2,0,173,1520,2941
1v3bR4v6SruaE8efrTUqqp,6M2wZ9GZgrQXHCFfjv46we,Dua Lipa,Lost In Your Light,2,0,159,1473,2936
3caMfJGFp53NAH2TuigdNj,4sTQVOfp9vEMCemLw50sbu,Galantis,Hunter,2,0,172,1481,2926
2AXmGIoJNeiFlrkEqSg42b,3WwL2Gya2VH0zHzOdakOX2,ROTH BART BARON,ATOM (UK mix),1,0,173,2925,2925
6DjV3ev7xNw8y0iwkiTAp9,1l2ekx5skC4gJH8djERwh1,Don Diablo,Children Of A Miracle,2,0,155,1548,2920
7xvEhilLluihNfKdtO12po,3E5NLQpQbd0eJ18XO9zC0h,Seiko Matsuda,スマイル,2,0,165,1453,2898
0TdmTdZ5x1MMhcFdJeOwPF,4bykb0rz2eT2t2kzihCsne,BRADIO,真っ赤なカーチェイス,2,0,149,1427,2853
60IkVf7UfQXmt5CwkpcX8a,6XyY86QOPPrYVGvF9ch6wz,Linkin Park,From The Inside,1,0,137,2853,2853
1qcyw35R6PiMBYfSSK7gDm,6nxWCVXbOlEVRexSbLsTer,Flume,Say It,2,0,147,1460,2833
2KQftUXRA91WigM16D5aMd,6E94YMM50nYraxpkixvQuW,THE RAMPAGE from EXILE TRIBE,FRONTIERS,2,0,168,1490,2831
2q0VexHJirnUPnEOhr2DxK,2h93pZq0e7k5yf4dywlkpM,Frank Ocean,Biking,2,0,158,1499,2824
53MHr9cjIlwet0mpmqNvjC,4O15NlyKLIASxsJ0PrXPfz,Lil Uzi Vert,Go Off,2,0,192,1453,2823
4PewjuQY4Ee0XE21LbxoH5,3vbKDsSS70ZX9D2OcvbZmS,Beck,Colors,1,0,181,2821,2821
5m4Z5OQQGCYs3u8HniYHk3,24ljrnVUlUZ2apxF6GZsrm,Elephant Kashimashi,夢を追う旅人,2,0,177,1414,2811
0bhTgYxjWbD3QVUuEdpEwZ,7Mo0nFEU6E8fGI0P2u7MOl,Yutaka Ozaki,僕が僕であるために,1,0,166,2810,2810
0r4SsYcwvd8URat6AS2m6f,1Xylc3o4UrD53lo9CvFvVg,Zara Larsson,Lush Life,2,0,148,1484,2803
2sp1QtoKfxJaSlsu8NOLTn,60d24wfXkVzDSfLS6hyCjZ,Martin Garrix,In The Name Of Love - The Him Remix,2,0,150,1419,2798
2ymSJ7EA39cEuL9qjMdGjG,0Ty63ceoRnnJKVEYP0VQpk,Sting,Petrol Head,2,0,101,1574,2792
1dXaWTXUM5iJrXFmdaR51y,4JOhNjfF2q0TPxjutbeASo,Michio Miyagi,春の海,1,0,169,2774,2774
0ikz6tENMONtK6qGkOrU3c,5lpH0xAS4fVfLkACg9DAuM,Wham!,Wake Me up Before You Go-Go,2,0,65,1645,2766
2Sru5y6R0mYhV9nEHMDWJ7,6XyY86QOPPrYVGvF9ch6wz,Linkin Park,Given Up,1,0,149,2747,2747
5pY3ovFxbvAg7reGZjJQSp,6eUKZXaKkcviH0Ku9w2n3V,Ed Sheeran,I See Fire,2,0,162,1369,2717
27gUeiai56GKF6TxvmPJut,6XyY86QOPPrYVGvF9ch6wz,Linkin Park,Don't Stay,1,0,150,2698,2698
2KLX7YuMHdGxiMevRe5W7k,6XyY86QOPPrYVGvF9ch6wz,Linkin Park,One More Light - Steve Aoki Chester Forever Remix,1,0,200,2698,2698
477CB93mH986mrIheQD0RR,4UhiMIdxKqQxmzdE9nYe6O,m-flo,come again,1,0,175,2698,2698
5vMwmfhNcMi3pgGwfutVqI,2QV9nKAvrkfPibulRt8Bov,Chris Tyson,Back Flip,1,0,146,2685,2685
4t58T2qT2IvzmqEN4CuBVQ,706WzkJEacBrtkHKRpBU2q,Motohiro Hata,ひまわりの約束(evergreen ver.),2,0,135,1531,2681
5oAgI7Pzg6vxuKrfapg3Pi,60d24wfXkVzDSfLS6hyCjZ,Martin Garrix,Pizza,1,0,146,2677,2677
6mOA1qHEZXfug6bUzaMHKq,6T4K8YuFc0JPDrYgABbxao,amazarashi,Hero,2,0,178,1373,2673
5f5KGCBUtnR3dTSdNfRcZG,3KV3p5EY4AvKxOlhGHORLg,Jeremih,I Think Of You,2,0,130,1543,2642
0Tel1fmuCxEFV6wBLXsEdk,6eUKZXaKkcviH0Ku9w2n3V,Ed Sheeran,Kiss Me,2,0,169,1328,2636
4xmauQDU8n3QZ2kzfa3wTH,3AA28KZvwAUcZuOKwyblJQ,Gorillaz,Ascension,2,0,169,1382,2635
4O8N6XcprtzDmPJZ44sCKF,762310PdDnwsDxAQxzQkfX,Depeche Mode,Where's the Revolution,2,0,155,1373,2634
0N6i3Em7AFfWzisbmIRrtC,0bp9CvkjQYhUJvWRHjFRWI,WEDNESDAY CAMPANELLA,オニャンコポン,2,0,133,1489,2621
6TdweeWiGv35hKXn3tARjA,64KEffDW9EtZ1y2vBYgq8T,Marshmello,You & Me,1,0,193,2607,2607
1YI0uK36eupTmw9F8kHysr,04gDigrS5kc9YWfZHwBETP,Maroon 5,Sunday Morning,2,0,180,1341,2598
0vJ63IBHyKsCV1NwPu0Dqm,5gnPy6NujOjveFFjIqMoz2,Bakarhythm To,「いくらだと思う?」って聞かれると緊張する(ハタリズム),1,0,173,2577,2577
0Ie5uiv54KgCr7P4sYDTHl,73Np75Wv2tju61Eo9Zw4IR,Idina Menzel,Baby It's Cold Outside (duet with Michael Bublé),2,0,145,1489,2567
1XRTXNP8eLpWXfso8Q4dC5,6lB8vOoI4DRrrVxXwuV19c,Mike Perry,Talk About It,2,0,176,1301,2559
0KYacsHSw0zYGpK64rjBcB,7sBtBCNVRujQhaHDODkfTN,MIYAVI,素晴らしきかな、この世界 –What A Wonderful World– - Day 2 mix,2,0,192,1312,2558
7DT2BdfJdO7DhPuOpx8Zua,4cSyPcpldERtF4eL3NB9dn,Sunny Day Service,Machikado no funk,1,0,95,2558,2558
1k060Zgb0XKvDJWyR2zlWN,6POfB0fHdzXFLWL3RHxLv8,Creep Hyp,陽,2,0,150,1395,2546
6tNQw4RAj7oYogHXVzKJg8,3jOstUTkEu2JkjvRdBA5Gu,Weezer,Feels Like Summer,2,0,181,1297,2531
3CRDbSIZ4r5MsZ0YwxuEkn,3YQKmKGau1PzlVlkL1iodx,Twenty One Pilots,Stressed Out,2,0,138,1385,2530
7EbpUdQ4nQ5VnnFlZjvqYl,6XyY86QOPPrYVGvF9ch6wz,Linkin Park,New Divide,1,0,157,2526,2526
2mHp6HcqjnvgJddV0DY5pR,0bp9CvkjQYhUJvWRHjFRWI,WEDNESDAY CAMPANELLA,チンギス・ハン,2,0,139,1388,2510
0mIM6SNuNu9LQAxEp5MM0M,3D73KNJRMbV45N59E8IN0F,Mika Nakashima,恋をする,2,0,143,1359,2509
2Yia0Gh4n61fPAjrNE5i2t,4iHNK0tOyZPYnBU7nGAgpQ,Mariah Carey,I Don't,2,0,138,1401,2501
1OWkxXIoqLbGCZ5gMYow3x,2jAtwNClGACPlYgR1QFAIq,Dempagumi.Inc,最Ψ最好調!,2,0,106,1478,2495
0v9Wz8o0BT8DU38R4ddjeH,1anyVhU62p31KFi8MEzkbf,Chance the Rapper,No Problem,2,0,149,1252,2492
0IbbbkIABzjqz379SHuKkk,0bp9CvkjQYhUJvWRHjFRWI,WEDNESDAY CAMPANELLA,チャップリン,2,0,142,1376,2485
5qP6qAeuZEiQzSALN6oRgt,2dP0aHVXt8dDPCw5d2Jw0m,GING NANG BOYZ,骨,1,0,168,2478,2478
1AEDy5bm4x2aSzovcFI2VA,58TSYUufxjTDGCHo9xyvVb,Charan-Po-Rantan,かなしみ,2,0,162,1259,2467
4GYj1p532U2IpTRjcmEAxK,1Pzt7WyaiqfngZpWFA5Lts,PKCZ(R),X-RAY,1,0,153,2466,2466
3ieVw3kffzPPQ59orLdbQD,6m14xgA0m3w92UM7ujJgky,UVERworld,Q.E.D.,1,0,156,2450,2450
7j5VXwJBAd0pm5JRGvCpWt,1EowJ1WwkMzkCkRomFhui7,RADWIMPS,ギミギミック,2,0,162,1244,2446
1QV6tiMFM6fSOKOGLMHYYg,1HY2Jd0NmPuamShAr6KMms,Lady Gaga,Poker Face,1,0,199,2431,2431
6lDo13SSgTv0WbyUQKgnjk,738wLrAtLtCtFOLvQBXOXp,Major Lazer,Light It Up,2,0,129,1324,2425
3QiAAp20rPC3dcAtKtMaqQ,43ZHCT0cAZBISjO8DG9PnE,Elvis Presley,Blue Christmas,2,0,133,1394,2409
1irQqioH3g13sybtzD3jJL,3r17AfJCCUqC9Lf0OAc73G,Fergie,You Already Know,1,0,174,2396,2396
1YsK7uP9LHlqJJO3FHrKTb,3e7awlrlDSwF3iM0WBjGMp,Little Mix,You Gotta Not,2,0,81,1331,2380
4cqLCCMzG6GQ9Bch2PBzFp,7v4imS0moSyGdXyLgVTIV7,Nat King Cole,The Christmas Song (Merry Christmas To You) - Remastered 1999,2,0,130,1346,2376
3BmjRmFTESgWZLPSVGp8aG,6XyY86QOPPrYVGvF9ch6wz,Linkin Park,Lying From You,1,0,166,2371,2371
7sapKrjDij2fpDVj0GxP66,04gDigrS5kc9YWfZHwBETP,Maroon 5,She Will Be Loved,2,0,155,1280,2371
4efEhDR94SloThpQa86WrT,53LVoipNTQ4lvUSJ61XKU3,MONO,Death In Rebirth,2,0,74,1231,2366
5BBH5Hy0xr6TrrfaCt4Um9,3ZWE1TnryM03rfzVin17K0,Tamio Okuda,エンジン - 日本語バージョン,1,0,151,2364,2364
5jrdCoLpJSvHHorevXBATy,6jJ0s89eD6GaHleKKya26X,Katy Perry,Dark Horse,2,0,158,1241,2350
5egqKwgK5r5rvGD1LrtR7J,6XyY86QOPPrYVGvF9ch6wz,Linkin Park,Points Of Authority,1,0,170,2339,2339
6IHLgUbMOtvQ5TNLOeh84O,540vIaP2JwjQb9dm3aArA4,DJ Snake,Let Me Love You - Zedd Remix,2,0,87,1312,2336
2fYEK1nK8DraulsPJUhRER,6T4K8YuFc0JPDrYgABbxao,amazarashi,Sora Ni Utaeba,1,0,188,2329,2329
2cJIkJvAFAwLueEk5GA59P,4M3YnrMCVeoAZKNS6Fc6U9,Num Contena,Flight To Winter,2,0,79,1263,2318
5nanpmKTRDPYXYOr5zsWLc,3FCZbxRcaSgYfklG2HCFh2,BAD HOP,Gucci Scarf,1,0,190,2318,2318
6lryP8CIvVrxajqk6gTj4R,7CajNmpbOovFoOoasH2HaY,Calvin Harris,My Way - offaiah Remix,2,0,124,1248,2306
2gZy1KFFKUgw3IbRNhZEz3,0jnsk9HBra6NMjO2oANoPY,Flo Rida,Game Time,2,0,172,1164,2299
5IcdPTuDQN9Aup7YHs6Dq7,4iu3NcU8ZoistQ19d8k9mS,The Hotpantz,Nowhereland [type B],2,0,124,1170,2299
4jnF2wGecDiVL6SLSQoBsn,2CIMQHirSU0MQqyYHq0eOx,deadmau5,Let Go,2,0,121,1182,2298
24lEpJ1mkfjnqPHMFzGeRg,0bp9CvkjQYhUJvWRHjFRWI,WEDNESDAY CAMPANELLA,世阿弥,2,0,157,1255,2293
3WrG9BpOPQWUus3FjA1Tny,1Y8cdNmUJH7yBTd9yOvr5i,Destiny's Child,8 Days of Christmas - Live,2,0,171,1273,2287
7uD3cE6aiSFKdJO30k2vbZ,7qpGWSiolU9E5WbkvTaMDd,CHiCO with HoneyWorks,Pride Kakumei,2,0,123,1257,2282
0COgVVFdCA2jL3BVoh9pDZ,7zNIbEorVkZByiYxtnmh3o,Lick-G,Trainspotting,2,0,193,1174,2277
1egqeKsQGklZEJ6c8CZYfK,4HfuyMMy295oBvbIuXr0v8,GENERATIONS from EXILE TRIBE,RUN THIS TOWN,1,0,198,2272,2272
22BH6K8RlpwNzIINvWS4Jj,64M6ah0SkkRsnPGtGiRAbb,Bebe Rexha,(Not) The One,1,0,185,2265,2265
6F5c58TMEs1byxUstkzVeM,6jJ0s89eD6GaHleKKya26X,Katy Perry,Roar,2,0,174,1185,2265
4KbLHKNgwO1O2yYlqp824T,0k7JZhYS35IewiKNHW7KMj,EGOIST,Kabaneri of the Iron Fortress,2,0,126,1146,2262
2yPoXCs7BSIUrucMdK5PzV,5pKCCKE2ajJHZ9KAiaK11H,Rihanna,Umbrella,2,0,147,1224,2259
5rAxhWcgFng3s570sGO2F8,6XyY86QOPPrYVGvF9ch6wz,Linkin Park,A Place For My Head,1,0,178,2243,2243
0TvQLMecTE8utzoNmvXRbK,06HL4z0CvFAxyc27GXpf02,Taylor Swift,Bad Blood,1,0,198,2238,2238
5DdY6yQAh8451FEYuEo2qY,7k73EtZwoPs516ZxE72KsO,ONE OK ROCK,20 years old,2,0,94,1132,2231
3wUX7HpXS382s1DHTRouVk,09hVIj6vWgoCDtT03h8ZCa,A Tribe Called Quest,We The People....,2,0,115,1171,2230
5hzDqrcTySa1Ek9nRCRd7Q,2Kx7MNY7cI1ENniW7vT30N,Norah Jones,Carry On,2,0,91,1127,2229
3fVnlF4pGqWI9flVENcT28,06HL4z0CvFAxyc27GXpf02,Taylor Swift,Wildest Dreams,1,0,200,2226,2226
19wfwDasfT74PJaamTO5Ef,6hl5k4gLl1p3sjhHcb57t2,Circa Waves,Fire That Burns,2,0,182,1143,2222
6xtQ23d8GEXgcxyUKPtwc5,6XyY86QOPPrYVGvF9ch6wz,Linkin Park,Runaway,1,0,182,2203,2203
0q75NwOoFiARAVp4EXU4Bs,7tYKF4w9nC0nq9CsPZTHyP,SZA,Love Galore,1,0,194,2188,2188
1tr98e7DDa21WHKhXHYmHt,0PGB0xsAyDqHHlvNQcgq5S,POWERS,Dance,2,0,148,1131,2178
74YrN8gcU3WFnG3Fu99Eqk,2NmgIfLAFl1DD1FZOY4YqC,Masayoshi Oishi,ようこそジャパリパークへ,1,0,181,2177,2177
1QE1ZlQ7Ns3AGElZAxP345,6T5tfhQCknKG4UnH90qGnz,DNCE,Be Mean,2,0,135,1103,2165
3UomKhSMe5ELRzLewdeAXc,4Wet9Sqa5LrEjBeV4k6edh,AK-69,Dawn,2,0,125,1089,2163
3m62bJJXGyQKdR9XyRocnl,3TVXtAsR1Inumwj472S9r4,Drake,"Two Birds, One Stone",2,0,88,1138,2156
7yMPuOVQEqpl7h1AQq4f2i,4Z8W4fKeB5YxbusRsdQVPb,Radiohead,Harry Patch (In Memory Of),2,0,120,1138,2154
552BIJ9kKwwqiGf4YojYbL,4Z8W4fKeB5YxbusRsdQVPb,Radiohead,Man of War,1,0,170,2148,2148
7n3LasDD3DuxTHeUFILDuL,24ljrnVUlUZ2apxF6GZsrm,Elephant Kashimashi,風と共に,1,0,154,2144,2144
5LlsD7LdSMkGV4Iu0a2Zq0,2qk9voo8llSGYcZ6xrBzKx,Kings of Leon,Waste A Moment,2,0,94,1099,2137
4eSSRTR5guMgoLaB4YmFwi,0MK8l3nURwwQIjafvXoJJt,ASIAN KUNG-FU GENERATION,Re:Re: - 2016 Rerecorded,2,0,126,1087,2135
6cZoUrfKV7G7tFS9JS0bY5,1uRLJyeiM1i37cUVYzbywV,Valentine,Break into the Dark,1,0,199,2121,2121
6dzIdHdWMzsE2Sy4FMuCru,0GtBUVp1cWdIUKwm2GHTHc,Chatmonchy,majority blues,2,0,135,1063,2121
6DmlglQbe2HIZYMh8I2uEz,2QKf9jr434G3Mo8Hr9npPb,THE CHARM PARK,そら,2,0,129,1095,2115
2n1jBz26dVBtSbMvJNjGsu,6XyY86QOPPrYVGvF9ch6wz,Linkin Park,Until It's Gone,1,0,192,2112,2112
7aExaYKvZH1HNMn79Rq5eH,0O0hxUrO2PKxZknken3R24,Suchmos,Pacific,2,0,153,1088,2111
5EyQlDZdQxQpP6pbUKZEZU,6sAONleCsmAyP87OHsVAPV,chelmico,Honey Bunny,1,0,200,2109,2109
2s76aKBWKShlwPC4xTtEEE,05o1zW8b6PV6rEquXr74sB,State of Sound,Wake Up Where You Are,2,0,148,1071,2099
6iTVIAqZpHmCK9jrpDyDVo,7keGfmQR4X5w0two1xKZ7d,Kungs,I Feel So Bad,2,0,97,1074,2099
3p328cTIa6tenIR4fOn11F,21E3waRsmPlU7jZsS13rcj,Ne-Yo,Another Love Song,1,0,186,2091,2091
4WAqb0gKsItRqdoSXVjhzX,2N19kPGlqKY8GiyE4DkAtp,Little Glee Monster,はじまりのうた,2,0,89,1061,2083
1Xtkz9CQCRzes77G9uZhXH,71wVBrMErg4ng9lxc1ajZo,FIVE NEW OLD,Not Too Late,1,0,177,2068,2068
3RAKcLHrzTRgm0uW0gXIDL,6CKN3GUiWMrESH1RKn3ecz,E-girls,E.G. summer RIDER,2,0,169,1039,2062
6FV8GHs5jJ7XFTr6PE8HB1,6CKN3GUiWMrESH1RKn3ecz,E-girls,Smile For Me,1,0,194,2045,2045
4np9EJ7JAnGmKRIiuND2X2,7k73EtZwoPs516ZxE72KsO,ONE OK ROCK,Kagerou,2,0,103,1027,2029
5HosmIdqmpU60QhquGobMq,1naxU0Risl09fDskCtBKt9,SKY-HI×SALU,RAPSTA,1,0,200,2027,2027
2wk7RAYmgV6m5MncfCwHf8,3d2pb1dHTm8b61zAGVUVvO,Mick Jagger,Gotta Get A Grip,1,0,181,2023,2023
6LKyhIgZXNRjTf8ZXugxAA,4RXIhUAlNFVdzLCWEWdRD8,EMI MARIA,Myself Again,1,0,144,2021,2021
4oTnFkW0weAfmz9kz02C2k,59m6Auk4r76d16XDpOznCY,DEAN FUJIOKA,Permanent Vacation - EP ver.,1,0,190,2015,2015
7q8jJ1XZEliBakZSUMFde5,7DMveApC7UnC2NPfPvlHSU,Cheat Codes,Stay With You,1,0,149,1993,1993
6ojGX4UybxgLSlHVGMjjI7,7JthQ6zwNzfxRfIEjp6wUs,HIRAIDAI,Just the Way You Are,1,0,193,1989,1989
6cEhGkOucMNpG6tyGtJFHE,0Am3N8IgKrONBxModLTXGG,Hashimotoeriko Hatanohirofumi,飛翔,1,0,172,1983,1983
4mJDfMcT7odIUjWlb2WO4L,6eUKZXaKkcviH0Ku9w2n3V,Ed Sheeran,Baby One More Time - Recorded at Spotify Studios New York City,1,0,164,1979,1979
03hqMhmCZiNKMSPmVabPLP,00FQb4jTyendYWaN8pK0wa,Lana Del Rey,Groupie Love,1,0,188,1972,1972
6SRnVRobwLtovI4JEWejDv,4sTQVOfp9vEMCemLw50sbu,Galantis,True Feeling,1,0,168,1972,1972
7KkzVlps826NezcpXPvEuV,293zczrfYafIItmnmM3coR,Chuck Berry,Johnny B. Goode,1,0,101,1968,1968
5HGoE2Zqa736f4baYUDwsq,4U7i0wRZh9IIHbjuECMyIq,Shintaro Sakamoto,できれば愛を,1,0,198,1962,1962
61jSUEUFZ2dKtefg0rCNiG,3JByu9VCNA1Rs6puGfRupj,Denki Groove,トロピカル・ラヴ / TROPICAL LOVE,1,0,94,1962,1962
5TpgrTc3OVxzOR4VQ2sZpv,2A0KFlCxqLrv5U7YSFLl8q,SawanoHiroyuki[nZk]:Tielle&Gemie,gravityWall,1,0,198,1943,1943
7HBnZdg7fIQwqMhQhci0VV,4gzpq5DPGxSnKTe4SA8HAU,Coldplay,Hypnotised - EP Mix,1,0,176,1884,1884
3AnSxKDKzSJAoRT4zNF6BR,3ZSRZm21GuhEVHHlT014qX,RUAN OHYAMA,The beautiful girl is about u,1,0,187,1879,1879
3s4U7OHV7gnj42VV72eSZ6,6MDME20pz9RveH9rEXvrOM,Clean Bandit,Rather Be,1,0,148,1872,1872
2Bb3mu3lfUrcRoTi3IcvQc,2ht3wxeT69CzyKFChNnNAB,Big Boi,All Night,1,0,198,1837,1837
4pe6pgtZbH22bEAo1qmSpI,2UmhByzSum8X2lQZ7pWvWp,RIRI,It Feels,1,0,199,1834,1834
3SnXIPWciHwAS04oKdPC0l,0ZAibQ1lZh5UbUaQybsn62,Cast Of Rent,Seasons of Love,1,0,53,1820,1820
3tIUfy7WO5FrWTVtu6tNsr,6asuiLN1ghRaYH2JoKcVAC,sui sui duck,think,1,0,191,1803,1803
3N08HLCSwOHhMQKJGIZ7rE,6b5YOgXIliAozdo49vUCJQ,Izzy Bizu,Talking to You,1,0,54,1802,1802
03nwOxHChr84SAyzfeT3Tx,4cSyPcpldERtF4eL3NB9dn,Sunny Day Service,Aoi sensha,1,0,172,1778,1778
6s30ctCp7PymbfQvnKVaeX,2XnBwblw31dfGnspMIwgWz,Axwell /\ Ingrosso,Renegade,1,0,159,1765,1765
6fTMgpep22ulpq3gdaGjC6,1Y1eAeGo4bz5wP1CfRGn6c,Takkyu Ishino,Dawn(Der Dritte Raum Remix),1,0,69,1750,1750
4BJ5T8ZZZ3UrPG7k0OVQrp,3e7awlrlDSwF3iM0WBjGMp,Little Mix,Power,1,0,176,1746,1746
0Z99Dx70IZFtLVVy6llEMv,6asuiLN1ghRaYH2JoKcVAC,sui sui duck,salvage,1,0,180,1726,1726
7mR6AryFz9a5TAAHAtbBD7,58zME34zPsQx58YXCyFryH,The Birthday,バーテンダー,1,0,159,1696,1696
3YER252ekfA6He0pWi6M4Q,2lbUjuMzHkT4qIECvk2f3L,Kris Wu,"Juice (Music from the Motion Picture ""xXx: Return of Xander Cage"")",1,0,77,1687,1687
6zwhWf9lrBh0YBt1moK46i,5hHNaYRpbcz1qo09jeVcg8,Tsuyoshi Nagabuchi,Loser,1,0,195,1684,1684
5uhfA9s1eh1lfPgOOqExNm,2Mi7J9LAIe6xEzObKt6JHq,FEMM,Do It Again,1,0,142,1677,1677
1wLQwg0mloy3yXjL0jPE0N,7jy3rLJdDQY21OgRLCZ9sD,Foo Fighters,Run,1,0,179,1660,1660
4ikR3lDFcZ0hNKyVONfi4N,06HL4z0CvFAxyc27GXpf02,Taylor Swift,Love Story - US Album Version,1,0,197,1642,1642
5Bv97kzwGxJyzWy57PDTbN,5a2EaR3hamoenG9rDuVn8j,Prince,Electric Intercourse - Studio Version,1,0,158,1641,1641
0pSlY5kfsAE1CAsLFwIud5,25t52VwvW8txuKmfTiXOcw,山田孝之 with MARO Boyz,モテモテ マーロ,1,0,195,1633,1633
24JJVSTsuITy33xTWLvagK,25tMQOrIU4LlUo6Sv8v5SE,Gavin James,Driving Home For Christmas,1,0,134,1627,1627
3SStLYQ46avdnsVhzUCGQQ,0FXJ7e5WRLaSMZvKhZDZx2,Ghost like girlfriend,雨降る夜にさよならを,1,0,187,1619,1619
4OUGA3xNnXgbgurN3aF7Vd,4oRWaBu8QZL7yeLCYWdW1x,TOKYO HEALTH CLUB,東京Swingin',1,0,196,1618,1618
476zr4LtVvfKooCQTRduRU,1ieluXFoq2RRxMXZIQksTz,Gesu No Kiwami Otome,心地艶やかに,1,0,169,1612,1612
0CPZXRW5Gu6nBXTdd9IKGC,1lEBJGJgdoevi1Clv9CqLT,Branko,Take Off,1,0,59,1608,1608
3AJwUDP919kvQ9QcozQPxg,4gzpq5DPGxSnKTe4SA8HAU,Coldplay,Yellow,1,0,153,1608,1608
4FPrAERfkPKOBKrRoyuxLu,1GxkXlMwML1oSg5eLPiAz3,Michael Bublé,Cold December Night,1,0,137,1608,1608
7rPLZ8Krm6CZIbraFUlnWZ,4dpARuHxo51G3z768sgnrY,Adele,Make You Feel My Love,1,0,126,1608,1608
50DI9rEBT55pgK7E8wa9ym,1cWdiyxxTFLJ3etaSdm3vM,Tamaki Roy,Offer [Single Version],1,0,199,1593,1593
3cHyrEgdyYRjgJKSOiOtcS,0TnOYISbd1XYRBk9myaseg,Pitbull,Timber,1,0,181,1579,1579
7wBrglFVTNCcW6IhdgBkm1,4gzpq5DPGxSnKTe4SA8HAU,Coldplay,Paradise,1,0,160,1579,1579
0M46Ih0Ar3CERY9x62yH6F,6J7biCazzYhU3gM9j1wfid,Jamiroquai,Dr Buzz,1,0,148,1574,1574
3IJSMMrOFKQSapNlx0g23G,3kjuyTCjPG1WMFCiyc5IuB,Arcade Fire,I Give You Power,1,0,108,1570,1570
20hsdn8oITBsuWNLhzr5eh,60d24wfXkVzDSfLS6hyCjZ,Martin Garrix,Byte,1,0,127,1568,1568
2SHnUyZq0zwmvRIl4WY77G,0Cd6nHYwecCNM1sVEXKlYr,Krewella,Alive,1,0,61,1568,1568
3Na3mdryT7b2KTTXoTiuXj,6J7biCazzYhU3gM9j1wfid,Jamiroquai,We Can Do It,1,0,151,1565,1565
1wC93sZRGcTgKLN2UWRSwW,163tK9Wjr9P9DmM0AVK7lm,Lorde,Perfect Places,1,0,194,1559,1559
37Na441PK39mcQsiBE9o85,0YXtUIbs5wr5Xed0ft9jWI,"She, in the haze",Paranoid,1,0,151,1558,1558
3R1soPv4ftGWNSRNYHtq4G,2Bi1XtdmndNK6V2nlpI2A1,tubakiii,Let me,1,0,161,1553,1553
7JhTr0G0gr3ESY3B9uqPi4,12Chz98pHFMPJEknJQMWvI,Muse,Dig Down,1,0,183,1543,1543
1060gzllf4b0UETAXisR5l,2S5hlvw4CMtMGswFtfdK15,Royal Blood,Lights Out,1,0,158,1539,1539
3uraN2ULHlp53KcspYy4KW,3DiDSECUqqY1AuBP8qtaIa,Alicia Keys,In Common - Kaskade Radio Mix,1,0,73,1529,1529
0VppxvUwqcsgu6igGuAP7s,3TMLgJUsDIxI4CShGh8vYM,Jazztronik,Jazz Carnival,1,0,63,1514,1514
4JaEPJte2YpbXb2facmlz9,2AwGvrbcvOSx5HDwc4OQE3,SALU,First Dates,1,0,151,1514,1514
4btI3SbhO6iNjup5fRN92Z,6aZyMrc4doVtZyKNilOmwu,Colbie Caillat,Mistletoe,1,0,141,1514,1514
7kPYs87SbciVPYtzQGpx9a,5M8AXrOifBT8elkLKbGPQZ,Superfly,Alright!!,1,0,152,1510,1510
6lpWMtQoGqQyEZuyIwhbkO,4gzpq5DPGxSnKTe4SA8HAU,Coldplay,Every Teardrop Is a Waterfall,1,0,169,1508,1508
64EfarV8Dhq9fT8GBXVKoN,4WN5naL3ofxrVBgFpguzKo,Rudimental,We the Generation,1,0,64,1504,1504
371H6HjS4SXGbQ9IVfFUIL,2h93pZq0e7k5yf4dywlkpM,Frank Ocean,Lens,1,0,164,1492,1492
5euzupdNCyewgWou5KWOLK,6J7biCazzYhU3gM9j1wfid,Jamiroquai,Vitamin,1,0,162,1474,1474
0jEotiCuAnx6QIGRshctek,4sWyw0OrBKwmiaPOAuTuig,GLIM SPANKY,アイスタンドアローン,1,0,165,1466,1466
2fUyfHc0TXDZWG5QE5fPFr,1ieluXFoq2RRxMXZIQksTz,Gesu No Kiwami Otome,午後のハイファイ,1,0,175,1461,1461
3HWDWyIqWuLsTHECx9DvXF,4gzpq5DPGxSnKTe4SA8HAU,Coldplay,Birds,1,0,175,1459,1459
5Lbsc65org0b85kNsPkluY,6KImCVD70vtIoJWnq6nGn3,Harry Styles,Only Angel,1,0,167,1458,1458
6DB2KOEwHnjkgEnBt5SdeJ,1RyvyyTE3xzB2ZywiAwp0i,Future,Mask Off - Remix,1,0,200,1456,1456
1DzGmznlXGMuXUdCxhprQf,6CKN3GUiWMrESH1RKn3ecz,E-girls,Pink Champagne,1,0,74,1450,1450
6HZKlK1mDDBsILMoNNncxL,0Xf8oDAJYd2D0k3NLI19OV,CHIC,I Want Your Love,1,0,67,1446,1446
4wc9s6pk9dX7BgPobvJ49c,4mQxvrtY2MbDuUXAhMg5pp,Ms.OOJA,The signs of LOVE,1,0,173,1442,1442
0yhNApb5f23UkttdQekW3P,3XxxEq6BREC57nCWXbQZ7o,Jamie Cullum,Show Me The Magic,1,0,150,1440,1440
4FQJyi8gnbhKy623wNx6Ps,3OpnoUqoRIHWbsFs4Nw0NQ,Nat King Cole Trio,All I Want For Christmas (Is My Two Front Teeth) - Remastered,1,0,151,1430,1430
6Tzacf8BGC7fyPuQIsG49K,3mIj9lX2MWuHmhNCA7LSCW,The 1975,By Your Side,1,0,146,1429,1429
0Xb9irIBfKhOAMgL6ba1dZ,6J7biCazzYhU3gM9j1wfid,Jamiroquai,Carla,1,0,168,1421,1421
28Jqx1dd93gj5OzGLfe5yM,7sBtBCNVRujQhaHDODkfTN,MIYAVI,Live to Die Another Day -存在証明-,1,0,172,1419,1419
11CSiZLEG9zCMfiMXQlFtt,0c103ZyWDycpfVxR0lNrjm,MY BABY,Cosmic Radio,1,0,181,1418,1418
03bPbaQ12CidpbMB6VBzVv,2ZjWbNQAjL74Pf4aqikIz2,Shota Shimizu,今夜はブギー・バック(SMOOTH RAP) feat.加藤ミリヤ&SHUN,1,0,164,1412,1412
0tICYNayWWhH9GPeFrfjfD,7keGfmQR4X5w0two1xKZ7d,Kungs,This Girl (Kungs Vs. Cookin' On 3 Burners) - Kungs Vs. Cookin' On 3 Burners,1,0,114,1407,1407
2fdrhyvObIh5pwd4ZfcKE2,2mpeljBig2IXLXRAFO9AAs,Dido,Christmas Day,1,0,154,1398,1398
7LVHVU3tWfcxj5aiPFEW4Q,4gzpq5DPGxSnKTe4SA8HAU,Coldplay,Fix You,1,0,182,1393,1393
2Mj4N2NRdHkmpIGl3uo11M,24r8fVuKK3xtC1L7iSiM4O,EXILE ATSUSHI,人間の証明のテーマ,1,0,172,1391,1391
47eKMJCMwGRJUska4F8v3y,0TImkz4nPqjegtVSMZnMRq,TLC,Way Back,1,0,183,1384,1384
2IUHcSxFPDKLRVgjXxvKjl,21mKp7DqtSNHhCAU2ugvUw,ODESZA,Line Of Sight,1,0,197,1380,1380
7meewaOwBR0el9dkBVMNfJ,5Qeyh2XKoITt1mlEVtzazC,Daoko,拝啓グッバイさようなら,1,0,193,1378,1378
36kywr0s5x91S83bVRIcdJ,5YVpCleE4Ysa6YRa66nzIN,DADARAY,美しい仕打ち,1,0,174,1371,1371
3Uf2bjapELrAhKFvb8WHDs,49gaZqfow2v8EEQmjGyEIw,Todd Terje,Inspector Norse,1,0,71,1362,1362
2iB9Jfy6x7tGF1i9dgCENG,3E5NLQpQbd0eJ18XO9zC0h,Seiko Matsuda,恋人がサンタクロース,1,0,159,1361,1361
6xwWR2XAgQQ0qs4I1C2YPo,6NQ3DibpWMigY2cXJr9KYv,evening cinema,わがまま,1,0,184,1359,1359
2gO3wgR2G9pCJFWGcWX3W7,7gAppWoH7pcYmphCVTXkzs,The Vamps,Jingle Bell Rock,1,0,160,1358,1358
7d9HKDBtJNaRoBBrxABUwr,3OQcKLF8yVlfDAG0uz0xLy,Happiness,REWIND,1,0,147,1338,1338
61ggI0e1hKwn4NLQqDr5ba,5ztM0WRyJguGFiLusqTBKs,AKAIKO-EN,恋と嘘,1,0,179,1337,1337
6DeHP49uTwrRkQel5B1QrN,4GnFg9D7Ds99UI0r5t9PZK,Natsuko Nisshoku,ログマロープ - Live from Spotify Tokyo,1,0,179,1327,1327
74yQRKUunP1sRjnnMks4SG,49HPMFWsosCuRf810Ay1Vv,Kurt Nilsen,"Let It Snow, Let It Snow, Let It Snow",1,0,162,1325,1325
1hRWjTcAVz1RsMeiv6EE5X,22FsmLO3ZyvgWBy5QbfcQi,ayaka,コトノハ,1,0,195,1324,1324
4r5DRy4gG5YdRw1HL7AkEW,1g51NlHKUXlgfvGP22m0uD,J SOUL BROTHERS III,"Eeny, meeny, miny, moe!",1,0,189,1321,1321
2mOtx6P21hecOcPoVuZbzF,19y5MFBH7gohEdGwKM7QsP,Luther Vandross,Please Come Home for Christmas,1,0,163,1320,1320
5lkpeJwmQKgY3bX2zChjxX,4dpARuHxo51G3z768sgnrY,Adele,Someone Like You,1,0,150,1313,1313
1JvgnS3ouVObUzaQks3grS,6T4K8YuFc0JPDrYgABbxao,amazarashi,ヒーロー,1,0,191,1309,1309
7eOGidOoCqWAp4p1tnEdyG,3AA28KZvwAUcZuOKwyblJQ,Gorillaz,We Got The Power,1,0,178,1306,1306
1KqvRRQd3lfM0pAlkGPrgD,6eUKZXaKkcviH0Ku9w2n3V,Ed Sheeran,Shape of You,1,0,162,1304,1304
3hsssgdpMNEFOs3MtBQrnf,37GBT1Lhfc2sgq4jZIt6n2,PIKOTARO,ロミータ・ハシミコフ,1,0,93,1304,1304
4lny5wx4EQKfyx82KX9xU8,5VLVogbPeBgFHXQPZQzBej,JUJU,Because of You,1,0,193,1303,1303
6q9o34l9jRBiICBJidG9TZ,536BYVgOnRky0xjsPT96zl,Two Door Cinema Club,I Can Talk,1,0,75,1301,1301
5wRS9hfYYL0dTtBpXB5qjh,4SyOeqnA6bO9xwHJf8pFoR,Lily,私は泣いています,1,0,118,1298,1298
3X0S5bimP94BmCyeKkhnua,26AHtbjWKiwYzsoGoUZq53,Pentatonix,Bohemian Rhapsody,1,0,184,1296,1296
3aWPdd6U1xbsIEGEpUaPyQ,0cmWgDlu9CwTgxPhf403hb,Bonobo,No Reason,1,0,112,1290,1290
5YRx4ojURDCMneLvDUp60W,4UohSp9DAmnCA9mgWqj8d1,Chocoholic,First Class,1,0,76,1282,1282
6qe0k03WnpcZc8RuK3meVJ,0utgKNVmlFL9Hp1bAMfDzF,VAMPS,CALLING,1,0,192,1277,1277
7MMXFqR5OagEJbZLzkxTL6,7MSUfLeTdDEoZiJPDSBXgi,Brian Eno,Reflection,1,0,101,1277,1277
2xKOif57egLaOeqh909kvf,085pc2PYOi8bGKj0PNjekA,will.i.am,FIYAH,1,0,191,1273,1273
1xmctspTzQxisNXKY6Gxf6,16GcWuvvybAoaHr0NqT8Eh,Alabama Shakes,Don't Wanna Fight,1,0,78,1268,1268
7JCR02ffWYhCRwNXDtfdpC,6LcWO77VeIUPqNY22N3fI0,Daymé Arocena,Mambo Na' Mà,1,0,190,1267,1267
5MjAFPcmrR1DYCgZrXCN4d,07d5etnpjriczFBB8pxmRe,BJ The Chicago Kid,Turnin' Me Up,1,0,80,1261,1261
6OuN4NTyA3vAjaJEwCsGcm,2WzUurbE8sUtlhTbroWVxn,One Lion and Me,Valley of water - electro edit,1,0,81,1258,1258
40kOSylZ11g9Go7ZDXKyS9,2NCEtX40i9lLNpTg2X5583,Metrik,LIFE/THRILLS,1,0,82,1257,1257
3HgmWNk2YBRfh4NSdrCce2,2JLqTvFXmC87BksiCsBezV,Matt Terry,When Christmas Comes Around,1,0,172,1252,1252
1n43DYeEKWCOrPVDncNtwU,7Gf3LSwa5hh8Cjo60WhVjC,India.Arie,Favorite Time Of Year,1,0,174,1247,1247
5wTM2Bm8phDwHAuOsfBwhU,0GByy3DcfbQwDvXGCWmzv9,Pretenders,2000 Miles - 2007 Remaster,1,0,173,1247,1247
4loEQAPpwyNLB4ZFovIORY,2LZDXcxJWgsJfKXZv9a5eG,Cashmere Cat,Love Incredible,1,0,155,1245,1245
36LKz6emiABSfqbZ64Frem,2mGYHril2LuZodRtTX06BC,Kumi Koda,Wicked Girls,1,0,174,1240,1240
04AYgtKFrpldRXe5y0LNGQ,64KEffDW9EtZ1y2vBYgq8T,Marshmello,Ritual,1,0,109,1230,1230
2QPUaxEdbxIQbnATYjTXLW,0TnOYISbd1XYRBk9myaseg,Pitbull,Educate Ya,1,0,195,1229,1229
0iV9yfj1knFNOSEiuTHZwl,1l7ZsJRRS8wlW3WfJfPfNS,Christina Aguilera,Have Yourself a Merry Little Christmas,1,0,176,1228,1228
38510fWvtOkrFjg2EDkJtT,6T5tfhQCknKG4UnH90qGnz,DNCE,Toothbrush,1,0,84,1226,1226
3qyeNnFY67zX6VmmIbzPsL,6lB8vOoI4DRrrVxXwuV19c,Mike Perry,Body to Body,1,0,193,1226,1226
0pjhHysYlsRYgSVu7oA8TS,6Tm0hIf7nSjDziOzpGFzKl,Bars and Melody,Live Your Life,1,0,108,1223,1223
2YlxHMk3MHP3Kk3pVXLqjr,4MXUO7sVCaFgFjoTI5ox5c,Sufjan Stevens,Joy To The World,1,0,178,1223,1223
4R2u9nFjSycaZsEYAe5Kc0,25uiPmTg16RbhZWAqwLBy5,Charli xcx,3AM (Pull Up),1,0,183,1222,1222
6U7bI6l84byBbsOAoEmTLL,1lYT0A0LV5DUfxr6doRP3d,The Stone Roses,All For One,1,0,87,1218,1218
56NkIxSZZiMpFP5ZNSxtnT,0epOFNiUfyON9EYx7Tpr6V,The Strokes,Someday,1,0,88,1215,1215
6CFPFnS9EcLs2I0nWqtWci,21E3waRsmPlU7jZsS13rcj,Ne-Yo,Because Of You,1,0,191,1213,1213
0nuczSlg6GaaPnW9yRkOwg,1EowJ1WwkMzkCkRomFhui7,RADWIMPS,One man live,1,0,161,1210,1210
2CPnSfkS5EhJzKvAQgIyaz,1gR0gsQYfi6joyO1dlp76N,Justice,Fire,1,0,117,1208,1208
4nGa5pYY1zhWB0hEvly9gg,23fqKkggKUBHNkbKtXEls4,Kygo,It Ain't Me,1,0,191,1205,1205
3OfiRybgoMcTtEFKuvyx0r,26AHtbjWKiwYzsoGoUZq53,Pentatonix,I'll Be Home For Christmas,1,0,181,1204,1204
3RniqZTQjXgHtx2O2ZxA28,7n2wHs1TKAczGzO7Dd2rGr,Shawn Mendes,No Promises,1,0,195,1203,1203
3E0fq2gqsNbQo5paAuEcmc,3rTRHzFfbTk5GL3LpYZGHR,Maria Mena,Home for Christmas,1,0,183,1199,1199
3uMB82o0qa7erhiZBW9KQC,2SrSdSvpminqmStGELCSNd,Stormzy,Big For Your Boots,1,0,188,1198,1198
3DzYn4QDEQcyLMD1DQTbYw,3BmGtnKgCSGYIUhmivXKWX,Kelly Clarkson,My Favorite Things,1,0,184,1196,1196
4P6tyL5Uom1pIcFtTwO898,4YXycRbyyAE0wozTk7QMEq,Matoma,Girl At Coachella,1,0,187,1195,1195
0f34MnV51uwA1jhPQ2XnDe,0bAsR2unSRpn6BQPEnNlZm,Aimer,Brave Shine,1,0,129,1193,1193
2RPNwpCcxVBhwhNUrJIiyG,3jc496ljiyrS3ECrD7QiqL,Gipsy Kings,A Mi Manera (Comme D'Habitude),1,0,89,1192,1192
44F6NrdmcDszIDStyAof1t,0bp9CvkjQYhUJvWRHjFRWI,WEDNESDAY CAMPANELLA,アマノウズメ,1,0,161,1190,1190
4BhbfycCOolFAy811R7yni,6IHR6k7mwbc2nLGeAr9UNQ,モアナ(屋比久知奈),どこまでも 〜How Far I'll Go〜,1,0,200,1190,1190
2GQYk8J7xtv2tHVsMk7AY0,7I045Ct8xfI1QlSYq4XuBh,FRIENDS,塩と砂糖,1,0,200,1188,1188
0SuG9kyzGRpDqrCWtgD6Lq,6eUKZXaKkcviH0Ku9w2n3V,Ed Sheeran,Give Me Love,1,0,196,1186,1186
1Wuxhm0pM3qvBEkTFiQdcP,2TatKKNpSC0r3IQxZAbii7,STEADY&CO.,春夏秋冬,1,0,189,1184,1184
1Dui9uDUMyJySn2xBPq7I0,47z7ZrgFoBvVpCnElCE3Zh,Yellow Claw,Good Day,1,0,194,1179,1179
38dUh5uFTQ8vySkZRfmb5N,6T4K8YuFc0JPDrYgABbxao,amazarashi,命にふさわしい,1,0,169,1179,1179
2TE4xW3ImvpltVU0cPcKUn,0wi4yTYlGtEnbGo4ltZTib,Shakin' Stevens,Merry Christmas Everyone,1,0,161,1176,1176
7jqFFcpgo4tVqHkGwqItt1,5b3ZFm6P1lpZIASMDnBDs9,Kan Sano,Reasons,1,0,115,1174,1174
0gTYeaXKrmmwgCVSLlWy0u,0Oazwl71qoHvXnbSxv0wOT,BURNOUT SYNDROMES,ヒカリアレ,1,0,131,1171,1171
3yhmkz3HrIXgG7SYQpiK3n,6bCInSZj1C1H8Mz7m4LqYA,andymori,Aishite Yamanai Ongaku Wo,1,0,93,1167,1167
5lG6ofzqQCWt7gMVFuh1lG,0TytASn0kOZkCpjYTrXsBt,Vaults,One Day I’ll Fly Away,1,0,186,1167,1167
0eTeB9EL0ly8uMFsrgOV1K,0MK8l3nURwwQIjafvXoJJt,ASIAN KUNG-FU GENERATION,Soranin,1,0,196,1164,1164
1G1Q9FF7HuE8lyqfxczugz,046RRGSoYRQ7qIKliJJSNS,Shoko Nakagawa,Sorairo Days,1,0,132,1162,1162
7BwQT8dEntx1dr7l2yhoDy,7MMmb0i2DjUg6Umom4nrh4,TAAR,Come Together feat. iri,1,0,199,1161,1161
4kbj5MwxO1bq9wjT5g9HaA,6DIS6PRrLS3wbnZsf7vYic,WALK THE MOON,Shut Up and Dance,1,0,197,1160,1160
7rB6Pin2ezZlJwbXqJltJW,0MK8l3nURwwQIjafvXoJJt,ASIAN KUNG-FU GENERATION,Re:Re: (2016),1,0,130,1155,1155
0jzoixvhJOdaoDtOvgPPNL,1nDqTUspmq8IXhcEZT93iq,Lee Ritenour,Latin Lovers,1,0,95,1154,1154
1i96u14qTTO9zI33brBWgv,2N19kPGlqKY8GiyE4DkAtp,Little Glee Monster,Magic Snow,1,0,140,1154,1154
2XiSB3m4WSkxD3xIUrYHfV,4gzpq5DPGxSnKTe4SA8HAU,Coldplay,Adventure Of A Lifetime - Live From Spotify London,1,0,108,1153,1153
6IAZHEBUIGJ6NJKxxOBIEr,4dpARuHxo51G3z768sgnrY,Adele,Rolling in the Deep,1,0,172,1152,1152
3NNkJwiHucP5QyUEAIMXra,4WlSvDKaq1PA2Nr7cCIPxX,Stephen Stills,Love the One You're With,1,0,96,1151,1151
0XXnAhYqQuhrj4AOkft3Q5,3e7awlrlDSwF3iM0WBjGMp,Little Mix,Shout Out to My Ex - Recorded at Spotify Studios NYC,1,0,198,1148,1148
1TxC1RIAkiZA0Z8OfhJAOu,3x621ItlHMtX7mrJ8QnEjM,HY,DEBUと言われて,1,0,184,1146,1146
6OjduWenRVYBRPG0RjgPFQ,4STHEaNw4mPZ2tzheohgXB,Paul McCartney,Hi Hi Hi - 2013 Remaster,1,0,97,1145,1145
6ebMKke4l4fADgDAPy3DuA,2hHLAWUioiEtCIay1ZndwS,Denpa Girl,笑えるように,1,0,87,1144,1144
7Dd0Y9S7vApuJKBJpJRZ1Z,2mGYHril2LuZodRtTX06BC,Kumi Koda,Cupcake,1,0,197,1144,1144
45yEy5WJywhJ3sDI28ajTm,3WrFJ7ztbogyGnTHbHJFl2,The Beatles,Here Comes The Sun - Remastered,1,0,200,1140,1140
2OLV7QCVRqnQy62hWb1eUf,1AyWsgtaIgXbzjJlTx2ZDp,AAA,Dangerous Gamble,1,0,178,1134,1134
7dQGDSVjt1vS6BsDURjYhS,0du5cEVh5yTK9QJze8zA0C,Bruno Mars,Treasure - Cash Cash Radio Mix,1,0,144,1133,1133
6OsS4AJQJwc0xejHuneWlo,0WfaItAbs4vlgIA1cuqGtJ,Daniela Andrade,The Perfect Christmas,1,0,193,1131,1131
1B5fbRxnB26duk77yCBWvS,2FwDTncULUnmANIh7qKa5z,FKJ,Go Back Home,1,0,187,1130,1130
4y3KfP1FoIPqkUOuZhhvdS,26AHtbjWKiwYzsoGoUZq53,Pentatonix,White Christmas,1,0,195,1130,1130
1D6nV9TPfMnWm7UdVsDVfI,19ra5tSw0tWufvUp8GotLo,George Michael,Freedom! '90,1,0,109,1129,1129
0ToVWEmfWEb0vxGCucbMKb,7hbH1qupmU6HxVBjWJItlq,Dave Barnes,Holiday Made For Two,1,0,196,1127,1127
0OjkA5i8dYxbHWn6DSTdHT,3E5NLQpQbd0eJ18XO9zC0h,Seiko Matsuda,薔薇のように咲いて 桜のように散って,1,0,87,1125,1125
5ZEM9j0jrFr5RdHEbl2MYV,7DMveApC7UnC2NPfPvlHSU,Cheat Codes,Sex,1,0,119,1124,1124
7upOqYZUQvA0nyVroaHeSg,43ZHCT0cAZBISjO8DG9PnE,Elvis Presley,Blue Christmas,1,0,197,1124,1124
4C6ZVpyAYzp5kbrlAdsYdY,4Kbxm7oCQujaslLxf9q7k2,SKY-HI,Stray Cat,1,0,132,1121,1121
4a0TeZNKWwoLu4C7H6n95D,5nCi3BB41mBaMH9gfr6Su0,fun.,Sleigh Ride,1,0,198,1120,1120
4S9GAxdBUYMr8gLy2AUtbr,2RdwBSPQiwcmiDo9kixcl8,Pharrell Williams,Runnin',1,0,96,1118,1118
5CFrG2vo8tlrZOZrEMKuI2,4Wet9Sqa5LrEjBeV4k6edh,AK-69,Forever Young,1,0,145,1115,1115
2vRVaQzjU7InRmsFBbflFO,7k73EtZwoPs516ZxE72KsO,ONE OK ROCK,Konzatu Communication,1,0,164,1113,1113
3cnf8MOpbykWDgGiuzofQC,2iE18Oxc8YSumAU232n4rW,The Jackson 5,Up On The House Top,1,0,200,1112,1112
6dqa2J00i7PtgUwKTa7rRP,1VEzN9lxvG6KPR3QQGsebR,Sonny Rollins,Newk's Fadeaway,1,0,194,1112,1112
203xmWRHAyqwW6AkGkhhVM,09hVIj6vWgoCDtT03h8ZCa,A Tribe Called Quest,The Space Program,1,0,125,1111,1111
4r6eNCsrZnQWJzzvFh4nlg,6jJ0s89eD6GaHleKKya26X,Katy Perry,Firework,1,0,189,1108,1108
378iszndTZAR4dH8kwsLC6,5WUlDfRSoLAfcVSX1WnrxN,Sia,Cheap Thrills,1,0,90,1106,1106
6fO0Qt6tC29iDiO2wQYzMn,37GBT1Lhfc2sgq4jZIt6n2,PIKOTARO,カナブンブーンデモエビインビン,1,0,130,1106,1106
2Cth0v1xri32oZ799rL3rl,5LHRHt1k9lMyONurDHEdrp,Tyga,Feel Me,1,0,190,1105,1105
6w5jrKLXXfKpdKDcsqJg52,2N19kPGlqKY8GiyE4DkAtp,Little Glee Monster,Hop Step Jump!,1,0,116,1102,1102
4aBpenKLX0lDVSFRPthQ3v,5GMWMP2vINSe4wq4mS5xle,Nerd Magnet,YOU & I,1,0,104,1101,1101
0PyCEbEnaoodIqPCLsFxG2,3R3WEsfL1WC1zLiz3XG9K5,miwa,chAngE,1,0,141,1100,1100
6FDOvXLoo7BryHZyqnZ9fD,3bWD87dw5iBrQPXFThIRDf,Dramatic Alaska,TEPPEN,1,0,123,1100,1100
0I2dk5QD1zMVXQi5BWQFMK,4lujUKeO6nQAJXpq37Epn7,Son Little,Lay Down,1,0,101,1099,1099
54X78diSLoUDI3joC2bjMz,5a2EaR3hamoenG9rDuVn8j,Prince,Purple Rain,1,0,181,1098,1098
7a2tAcMu9HHRVLBPDSgci3,2jw70GZXlAI8QzWeY2bgRc,Nelly Furtado,Cold Hard Truth,1,0,196,1095,1095
3PiytzyuSZxaL9Q3ByG4ps,0TImkz4nPqjegtVSMZnMRq,TLC,Haters,1,0,142,1094,1094
4mhcNoThsVSE1Mpnb7Wnj6,5y2Xq6xcjJb2jVM54GHK3t,John Legend,God Only Knows,1,0,182,1092,1092
19ibYZL8B8wmp4gwH9vMQy,5Pwc4xIPtQLFEnJriah9YJ,OneRepublic,Future Looks Good,1,0,93,1091,1091
2qPUnoasNe4Ep43emVXEig,7o9Nl7K1Al6NNAHX6jn6iG,Travie McCoy,Billionaire,1,0,150,1088,1088
6tASfEUyB7lE2r6DLzURji,5lpH0xAS4fVfLkACg9DAuM,Wham!,Club Tropicana,1,0,120,1086,1086
7jgxuKIg7gaM2mnywjHN1m,4FyAgiZa3q0eeljDvcOXFh,Ketsumeishi,君と出逢って,1,0,185,1086,1086
3RSIUYQxsC6lAE76ctBVku,7vnmderMtsr4NY2OAr7bPZ,The Mouseketeers,Mickey Mouse March,1,0,146,1082,1082
4lVIjnlyyl3f7qqRtvzbM0,2ye2Wgw4gimLv2eAKyk1NB,Metallica,"Atlas, Rise!",1,0,114,1082,1082
0yEvNN8UgzPozE2y90Bumz,6TNooB9HDJ9Xs1GFPl2Fiv,SHE'S,Freedom,1,0,145,1080,1080
0L0T4tMAaGqLgIVj1MOj9t,19ra5tSw0tWufvUp8GotLo,George Michael,Father Figure - Remastered,1,0,121,1079,1079
1v3DeYmPl0iRhEDdZ1aUTF,6cEuCEZu7PAE9ZSzLLc2oQ,R3HAB,Icarus,1,0,81,1079,1079
1i1rNVtxbE7rdFfpHuNq2j,4ScCswdRlyA23odg9thgIO,Jess Glynne,Hold My Hand,1,0,153,1077,1077
2prLN9YwAR3rlpFoww0W1M,7dZHl3ZmH21XpCwvcMlnml,Every Little Thing,冬がはじまるよ,1,0,154,1075,1075
48QmG1dfvMuYLxMPt7KSRA,3Isy6kedDrgPYoTS1dazA9,Sean Paul,No Lie,1,0,155,1075,1075
48GBbQiTSlXX5i0cn3iIiJ,2KsP6tYLJlTBvSUxnwlVWa,Mike Posner,In The Arms Of A Stranger - Grey Remix,1,0,195,1074,1074
6DaE3A1uIvDqVrVSNvUy6B,7bXgB6jMjp9ATFy66eO08Z,Chris Brown,Grass Ain't Greener,1,0,194,1074,1074
7hphplKsIx1jCWh9ZwqhGP,0YXtUIbs5wr5Xed0ft9jWI,"She, in the haze",Claudia,1,0,147,1074,1074
0P2KvwGr7nAjvVfnDe7zce,7DMveApC7UnC2NPfPvlHSU,Cheat Codes,Queen Elizabeth,1,0,147,1071,1071
2ZXGqY9pAr5grp4rv7ZNgg,19oTSjL9FYG6cemjnNwiuF,negoto,ETERNALBEAT,1,0,174,1071,1071
3eze1OsZ1rqeXkKStNfTmi,1anyVhU62p31KFi8MEzkbf,Chance the Rapper,Juke Jam,1,0,191,1070,1070
4ATrjNUnSvzskzN3HF8cPR,0blbVefuxOGltDBa00dspv,LiSA,Rising Hope,1,0,148,1070,1070
4kAAko5kg70EjAWGF2ViWW,7BzEKSgHp2yrNC6w5NkFhQ,Goose house,Hikarunara,1,0,149,1070,1070
5Eu9eazjlBahna5D7qzgbq,4EVB59BHDxGTTLzifWUPZZ,Via tov,a part of nights,1,0,123,1068,1068
59AdayMo19nxmRbgaazMl7,1AyWsgtaIgXbzjJlTx2ZDp,AAA,ココア,1,0,198,1066,1066
1E8JIXcn8MWHY8fFrMwaHC,4Kbxm7oCQujaslLxf9q7k2,SKY-HI,ナナイロホリデー,1,0,91,1065,1065
2lWJdIb0rFkrAnEFG6IlWz,0XNa1vTidXlvJ2gHSsRi4A,Franz Ferdinand,"Demagogue (30 Days, 30 Songs)",1,0,98,1064,1064
706e7n479uUY8Q46jGAnaA,4upiYMjsFfLRieGo8RVRzD,ORANGE RANGE,*Asterisk,1,0,152,1064,1064
7dpVgrdC2trdefUVOtYRrf,4sTQVOfp9vEMCemLw50sbu,Galantis,Pillow Fight,1,0,150,1064,1064
1PC9v4dwsZrWT4n5Mzry9q,22bE4uQ6baNwSHPVcDxLCe,The Rolling Stones,Hate To See You Go,1,0,124,1061,1061
42bD3oEkYPn66cVdXtwPPP,1AU9Y5Y2Taxe4yh7AI6JRD,Thelma Aoyama,My Only Lover,1,0,188,1060,1060
0yrQ3hgdL7lgyEZKhbAB7H,6zGmypGQUBXD4ZC9EbfMme,EXILE,Joy-ride ~KANKINODRIVE~,1,0,92,1057,1057
4FFXjiImfhvVHOVR1gEk15,1Hsdzj7Dlq2I7tHP7501T4,Niall Horan,This Town - Tiёsto Remix,1,0,155,1056,1056
4KykoaJQ5UxjCpp3lYkvTE,0du5cEVh5yTK9QJze8zA0C,Bruno Mars,Liquor Store Blues,1,0,159,1053,1053
0ZjewM7ZIZ5dlOYoAYnYDF,6m14xgA0m3w92UM7ujJgky,UVERworld,一滴の影響 (short ver.),1,0,177,1052,1052
1ct6OPNfDZC0xIKehTJZM5,540vIaP2JwjQb9dm3aArA4,DJ Snake,Let Me Love You - Don Diablo Remix,1,0,136,1050,1050
4llWIRjnmobKHDA71TQGKm,6xdRb2GypJ7DqnWAI2mHGn,MUNA,Promise,1,0,190,1048,1048
757YtHElw1ys82Y55ecmMq,46yZjVAVfu5XOYzOpBlfHW,UQiYO,Snow White,1,0,124,1048,1048
01JszWYuKqRjddPQ4creVF,2ye2Wgw4gimLv2eAKyk1NB,Metallica,Hardwired,1,0,122,1047,1047
1rVWXvIahdlTONxQEuFuxN,41xWPhTGTkBVZwftEX2Xft,KanoeRana,トーキョー,1,0,151,1047,1047
0FCqBWNlldEL3BwpcUmpMJ,0Ty63ceoRnnJKVEYP0VQpk,Sting,The Empty Chair,1,0,131,1046,1046
4s1zo9UgMnbe8ZopkhpnT8,22bE4uQ6baNwSHPVcDxLCe,The Rolling Stones,Ride 'Em On Down,1,0,128,1042,1042
2LlQb7Uoj1kKyGhlkBf9aC,3fMbdgg4jU18AjLCKBhRSm,Michael Jackson,Thriller,1,0,104,1041,1041
44jlAR4JltMotTZJE24KaE,4Kxlr1PRlDKEB0ekOCyHgX,BIGBANG,Fantastic Baby,1,0,137,1037,1037
50PWlIBU7PlGGwzgN8TiFJ,1HY2Jd0NmPuamShAr6KMms,Lady Gaga,Million Reasons,1,0,194,1035,1035
5PqhUqHCi41BjzIYgSpWYZ,565MNSmGE9e2VFhVJJStGp,ClariS×GARNiDELiA,clever,1,0,158,1035,1035
3A2waEDfZQfl6RNOn8Y1xW,6cEuCEZu7PAE9ZSzLLc2oQ,R3HAB,Trouble,1,0,183,1034,1034
5sHde7fFQ5TthEulnBllhi,73sIBHcqh3Z3NyqHKZ7FOL,Childish Gambino,California,1,0,147,1034,1034
0CK2H65TGSCmJPDlZj7MQ0,1PSuZ74d4aJt9LR4fIoBNo,yahyel,Midnight Run,1,0,169,1032,1032
3G164Galh8xGVI684iaaeT,0CQuAKiUYqH0OK020E3miJ,domico,my baby,1,0,147,1030,1030
6XRzHKH1ko23QeHI06e5fL,630wzNP2OL7fl4Xl0GnMWq,BABYMETAL,KARATE - Live at Wembley,1,0,123,1029,1029
0raCeGWafugoSGJAA33FAa,60d24wfXkVzDSfLS6hyCjZ,Martin Garrix,Hold On & Believe,1,0,102,1024,1024
6spPejIH8F8uIidM2BPHCg,6yu2QHmvIOtgJECOFdTQ3W,anderlust,Scrap & Build,1,0,128,1024,1024
3Ioko3026jLmECCygPR0ZZ,4Kbxm7oCQujaslLxf9q7k2,SKY-HI,Dungeon Survivors,1,0,157,1021,1021
7qZGKkuPLwm9cHeWfIeihO,6m14xgA0m3w92UM7ujJgky,UVERworld,エミュー,1,0,188,1018,1018
2pYvd6cHcAIMAM6xMD6nok,0cmWgDlu9CwTgxPhf403hb,Bonobo,Break Apart,1,0,146,1016,1016
1vxw6aYJls2oq3gW0DujAo,5SbkVQYYzlw1kte75QIabH,Gnarls Barkley,Crazy,1,0,113,1014,1014
05lULsGUaV6Z1X2zlNPr1D,0O0hxUrO2PKxZknken3R24,Suchmos,Alright,1,0,172,1013,1013
2bvJM2iIdMlWEG9lk8dxxw,6dC0rIJNLSFZwqckLgXJ8p,Timeflies,Something Wrong,1,0,103,1007,1007
1gQb1B2dgZWCBzhCMRALLg,3OQcKLF8yVlfDAG0uz0xLy,Happiness,Ordinary Girls,1,0,99,1004,1004
1tS0rnvprklPJ7705j2wB9,6T5tfhQCknKG4UnH90qGnz,DNCE,Body Moves,1,0,87,1003,1003
7mzP2prpwvlJVVFE0OC91T,7k73EtZwoPs516ZxE72KsO,ONE OK ROCK,NO SCARED,1,0,144,1003,1003
