artist,artist_normalized,year,weeks_on_chart,total_streams,best_rank,avg_rank,top10_weeks,top1_weeks,has_spotify_data,past_appearances,prev_year_appeared,consecutive_years,appeared
10-FEET,10-FEET,2016,0.0,0.0,999.0,999.0,0.0,0.0,0,0,0,0,0
10-FEET,10-FEET,2017,0.0,0.0,999.0,999.0,0.0,0.0,0,0,0,0,0
10-FEET,10-FEET,2018,0.0,0.0,999.0,999.0,0.0,0.0,0,0,0,0,0
10-FEET,10-FEET,2019,0.0,0.0,999.0,999.0,0.0,0.0,0,0,0,0,0
10-FEET,10-FEET,2020,0.0,0.0,999.0,999.0,0.0,0.0,0,0,0,0,0
10-FEET,10-FEET,2021,0.0,0.0,999.0,999.0,0.0,0.0,0,0,0,0,0
10-FEET,10-FEET,2022,4.0,4503353.0,8.0,18.75,3.0,0.0,1,0,0,0,0
10-FEET,10-FEET,2023,52.0,53015984.0,5.0,29.73076923076923,14.0,0.0,1,0,0,0,1
10-FEET,10-FEET,2024,50.0,26339740.0,25.0,100.64,0.0,0.0,1,1,1,1,0
8LOOM,8LOOM,2016,0.0,0.0,999.0,999.0,0.0,0.0,0,0,0,0,0
8LOOM,8LOOM,2017,0.0,0.0,999.0,999.0,0.0,0.0,0,0,0,0,0
8LOOM,8LOOM,2018,0.0,0.0,999.0,999.0,0.0,0.0,0,0,0,0,0
8LOOM,8LOOM,2019,0.0,0.0,999.0,999.0,0.0,0.0,0,0,0,0,0
8LOOM,8LOOM,2020,0.0,0.0,999.0,999.0,0.0,0.0,0,0,0,0,0
8LOOM,8LOOM,2021,0.0,0.0,999.0,999.0,0.0,0.0,0,0,0,0,0
8LOOM,8LOOM,2022,7.0,4061716.0,31.0,58.85714285714285,0.0,0.0,1,0,0,0,0
8LOOM,8LOOM,2023,16.0,11300666.0,14.0,65.9375,0.0,0.0,1,0,0,0,0
8LOOM,8LOOM,2024,0.0,0.0,999.0,999.0,0.0,0.0,0,0,0,0,0
=LOVE,=LOVE,2016,0.0,0.0,999.0,999.0,0.0,0.0,0,0,0,0,0
=LOVE,=LOVE,2017,0.0,0.0,999.0,999.0,0.0,0.0,0,0,0,0,0
=LOVE,=LOVE,2018,0.0,0.0,999.0,999.0,0.0,0.0,0,0,0,0,0
=LOVE,=LOVE,2019,0.0,0.0,999.0,999.0,0.0,0.0,0,0,0,0,0
=LOVE,=LOVE,2020,0.0,0.0,999.0,999.0,0.0,0.0,0,0,0,0,0
=LOVE,=LOVE,2021,0.0,0.0,999.0,999.0,0.0,0.0,0,0,0,0,0
=LOVE,=LOVE,2022,0.0,0.0,999.0,999.0,0.0,0.0,0,0,0,0,0
=LOVE,=LOVE,2023,0.0,0.0,999.0,999.0,0.0,0.0,0,0,0,0,0
=LOVE,=LOVE,2024,0.0,0.0,999.0,999.0,0.0,0.0,0,0,0,0,0
AAA,AAA,2016,0.0,0.0,999.0,999.0,0.0,0.0,0,0,0,0,0
AAA,AAA,2017,0.0,0.0,999.0,999.0,0.0,0.0,0,0,0,0,0
AAA,AAA,2018,0.0,0.0,999.0,999.0,0.0,0.0,0,0,0,0,0
AAA,AAA,2019,0.0,0.0,999.0,999.0,0.0,0.0,0,0,0,0,0
AAA,AAA,2020,32.0,4996277.0,61.0,115.90625,0.0,0.0,1,0,0,0,0
AAA,AAA,2021,0.0,0.0,999.0,999.0,0.0,0.0,0,0,0,0,0
AAA,AAA,2022,0.0,0.0,999.0,999.0,0.0,0.0,0,0,0,0,0
AAA,AAA,2023,0.0,0.0,999.0,999.0,0.0,0.0,0,0,0,0,0
AAA,AAA,2024,0.0,0.0,999.0,999.0,0.0,0.0,0,0,0,0,0
AI,AI,2016,0.0,0.0,999.0,999.0,0.0,0.0,0,0,0,0,0
AI,AI,2017,0.0,0.0,999.0,999.0,0.0,0.0,0,0,0,0,0
AI,AI,2018,0.0,0.0,999.0,999.0,0.0,0.0,0,0,0,0,0
AI,AI,2019,0.0,0.0,999.0,999.0,0.0,0.0,0,0,0,0,0
AI,AI,2020,24.0,3359729.0,71.0,130.66666666666666,0.0,0.0,1,0,0,0,0
AI,AI,2021,0.0,0.0,999.0,999.0,0.0,0.0,0,0,0,0,1
AI,AI,2022,0.0,0.0,999.0,999.0,0.0,0.0,0,1,1,1,0
AI,AI,2023,0.0,0.0,999.0,999.0,0.0,0.0,0,1,0,0,0
AI,AI,2024,3.0,1103180.0,138.0,170.66666666666666,0.0,0.0,1,1,0,0,0
AKASAKI,AKASAKI,2016,0.0,0.0,999.0,999.0,0.0,0.0,0,0,0,0,0
AKASAKI,AKASAKI,2017,0.0,0.0,999.0,999.0,0.0,0.0,0,0,0,0,0
AKASAKI,AKASAKI,2018,0.0,0.0,999.0,999.0,0.0,0.0,0,0,0,0,0
AKASAKI,AKASAKI,2019,0.0,0.0,999.0,999.0,0.0,0.0,0,0,0,0,0
AKASAKI,AKASAKI,2020,0.0,0.0,999.0,999.0,0.0,0.0,0,0,0,0,0
AKASAKI,AKASAKI,2021,0.0,0.0,999.0,999.0,0.0,0.0,0,0,0,0,0
AKASAKI,AKASAKI,2022,0.0,0.0,999.0,999.0,0.0,0.0,0,0,0,0,0
AKASAKI,AKASAKI,2023,0.0,0.0,999.0,999.0,0.0,0.0,0,0,0,0,0
AKASAKI,AKASAKI,2024,12.0,23675469.0,1.0,6.083333333333333,10.0,1.0,1,0,0,0,0
ARASHI,ARASHI,2016,0.0,0.0,999.0,999.0,0.0,0.0,0,0,0,0,0
ARASHI,ARASHI,2017,0.0,0.0,999.0,999.0,0.0,0.0,0,0,0,0,0
ARASHI,ARASHI,2018,0.0,0.0,999.0,999.0,0.0,0.0,0,0,0,0,0
ARASHI,ARASHI,2019,0.0,0.0,999.0,999.0,0.0,0.0,0,0,0,0,0
ARASHI,ARASHI,2020,106.0,26191694.0,23.0,93.4245283018868,0.0,0.0,1,0,0,0,0
ARASHI,ARASHI,2021,28.0,5392099.0,69.0,153.96428571428572,0.0,0.0,1,0,0,0,0
ARASHI,ARASHI,2022,0.0,0.0,999.0,999.0,0.0,0.0,0,0,0,0,0
ARASHI,ARASHI,2023,0.0,0.0,999.0,999.0,0.0,0.0,0,0,0,0,0
ARASHI,ARASHI,2024,0.0,0.0,999.0,999.0,0.0,0.0,0,0,0,0,0
ATARASHII GAKKO!,ATARASHII GAKKO!,2016,0.0,0.0,999.0,999.0,0.0,0.0,0,0,0,0,0
ATARASHII GAKKO!,ATARASHII GAKKO!,2017,0.0,0.0,999.0,999.0,0.0,0.0,0,0,0,0,0
ATARASHII GAKKO!,ATARASHII GAKKO!,2018,0.0,0.0,999.0,999.0,0.0,0.0,0,0,0,0,0
ATARASHII GAKKO!,ATARASHII GAKKO!,2019,0.0,0.0,999.0,999.0,0.0,0.0,0,0,0,0,0
ATARASHII GAKKO!,ATARASHII GAKKO!,2020,0.0,0.0,999.0,999.0,0.0,0.0,0,0,0,0,0
ATARASHII GAKKO!,ATARASHII GAKKO!,2021,0.0,0.0,999.0,999.0,0.0,0.0,0,0,0,0,0
ATARASHII GAKKO!,ATARASHII GAKKO!,2022,0.0,0.0,999.0,999.0,0.0,0.0,0,0,0,0,0
ATARASHII GAKKO!,ATARASHII GAKKO!,2023,0.0,0.0,999.0,999.0,0.0,0.0,0,0,0,0,1
ATARASHII GAKKO!,ATARASHII GAKKO!,2024,0.0,0.0,999.0,999.0,0.0,0.0,0,1,1,1,0
Ado,Ado,2016,0.0,0.0,999.0,999.0,0.0,0.0,0,0,0,0,0
Ado,Ado,2017,0.0,0.0,999.0,999.0,0.0,0.0,0,0,0,0,0
Ado,Ado,2018,0.0,0.0,999.0,999.0,0.0,0.0,0,0,0,0,0
Ado,Ado,2019,0.0,0.0,999.0,999.0,0.0,0.0,0,0,0,0,0
Ado,Ado,2020,5.0,1463601.0,59.0,96.0,0.0,0.0,1,0,0,0,0
Ado,Ado,2021,143.0,126196754.0,4.0,31.762237762237763,22.0,0.0,1,0,0,0,0
Ado,Ado,2022,305.0,224827465.0,1.0,72.27540983606558,65.0,10.0,1,0,0,0,0
Ado,Ado,2023,230.0,161551252.0,1.0,89.15652173913044,19.0,12.0,1,0,0,0,1
Ado,Ado,2024,127.0,89691077.0,2.0,90.66141732283464,8.0,0.0,1,1,1,1,0
Ai Otsuka,Ai Otsuka,2016,0.0,0.0,999.0,999.0,0.0,0.0,0,0,0,0,0
Ai Otsuka,Ai Otsuka,2017,0.0,0.0,999.0,999.0,0.0,0.0,0,0,0,0,0
Ai Otsuka,Ai Otsuka,2018,0.0,0.0,999.0,999.0,0.0,0.0,0,0,0,0,0
Ai Otsuka,Ai Otsuka,2019,0.0,0.0,999.0,999.0,0.0,0.0,0,0,0,0,0
Ai Otsuka,Ai Otsuka,2020,0.0,0.0,999.0,999.0,0.0,0.0,0,0,0,0,0
Ai Otsuka,Ai Otsuka,2021,0.0,0.0,999.0,999.0,0.0,0.0,0,0,0,0,0
Ai Otsuka,Ai Otsuka,2022,0.0,0.0,999.0,999.0,0.0,0.0,0,0,0,0,0
Ai Otsuka,Ai Otsuka,2023,0.0,0.0,999.0,999.0,0.0,0.0,0,0,0,0,0
Ai Otsuka,Ai Otsuka,2024,0.0,0.0,999.0,999.0,0.0,0.0,0,0,0,0,0
AiNA THE END,AiNA THE END,2016,0.0,0.0,999.0,999.0,0.0,0.0,0,0,0,0,0
AiNA THE END,AiNA THE END,2017,0.0,0.0,999.0,999.0,0.0,0.0,0,0,0,0,0
AiNA THE END,AiNA THE END,2018,0.0,0.0,999.0,999.0,0.0,0.0,0,0,0,0,0
AiNA THE END,AiNA THE END,2019,0.0,0.0,999.0,999.0,0.0,0.0,0,0,0,0,0
AiNA THE END,AiNA THE END,2020,0.0,0.0,999.0,999.0,0.0,0.0,0,0,0,0,0
AiNA THE END,AiNA THE END,2021,0.0,0.0,999.0,999.0,0.0,0.0,0,0,0,0,0
AiNA THE END,AiNA THE END,2022,0.0,0.0,999.0,999.0,0.0,0.0,0,0,0,0,0
AiNA THE END,AiNA THE END,2023,0.0,0.0,999.0,999.0,0.0,0.0,0,0,0,0,0
AiNA THE END,AiNA THE END,2024,0.0,0.0,999.0,999.0,0.0,0.0,0,0,0,0,0
Aimer,Aimer,2016,0.0,0.0,999.0,999.0,0.0,0.0,0,0,0,0,0
Aimer,Aimer,2017,0.0,0.0,999.0,999.0,0.0,0.0,0,0,0,0,0
Aimer,Aimer,2018,0.0,0.0,999.0,999.0,0.0,0.0,0,0,0,0,0
Aimer,Aimer,2019,0.0,0.0,999.0,999.0,0.0,0.0,0,0,0,0,0
Aimer,Aimer,2020,31.0,4604444.0,77.0,120.25806451612904,0.0,0.0,1,0,0,0,0
Aimer,Aimer,2021,6.0,5495432.0,3.0,71.83333333333333,3.0,0.0,1,0,0,0,0
Aimer,Aimer,2022,98.0,62188366.0,1.0,85.5,17.0,4.0,1,0,0,0,1
Aimer,Aimer,2023,66.0,33107934.0,39.0,111.07575757575758,0.0,0.0,1,1,1,1,0
Aimer,Aimer,2024,7.0,2195390.0,152.0,179.57142857142858,0.0,0.0,1,1,0,0,0
Aimyon,Aimyon,2016,0.0,0.0,999.0,999.0,0.0,0.0,0,0,0,0,0
Aimyon,Aimyon,2017,0.0,0.0,999.0,999.0,0.0,0.0,0,0,0,0,0
Aimyon,Aimyon,2018,0.0,0.0,999.0,999.0,0.0,0.0,0,0,0,0,0
Aimyon,Aimyon,2019,0.0,0.0,999.0,999.0,0.0,0.0,0,0,0,0,0
Aimyon,Aimyon,2020,370.0,171462109.0,3.0,55.08918918918919,37.0,0.0,1,0,0,0,1
Aimyon,Aimyon,2021,315.0,145433464.0,7.0,86.95873015873016,4.0,0.0,1,1,1,1,1
Aimyon,Aimyon,2022,328.0,108210366.0,11.0,120.26829268292684,0.0,0.0,1,2,1,2,1
Aimyon,Aimyon,2023,315.0,131516165.0,11.0,118.65714285714286,0.0,0.0,1,3,1,3,1
Aimyon,Aimyon,2024,312.0,139248458.0,20.0,126.97435897435898,0.0,0.0,1,4,1,4,1
Anne-Marie,Anne-Marie,2016,0.0,0.0,999.0,999.0,0.0,0.0,0,0,0,0,0
Anne-Marie,Anne-Marie,2017,0.0,0.0,999.0,999.0,0.0,0.0,0,0,0,0,0
Anne-Marie,Anne-Marie,2018,0.0,0.0,999.0,999.0,0.0,0.0,0,0,0,0,0
Anne-Marie,Anne-Marie,2019,0.0,0.0,999.0,999.0,0.0,0.0,0,0,0,0,0
Anne-Marie,Anne-Marie,2020,42.0,5965183.0,104.0,149.33333333333334,0.0,0.0,1,0,0,0,0
Anne-Marie,Anne-Marie,2021,14.0,2381719.0,179.0,188.92857142857144,0.0,0.0,1,0,0,0,0
Anne-Marie,Anne-Marie,2022,14.0,3012760.0,152.0,175.78571428571428,0.0,0.0,1,0,0,0,0
Anne-Marie,Anne-Marie,2023,0.0,0.0,999.0,999.0,0.0,0.0,0,0,0,0,0
Anne-Marie,Anne-Marie,2024,0.0,0.0,999.0,999.0,0.0,0.0,0,0,0,0,0
Ariana Grande,Ariana Grande,2016,0.0,0.0,999.0,999.0,0.0,0.0,0,0,0,0,0
Ariana Grande,Ariana Grande,2017,0.0,0.0,999.0,999.0,0.0,0.0,0,0,0,0,0
Ariana Grande,Ariana Grande,2018,0.0,0.0,999.0,999.0,0.0,0.0,0,0,0,0,0
Ariana Grande,Ariana Grande,2019,0.0,0.0,999.0,999.0,0.0,0.0,0,0,0,0,0
Ariana Grande,Ariana Grande,2020,5.0,1676720.0,54.0,78.8,0.0,0.0,1,0,0,0,0
Ariana Grande,Ariana Grande,2021,4.0,1307844.0,68.0,94.5,0.0,0.0,1,0,0,0,0
Ariana Grande,Ariana Grande,2022,4.0,1829279.0,52.0,77.75,0.0,0.0,1,0,0,0,0
Ariana Grande,Ariana Grande,2023,5.0,3372176.0,22.0,72.6,0.0,0.0,1,0,0,0,0
Ariana Grande,Ariana Grande,2024,5.0,3894473.0,17.0,58.4,0.0,0.0,1,0,0,0,0
Awesome City Club,Awesome City Club,2016,0.0,0.0,999.0,999.0,0.0,0.0,0,0,0,0,0
Awesome City Club,Awesome City Club,2017,0.0,0.0,999.0,999.0,0.0,0.0,0,0,0,0,0
Awesome City Club,Awesome City Club,2018,0.0,0.0,999.0,999.0,0.0,0.0,0,0,0,0,0
Awesome City Club,Awesome City Club,2019,0.0,0.0,999.0,999.0,0.0,0.0,0,0,0,0,0
Awesome City Club,Awesome City Club,2020,0.0,0.0,999.0,999.0,0.0,0.0,0,0,0,0,0
Awesome City Club,Awesome City Club,2021,48.0,62169991.0,4.0,11.625,21.0,0.0,1,0,0,0,1
Awesome City Club,Awesome City Club,2022,52.0,38662461.0,8.0,51.94230769230769,4.0,0.0,1,1,1,1,0
Awesome City Club,Awesome City Club,2023,7.0,1929970.0,143.0,169.42857142857142,0.0,0.0,1,1,0,0,0
Awesome City Club,Awesome City Club,2024,1.0,311886.0,185.0,185.0,0.0,0.0,1,1,0,0,0
Ayase,Ayase,2016,0.0,0.0,999.0,999.0,0.0,0.0,0,0,0,0,0
Ayase,Ayase,2017,0.0,0.0,999.0,999.0,0.0,0.0,0,0,0,0,0
Ayase,Ayase,2018,0.0,0.0,999.0,999.0,0.0,0.0,0,0,0,0,0
Ayase,Ayase,2019,0.0,0.0,999.0,999.0,0.0,0.0,0,0,0,0,0
Ayase,Ayase,2020,0.0,0.0,999.0,999.0,0.0,0.0,0,0,0,0,0
Ayase,Ayase,2021,16.0,8006303.0,51.0,55.125,0.0,0.0,1,0,0,0,0
Ayase,Ayase,2022,42.0,12504859.0,66.0,105.38095238095238,0.0,0.0,1,0,0,0,0
Ayase,Ayase,2023,0.0,0.0,999.0,999.0,0.0,0.0,0,0,0,0,0
Ayase,Ayase,2024,0.0,0.0,999.0,999.0,0.0,0.0,0,0,0,0,0
BABYMETAL,BABYMETAL,2016,0.0,0.0,999.0,999.0,0.0,0.0,0,0,0,0,0
BABYMETAL,BABYMETAL,2017,0.0,0.0,999.0,999.0,0.0,0.0,0,0,0,0,0
BABYMETAL,BABYMETAL,2018,0.0,0.0,999.0,999.0,0.0,0.0,0,0,0,0,0
BABYMETAL,BABYMETAL,2019,0.0,0.0,999.0,999.0,0.0,0.0,0,0,0,0,0
BABYMETAL,BABYMETAL,2020,0.0,0.0,999.0,999.0,0.0,0.0,0,0,0,0,1
BABYMETAL,BABYMETAL,2021,0.0,0.0,999.0,999.0,0.0,0.0,0,1,1,1,0
BABYMETAL,BABYMETAL,2022,0.0,0.0,999.0,999.0,0.0,0.0,0,1,0,0,0
BABYMETAL,BABYMETAL,2023,0.0,0.0,999.0,999.0,0.0,0.0,0,1,0,0,0
BABYMETAL,BABYMETAL,2024,0.0,0.0,999.0,999.0,0.0,0.0,0,1,0,0,0
BABYMONSTER,BABYMONSTER,2016,0.0,0.0,999.0,999.0,0.0,0.0,0,0,0,0,0
BABYMONSTER,BABYMONSTER,2017,0.0,0.0,999.0,999.0,0.0,0.0,0,0,0,0,0
BABYMONSTER,BABYMONSTER,2018,0.0,0.0,999.0,999.0,0.0,0.0,0,0,0,0,0
BABYMONSTER,BABYMONSTER,2019,0.0,0.0,999.0,999.0,0.0,0.0,0,0,0,0,0
BABYMONSTER,BABYMONSTER,2020,0.0,0.0,999.0,999.0,0.0,0.0,0,0,0,0,0
BABYMONSTER,BABYMONSTER,2021,0.0,0.0,999.0,999.0,0.0,0.0,0,0,0,0,0
BABYMONSTER,BABYMONSTER,2022,0.0,0.0,999.0,999.0,0.0,0.0,0,0,0,0,0
BABYMONSTER,BABYMONSTER,2023,0.0,0.0,999.0,999.0,0.0,0.0,0,0,0,0,0
BABYMONSTER,BABYMONSTER,2024,30.0,19589275.0,35.0,83.5,0.0,0.0,1,0,0,0,0
BE:FIRST,BE:FIRST,2016,0.0,0.0,999.0,999.0,0.0,0.0,0,0,0,0,0
BE:FIRST,BE:FIRST,2017,0.0,0.0,999.0,999.0,0.0,0.0,0,0,0,0,0
BE:FIRST,BE:FIRST,2018,0.0,0.0,999.0,999.0,0.0,0.0,0,0,0,0,0
BE:FIRST,BE:FIRST,2019,0.0,0.0,999.0,999.0,0.0,0.0,0,0,0,0,0
BE:FIRST,BE:FIRST,2020,0.0,0.0,999.0,999.0,0.0,0.0,0,0,0,0,0
BE:FIRST,BE:FIRST,2021,0.0,0.0,999.0,999.0,0.0,0.0,0,0,0,0,0
BE:FIRST,BE:FIRST,2022,43.0,24315718.0,8.0,67.88372093023256,2.0,0.0,1,0,0,0,1
BE:FIRST,BE:FIRST,2023,85.0,42068960.0,11.0,100.0470588235294,0.0,0.0,1,1,1,1,1
BE:FIRST,BE:FIRST,2024,39.0,15250680.0,66.0,136.94871794871796,0.0,0.0,1,2,1,2,1
BLACKPINK,BLACKPINK,2016,0.0,0.0,999.0,999.0,0.0,0.0,0,0,0,0,0
BLACKPINK,BLACKPINK,2017,0.0,0.0,999.0,999.0,0.0,0.0,0,0,0,0,0
BLACKPINK,BLACKPINK,2018,0.0,0.0,999.0,999.0,0.0,0.0,0,0,0,0,0
BLACKPINK,BLACKPINK,2019,0.0,0.0,999.0,999.0,0.0,0.0,0,0,0,0,0
BLACKPINK,BLACKPINK,2020,27.0,12801050.0,10.0,54.5925925925926,1.0,0.0,1,0,0,0,0
BLACKPINK,BLACKPINK,2021,31.0,6115094.0,95.0,150.48387096774192,0.0,0.0,1,0,0,0,0
BLACKPINK,BLACKPINK,2022,0.0,0.0,999.0,999.0,0.0,0.0,0,0,0,0,0
BLACKPINK,BLACKPINK,2023,0.0,0.0,999.0,999.0,0.0,0.0,0,0,0,0,0
BLACKPINK,BLACKPINK,2024,0.0,0.0,999.0,999.0,0.0,0.0,0,0,0,0,0
BLOOM VASE,BLOOM VASE,2016,0.0,0.0,999.0,999.0,0.0,0.0,0,0,0,0,0
BLOOM VASE,BLOOM VASE,2017,0.0,0.0,999.0,999.0,0.0,0.0,0,0,0,0,0
BLOOM VASE,BLOOM VASE,2018,0.0,0.0,999.0,999.0,0.0,0.0,0,0,0,0,0
BLOOM VASE,BLOOM VASE,2019,0.0,0.0,999.0,999.0,0.0,0.0,0,0,0,0,0
BLOOM VASE,BLOOM VASE,2020,15.0,4879273.0,56.0,72.6,0.0,0.0,1,0,0,0,0
BLOOM VASE,BLOOM VASE,2021,99.0,53055898.0,13.0,67.15151515151516,0.0,0.0,1,0,0,0,0
BLOOM VASE,BLOOM VASE,2022,34.0,13035849.0,48.0,106.08823529411764,0.0,0.0,1,0,0,0,0
BLOOM VASE,BLOOM VASE,2023,0.0,0.0,999.0,999.0,0.0,0.0,0,0,0,0,0
BLOOM VASE,BLOOM VASE,2024,0.0,0.0,999.0,999.0,0.0,0.0,0,0,0,0,0
BTS,BTS,2016,0.0,0.0,999.0,999.0,0.0,0.0,0,0,0,0,0
BTS,BTS,2017,0.0,0.0,999.0,999.0,0.0,0.0,0,0,0,0,0
BTS,BTS,2018,0.0,0.0,999.0,999.0,0.0,0.0,0,0,0,0,0
BTS,BTS,2019,0.0,0.0,999.0,999.0,0.0,0.0,0,0,0,0,0
BTS,BTS,2020,240.0,102642106.0,1.0,91.84583333333332,19.0,9.0,1,0,0,0,0
BTS,BTS,2021,536.0,334837140.0,1.0,84.2294776119403,110.0,23.0,1,0,0,0,0
BTS,BTS,2022,321.0,180109384.0,2.0,85.1619937694704,4.0,0.0,1,0,0,0,0
BTS,BTS,2023,110.0,39416143.0,47.0,128.46363636363637,0.0,0.0,1,0,0,0,0
BTS,BTS,2024,41.0,14519210.0,130.0,164.46341463414635,0.0,0.0,1,0,0,0,0
BUMP OF CHICKEN,BUMP OF CHICKEN,2016,0.0,0.0,999.0,999.0,0.0,0.0,0,0,0,0,0
BUMP OF CHICKEN,BUMP OF CHICKEN,2017,0.0,0.0,999.0,999.0,0.0,0.0,0,0,0,0,0
BUMP OF CHICKEN,BUMP OF CHICKEN,2018,0.0,0.0,999.0,999.0,0.0,0.0,0,0,0,0,0
BUMP OF CHICKEN,BUMP OF CHICKEN,2019,0.0,0.0,999.0,999.0,0.0,0.0,0,0,0,0,0
BUMP OF CHICKEN,BUMP OF CHICKEN,2020,50.0,8411703.0,83.0,120.26,0.0,0.0,1,0,0,0,0
BUMP OF CHICKEN,BUMP OF CHICKEN,2021,1.0,164441.0,197.0,197.0,0.0,0.0,1,0,0,0,1
BUMP OF CHICKEN,BUMP OF CHICKEN,2022,43.0,20606324.0,10.0,122.7906976744186,1.0,0.0,1,1,1,1,0
BUMP OF CHICKEN,BUMP OF CHICKEN,2023,25.0,9639112.0,35.0,134.52,0.0,0.0,1,1,0,0,0
BUMP OF CHICKEN,BUMP OF CHICKEN,2024,5.0,1730221.0,158.0,176.4,0.0,0.0,1,1,0,0,0
BiSH,BiSH,2016,0.0,0.0,999.0,999.0,0.0,0.0,0,0,0,0,0
BiSH,BiSH,2017,0.0,0.0,999.0,999.0,0.0,0.0,0,0,0,0,0
BiSH,BiSH,2018,0.0,0.0,999.0,999.0,0.0,0.0,0,0,0,0,0
BiSH,BiSH,2019,0.0,0.0,999.0,999.0,0.0,0.0,0,0,0,0,0
BiSH,BiSH,2020,0.0,0.0,999.0,999.0,0.0,0.0,0,0,0,0,0
BiSH,BiSH,2021,0.0,0.0,999.0,999.0,0.0,0.0,0,0,0,0,1
BiSH,BiSH,2022,0.0,0.0,999.0,999.0,0.0,0.0,0,1,1,1,0
BiSH,BiSH,2023,0.0,0.0,999.0,999.0,0.0,0.0,0,1,0,0,0
BiSH,BiSH,2024,0.0,0.0,999.0,999.0,0.0,0.0,0,1,0,0,0
Billie Eilish,Billie Eilish,2016,0.0,0.0,999.0,999.0,0.0,0.0,0,0,0,0,0
Billie Eilish,Billie Eilish,2017,0.0,0.0,999.0,999.0,0.0,0.0,0,0,0,0,0
Billie Eilish,Billie Eilish,2018,0.0,0.0,999.0,999.0,0.0,0.0,0,0,0,0,0
Billie Eilish,Billie Eilish,2019,0.0,0.0,999.0,999.0,0.0,0.0,0,0,0,0,0
Billie Eilish,Billie Eilish,2020,53.0,18652752.0,9.0,77.05660377358491,2.0,0.0,1,0,0,0,0
Billie Eilish,Billie Eilish,2021,16.0,2982545.0,98.0,156.4375,0.0,0.0,1,0,0,0,0
Billie Eilish,Billie Eilish,2022,0.0,0.0,999.0,999.0,0.0,0.0,0,0,0,0,0
Billie Eilish,Billie Eilish,2023,0.0,0.0,999.0,999.0,0.0,0.0,0,0,0,0,0
Billie Eilish,Billie Eilish,2024,0.0,0.0,999.0,999.0,0.0,0.0,0,0,0,0,0
CANDY TUNE,CANDY TUNE,2016,0.0,0.0,999.0,999.0,0.0,0.0,0,0,0,0,0
CANDY TUNE,CANDY TUNE,2017,0.0,0.0,999.0,999.0,0.0,0.0,0,0,0,0,0
CANDY TUNE,CANDY TUNE,2018,0.0,0.0,999.0,999.0,0.0,0.0,0,0,0,0,0
CANDY TUNE,CANDY TUNE,2019,0.0,0.0,999.0,999.0,0.0,0.0,0,0,0,0,0
CANDY TUNE,CANDY TUNE,2020,0.0,0.0,999.0,999.0,0.0,0.0,0,0,0,0,0
CANDY TUNE,CANDY TUNE,2021,0.0,0.0,999.0,999.0,0.0,0.0,0,0,0,0,0
CANDY TUNE,CANDY TUNE,2022,0.0,0.0,999.0,999.0,0.0,0.0,0,0,0,0,0
CANDY TUNE,CANDY TUNE,2023,0.0,0.0,999.0,999.0,0.0,0.0,0,0,0,0,0
CANDY TUNE,CANDY TUNE,2024,0.0,0.0,999.0,999.0,0.0,0.0,0,0,0,0,0
CHANMINA,CHANMINA,2016,0.0,0.0,999.0,999.0,0.0,0.0,0,0,0,0,0
CHANMINA,CHANMINA,2017,0.0,0.0,999.0,999.0,0.0,0.0,0,0,0,0,0
CHANMINA,CHANMINA,2018,0.0,0.0,999.0,999.0,0.0,0.0,0,0,0,0,0
CHANMINA,CHANMINA,2019,0.0,0.0,999.0,999.0,0.0,0.0,0,0,0,0,0
CHANMINA,CHANMINA,2020,53.0,12071272.0,55.0,80.20754716981132,0.0,0.0,1,0,0,0,0
CHANMINA,CHANMINA,2021,26.0,5152717.0,113.0,153.76923076923077,0.0,0.0,1,0,0,0,0
CHANMINA,CHANMINA,2022,15.0,3453727.0,119.0,155.06666666666666,0.0,0.0,1,0,0,0,0
CHANMINA,CHANMINA,2023,7.0,2243534.0,154.0,168.85714285714286,0.0,0.0,1,0,0,0,0
CHANMINA,CHANMINA,2024,46.0,16353926.0,100.0,165.3913043478261,0.0,0.0,1,0,0,0,0
CUTIE STREET,CUTIE STREET,2016,0.0,0.0,999.0,999.0,0.0,0.0,0,0,0,0,0
CUTIE STREET,CUTIE STREET,2017,0.0,0.0,999.0,999.0,0.0,0.0,0,0,0,0,0
CUTIE STREET,CUTIE STREET,2018,0.0,0.0,999.0,999.0,0.0,0.0,0,0,0,0,0
CUTIE STREET,CUTIE STREET,2019,0.0,0.0,999.0,999.0,0.0,0.0,0,0,0,0,0
CUTIE STREET,CUTIE STREET,2020,0.0,0.0,999.0,999.0,0.0,0.0,0,0,0,0,0
CUTIE STREET,CUTIE STREET,2021,0.0,0.0,999.0,999.0,0.0,0.0,0,0,0,0,0
CUTIE STREET,CUTIE STREET,2022,0.0,0.0,999.0,999.0,0.0,0.0,0,0,0,0,0
CUTIE STREET,CUTIE STREET,2023,0.0,0.0,999.0,999.0,0.0,0.0,0,0,0,0,0
CUTIE STREET,CUTIE STREET,2024,13.0,9841815.0,32.0,73.84615384615384,0.0,0.0,1,0,0,0,0
Charlie Puth,Charlie Puth,2016,0.0,0.0,999.0,999.0,0.0,0.0,0,0,0,0,0
Charlie Puth,Charlie Puth,2017,0.0,0.0,999.0,999.0,0.0,0.0,0,0,0,0,0
Charlie Puth,Charlie Puth,2018,0.0,0.0,999.0,999.0,0.0,0.0,0,0,0,0,0
Charlie Puth,Charlie Puth,2019,0.0,0.0,999.0,999.0,0.0,0.0,0,0,0,0,0
Charlie Puth,Charlie Puth,2020,0.0,0.0,999.0,999.0,0.0,0.0,0,0,0,0,0
Charlie Puth,Charlie Puth,2021,0.0,0.0,999.0,999.0,0.0,0.0,0,0,0,0,0
Charlie Puth,Charlie Puth,2022,27.0,19540659.0,14.0,40.77777777777778,0.0,0.0,1,0,0,0,0
Charlie Puth,Charlie Puth,2023,45.0,15638383.0,82.0,128.93333333333334,0.0,0.0,1,0,0,0,0
Charlie Puth,Charlie Puth,2024,0.0,0.0,999.0,999.0,0.0,0.0,0,0,0,0,0
Chinozo,Chinozo,2016,0.0,0.0,999.0,999.0,0.0,0.0,0,0,0,0,0
Chinozo,Chinozo,2017,0.0,0.0,999.0,999.0,0.0,0.0,0,0,0,0,0
Chinozo,Chinozo,2018,0.0,0.0,999.0,999.0,0.0,0.0,0,0,0,0,0
Chinozo,Chinozo,2019,0.0,0.0,999.0,999.0,0.0,0.0,0,0,0,0,0
Chinozo,Chinozo,2020,0.0,0.0,999.0,999.0,0.0,0.0,0,0,0,0,0
Chinozo,Chinozo,2021,47.0,14608714.0,59.0,100.72340425531917,0.0,0.0,1,0,0,0,0
Chinozo,Chinozo,2022,1.0,189201.0,171.0,171.0,0.0,0.0,1,0,0,0,0
Chinozo,Chinozo,2023,0.0,0.0,999.0,999.0,0.0,0.0,0,0,0,0,0
Chinozo,Chinozo,2024,0.0,0.0,999.0,999.0,0.0,0.0,0,0,0,0,0
Chippoke Ohashi,Chippoke Ohashi,2016,0.0,0.0,999.0,999.0,0.0,0.0,0,0,0,0,0
Chippoke Ohashi,Chippoke Ohashi,2017,0.0,0.0,999.0,999.0,0.0,0.0,0,0,0,0,0
Chippoke Ohashi,Chippoke Ohashi,2018,0.0,0.0,999.0,999.0,0.0,0.0,0,0,0,0,0
Chippoke Ohashi,Chippoke Ohashi,2019,0.0,0.0,999.0,999.0,0.0,0.0,0,0,0,0,0
Chippoke Ohashi,Chippoke Ohashi,2020,0.0,0.0,999.0,999.0,0.0,0.0,0,0,0,0,0
Chippoke Ohashi,Chippoke Ohashi,2021,8.0,6121984.0,20.0,42.875,0.0,0.0,1,0,0,0,0
Chippoke Ohashi,Chippoke Ohashi,2022,52.0,36844520.0,23.0,45.40384615384615,0.0,0.0,1,0,0,0,0
Chippoke Ohashi,Chippoke Ohashi,2023,10.0,3068643.0,97.0,151.5,0.0,0.0,1,0,0,0,0
Chippoke Ohashi,Chippoke Ohashi,2024,0.0,0.0,999.0,999.0,0.0,0.0,0,0,0,0,0
Coldplay,Coldplay,2016,0.0,0.0,999.0,999.0,0.0,0.0,0,0,0,0,0
Coldplay,Coldplay,2017,0.0,0.0,999.0,999.0,0.0,0.0,0,0,0,0,0
Coldplay,Coldplay,2018,0.0,0.0,999.0,999.0,0.0,0.0,0,0,0,0,0
Coldplay,Coldplay,2019,0.0,0.0,999.0,999.0,0.0,0.0,0,0,0,0,0
Coldplay,Coldplay,2020,0.0,0.0,999.0,999.0,0.0,0.0,0,0,0,0,0
Coldplay,Coldplay,2021,14.0,12666302.0,9.0,25.214285714285715,1.0,0.0,1,0,0,0,0
Coldplay,Coldplay,2022,32.0,10230390.0,61.0,96.28125,0.0,0.0,1,0,0,0,0
Coldplay,Coldplay,2023,0.0,0.0,999.0,999.0,0.0,0.0,0,0,0,0,0
Coldplay,Coldplay,2024,0.0,0.0,999.0,999.0,0.0,0.0,0,0,0,0,0
Conton Candy,Conton Candy,2016,0.0,0.0,999.0,999.0,0.0,0.0,0,0,0,0,0
Conton Candy,Conton Candy,2017,0.0,0.0,999.0,999.0,0.0,0.0,0,0,0,0,0
Conton Candy,Conton Candy,2018,0.0,0.0,999.0,999.0,0.0,0.0,0,0,0,0,0
Conton Candy,Conton Candy,2019,0.0,0.0,999.0,999.0,0.0,0.0,0,0,0,0,0
Conton Candy,Conton Candy,2020,0.0,0.0,999.0,999.0,0.0,0.0,0,0,0,0,0
Conton Candy,Conton Candy,2021,0.0,0.0,999.0,999.0,0.0,0.0,0,0,0,0,0
Conton Candy,Conton Candy,2022,0.0,0.0,999.0,999.0,0.0,0.0,0,0,0,0,0
Conton Candy,Conton Candy,2023,28.0,22538884.0,14.0,67.07142857142857,0.0,0.0,1,0,0,0,0
Conton Candy,Conton Candy,2024,1.0,315245.0,154.0,154.0,0.0,0.0,1,0,0,0,0
Creep Hyp,Creep Hyp,2016,0.0,0.0,999.0,999.0,0.0,0.0,0,0,0,0,0
Creep Hyp,Creep Hyp,2017,0.0,0.0,999.0,999.0,0.0,0.0,0,0,0,0,0
Creep Hyp,Creep Hyp,2018,0.0,0.0,999.0,999.0,0.0,0.0,0,0,0,0,0
Creep Hyp,Creep Hyp,2019,0.0,0.0,999.0,999.0,0.0,0.0,0,0,0,0,0
Creep Hyp,Creep Hyp,2020,24.0,2802496.0,146.0,174.04166666666666,0.0,0.0,1,0,0,0,0
Creep Hyp,Creep Hyp,2021,0.0,0.0,999.0,999.0,0.0,0.0,0,0,0,0,0
Creep Hyp,Creep Hyp,2022,27.0,6363918.0,106.0,149.8148148148148,0.0,0.0,1,0,0,0,0
Creep Hyp,Creep Hyp,2023,25.0,7352277.0,110.0,173.32,0.0,0.0,1,0,0,0,0
Creep Hyp,Creep Hyp,2024,0.0,0.0,999.0,999.0,0.0,0.0,0,0,0,0,0
Creepy Nuts,Creepy Nuts,2016,0.0,0.0,999.0,999.0,0.0,0.0,0,0,0,0,0
Creepy Nuts,Creepy Nuts,2017,0.0,0.0,999.0,999.0,0.0,0.0,0,0,0,0,0
Creepy Nuts,Creepy Nuts,2018,0.0,0.0,999.0,999.0,0.0,0.0,0,0,0,0,0
Creepy Nuts,Creepy Nuts,2019,0.0,0.0,999.0,999.0,0.0,0.0,0,0,0,0,0
Creepy Nuts,Creepy Nuts,2020,0.0,0.0,999.0,999.0,0.0,0.0,0,0,0,0,0
Creepy Nuts,Creepy Nuts,2021,18.0,4214046.0,103.0,131.72222222222223,0.0,0.0,1,0,0,0,0
Creepy Nuts,Creepy Nuts,2022,93.0,35571664.0,53.0,79.48387096774194,0.0,0.0,1,0,0,0,0
Creepy Nuts,Creepy Nuts,2023,73.0,22758529.0,103.0,153.05479452054794,0.0,0.0,1,0,0,0,0
Creepy Nuts,Creepy Nuts,2024,158.0,202411323.0,1.0,66.5126582278481,49.0,19.0,1,0,0,0,1
DISH//,DISH//,2016,0.0,0.0,999.0,999.0,0.0,0.0,0,0,0,0,0
DISH//,DISH//,2017,0.0,0.0,999.0,999.0,0.0,0.0,0,0,0,0,0
DISH//,DISH//,2018,0.0,0.0,999.0,999.0,0.0,0.0,0,0,0,0,0
DISH//,DISH//,2019,0.0,0.0,999.0,999.0,0.0,0.0,0,0,0,0,0
DISH//,DISH//,2020,69.0,51123529.0,6.0,36.91304347826087,13.0,0.0,1,0,0,0,0
DISH//,DISH//,2021,113.0,82878651.0,11.0,43.283185840707965,0.0,0.0,1,0,0,0,1
DISH//,DISH//,2022,127.0,50256921.0,35.0,96.56692913385828,0.0,0.0,1,1,1,1,0
DISH//,DISH//,2023,58.0,18887746.0,108.0,145.6206896551724,0.0,0.0,1,1,0,0,0
DISH//,DISH//,2024,8.0,2551946.0,155.0,174.625,0.0,0.0,1,1,0,0,0
DREAMS COME TRUE,DREAMS COME TRUE,2016,0.0,0.0,999.0,999.0,0.0,0.0,0,0,0,0,0
DREAMS COME TRUE,DREAMS COME TRUE,2017,0.0,0.0,999.0,999.0,0.0,0.0,0,0,0,0,0
DREAMS COME TRUE,DREAMS COME TRUE,2018,0.0,0.0,999.0,999.0,0.0,0.0,0,0,0,0,0
DREAMS COME TRUE,DREAMS COME TRUE,2019,0.0,0.0,999.0,999.0,0.0,0.0,0,0,0,0,0
DREAMS COME TRUE,DREAMS COME TRUE,2020,37.0,4941021.0,97.0,161.43243243243242,0.0,0.0,1,0,0,0,0
DREAMS COME TRUE,DREAMS COME TRUE,2021,13.0,2487964.0,162.0,184.6153846153846,0.0,0.0,1,0,0,0,0
DREAMS COME TRUE,DREAMS COME TRUE,2022,41.0,9386945.0,92.0,153.6341463414634,0.0,0.0,1,0,0,0,0
DREAMS COME TRUE,DREAMS COME TRUE,2023,25.0,7211161.0,161.0,183.72,0.0,0.0,1,0,0,0,0
DREAMS COME TRUE,DREAMS COME TRUE,2024,21.0,7207825.0,129.0,166.8095238095238,0.0,0.0,1,0,0,0,0
Da-iCE,Da-iCE,2016,0.0,0.0,999.0,999.0,0.0,0.0,0,0,0,0,0
Da-iCE,Da-iCE,2017,0.0,0.0,999.0,999.0,0.0,0.0,0,0,0,0,0
Da-iCE,Da-iCE,2018,0.0,0.0,999.0,999.0,0.0,0.0,0,0,0,0,0
Da-iCE,Da-iCE,2019,0.0,0.0,999.0,999.0,0.0,0.0,0,0,0,0,0
Da-iCE,Da-iCE,2020,3.0,485008.0,185.0,191.0,0.0,0.0,1,0,0,0,0
Da-iCE,Da-iCE,2021,50.0,30636341.0,15.0,66.36,0.0,0.0,1,0,0,0,0
Da-iCE,Da-iCE,2022,60.0,49017098.0,9.0,37.98333333333333,11.0,0.0,1,0,0,0,0
Da-iCE,Da-iCE,2023,84.0,29556367.0,55.0,130.5,0.0,0.0,1,0,0,0,0
Da-iCE,Da-iCE,2024,117.0,86028227.0,3.0,108.6068376068376,16.0,0.0,1,0,0,0,1
Daichi Miura,Daichi Miura,2016,0.0,0.0,999.0,999.0,0.0,0.0,0,0,0,0,0
Daichi Miura,Daichi Miura,2017,0.0,0.0,999.0,999.0,0.0,0.0,0,0,0,0,0
Daichi Miura,Daichi Miura,2018,0.0,0.0,999.0,999.0,0.0,0.0,0,0,0,0,0
Daichi Miura,Daichi Miura,2019,0.0,0.0,999.0,999.0,0.0,0.0,0,0,0,0,0
Daichi Miura,Daichi Miura,2020,0.0,0.0,999.0,999.0,0.0,0.0,0,0,0,0,0
Daichi Miura,Daichi Miura,2021,0.0,0.0,999.0,999.0,0.0,0.0,0,0,0,0,0
Daichi Miura,Daichi Miura,2022,0.0,0.0,999.0,999.0,0.0,0.0,0,0,0,0,1
Daichi Miura,Daichi Miura,2023,0.0,0.0,999.0,999.0,0.0,0.0,0,1,1,1,0
Daichi Miura,Daichi Miura,2024,0.0,0.0,999.0,999.0,0.0,0.0,0,1,0,0,0
Ed Sheeran,Ed Sheeran,2016,0.0,0.0,999.0,999.0,0.0,0.0,0,0,0,0,0
Ed Sheeran,Ed Sheeran,2017,0.0,0.0,999.0,999.0,0.0,0.0,0,0,0,0,0
Ed Sheeran,Ed Sheeran,2018,0.0,0.0,999.0,999.0,0.0,0.0,0,0,0,0,0
Ed Sheeran,Ed Sheeran,2019,0.0,0.0,999.0,999.0,0.0,0.0,0,0,0,0,0
Ed Sheeran,Ed Sheeran,2020,53.0,11785625.0,41.0,84.32075471698113,0.0,0.0,1,0,0,0,0
Ed Sheeran,Ed Sheeran,2021,52.0,12598450.0,86.0,116.53846153846152,0.0,0.0,1,0,0,0,0
Ed Sheeran,Ed Sheeran,2022,51.0,12651527.0,89.0,142.4313725490196,0.0,0.0,1,0,0,0,0
Ed Sheeran,Ed Sheeran,2023,52.0,16406396.0,124.0,156.07692307692307,0.0,0.0,1,0,0,0,0
Ed Sheeran,Ed Sheeran,2024,52.0,20935204.0,67.0,132.55769230769232,0.0,0.0,1,0,0,0,0
Eito,Eito,2016,0.0,0.0,999.0,999.0,0.0,0.0,0,0,0,0,0
Eito,Eito,2017,0.0,0.0,999.0,999.0,0.0,0.0,0,0,0,0,0
Eito,Eito,2018,0.0,0.0,999.0,999.0,0.0,0.0,0,0,0,0,0
Eito,Eito,2019,0.0,0.0,999.0,999.0,0.0,0.0,0,0,0,0,0
Eito,Eito,2020,36.0,48051349.0,2.0,6.277777777777778,29.0,0.0,1,0,0,0,0
Eito,Eito,2021,41.0,20450616.0,17.0,84.34146341463415,0.0,0.0,1,0,0,0,0
Eito,Eito,2022,0.0,0.0,999.0,999.0,0.0,0.0,0,0,0,0,0
Eito,Eito,2023,0.0,0.0,999.0,999.0,0.0,0.0,0,0,0,0,0
Eito,Eito,2024,0.0,0.0,999.0,999.0,0.0,0.0,0,0,0,0,0
Eve,Eve,2016,0.0,0.0,999.0,999.0,0.0,0.0,0,0,0,0,0
Eve,Eve,2017,0.0,0.0,999.0,999.0,0.0,0.0,0,0,0,0,0
Eve,Eve,2018,0.0,0.0,999.0,999.0,0.0,0.0,0,0,0,0,0
Eve,Eve,2019,0.0,0.0,999.0,999.0,0.0,0.0,0,0,0,0,0
Eve,Eve,2020,1.0,1084722.0,13.0,13.0,0.0,0.0,1,0,0,0,0
Eve,Eve,2021,51.0,43407347.0,8.0,32.6078431372549,11.0,0.0,1,0,0,0,0
Eve,Eve,2022,39.0,17952974.0,36.0,97.2051282051282,0.0,0.0,1,0,0,0,0
Eve,Eve,2023,10.0,2832061.0,176.0,188.4,0.0,0.0,1,0,0,0,0
Eve,Eve,2024,1.0,278185.0,194.0,194.0,0.0,0.0,1,0,0,0,0
FRUITS ZIPPER,FRUITS ZIPPER,2016,0.0,0.0,999.0,999.0,0.0,0.0,0,0,0,0,0
FRUITS ZIPPER,FRUITS ZIPPER,2017,0.0,0.0,999.0,999.0,0.0,0.0,0,0,0,0,0
FRUITS ZIPPER,FRUITS ZIPPER,2018,0.0,0.0,999.0,999.0,0.0,0.0,0,0,0,0,0
FRUITS ZIPPER,FRUITS ZIPPER,2019,0.0,0.0,999.0,999.0,0.0,0.0,0,0,0,0,0
FRUITS ZIPPER,FRUITS ZIPPER,2020,0.0,0.0,999.0,999.0,0.0,0.0,0,0,0,0,0
FRUITS ZIPPER,FRUITS ZIPPER,2021,0.0,0.0,999.0,999.0,0.0,0.0,0,0,0,0,0
FRUITS ZIPPER,FRUITS ZIPPER,2022,0.0,0.0,999.0,999.0,0.0,0.0,0,0,0,0,0
FRUITS ZIPPER,FRUITS ZIPPER,2023,0.0,0.0,999.0,999.0,0.0,0.0,0,0,0,0,0
FRUITS ZIPPER,FRUITS ZIPPER,2024,20.0,10528483.0,54.0,96.9,0.0,0.0,1,0,0,0,0
Foorin,Foorin,2016,0.0,0.0,999.0,999.0,0.0,0.0,0,0,0,0,0
Foorin,Foorin,2017,0.0,0.0,999.0,999.0,0.0,0.0,0,0,0,0,0
Foorin,Foorin,2018,0.0,0.0,999.0,999.0,0.0,0.0,0,0,0,0,0
Foorin,Foorin,2019,0.0,0.0,999.0,999.0,0.0,0.0,0,0,0,0,0
Foorin,Foorin,2020,0.0,0.0,999.0,999.0,0.0,0.0,0,0,0,0,1
Foorin,Foorin,2021,0.0,0.0,999.0,999.0,0.0,0.0,0,1,1,1,0
Foorin,Foorin,2022,0.0,0.0,999.0,999.0,0.0,0.0,0,1,0,0,0
Foorin,Foorin,2023,0.0,0.0,999.0,999.0,0.0,0.0,0,1,0,0,0
Foorin,Foorin,2024,0.0,0.0,999.0,999.0,0.0,0.0,0,1,0,0,0
Fujii Kaze,Fujii Kaze,2016,0.0,0.0,999.0,999.0,0.0,0.0,0,0,0,0,0
Fujii Kaze,Fujii Kaze,2017,0.0,0.0,999.0,999.0,0.0,0.0,0,0,0,0,0
Fujii Kaze,Fujii Kaze,2018,0.0,0.0,999.0,999.0,0.0,0.0,0,0,0,0,0
Fujii Kaze,Fujii Kaze,2019,0.0,0.0,999.0,999.0,0.0,0.0,0,0,0,0,0
Fujii Kaze,Fujii Kaze,2020,37.0,7980016.0,62.0,104.43243243243244,0.0,0.0,1,0,0,0,0
Fujii Kaze,Fujii Kaze,2021,103.0,62441809.0,4.0,93.13592233009707,29.0,0.0,1,0,0,0,1
Fujii Kaze,Fujii Kaze,2022,104.0,84280952.0,6.0,51.03846153846154,14.0,0.0,1,1,1,1,1
Fujii Kaze,Fujii Kaze,2023,159.0,111607475.0,7.0,72.0754716981132,6.0,0.0,1,2,1,2,0
Fujii Kaze,Fujii Kaze,2024,201.0,126168284.0,3.0,86.46268656716418,7.0,0.0,1,2,0,0,1
Fumiya Fujii,Fumiya Fujii,2016,0.0,0.0,999.0,999.0,0.0,0.0,0,0,0,0,0
Fumiya Fujii,Fumiya Fujii,2017,0.0,0.0,999.0,999.0,0.0,0.0,0,0,0,0,0
Fumiya Fujii,Fumiya Fujii,2018,0.0,0.0,999.0,999.0,0.0,0.0,0,0,0,0,0
Fumiya Fujii,Fumiya Fujii,2019,0.0,0.0,999.0,999.0,0.0,0.0,0,0,0,0,0
Fumiya Fujii,Fumiya Fujii,2020,0.0,0.0,999.0,999.0,0.0,0.0,0,0,0,0,0
Fumiya Fujii,Fumiya Fujii,2021,0.0,0.0,999.0,999.0,0.0,0.0,0,0,0,0,0
Fumiya Fujii,Fumiya Fujii,2022,0.0,0.0,999.0,999.0,0.0,0.0,0,0,0,0,0
Fumiya Fujii,Fumiya Fujii,2023,0.0,0.0,999.0,999.0,0.0,0.0,0,0,0,0,1
Fumiya Fujii,Fumiya Fujii,2024,0.0,0.0,999.0,999.0,0.0,0.0,0,1,1,1,0
GEMN,GEMN,2016,0.0,0.0,999.0,999.0,0.0,0.0,0,0,0,0,0
GEMN,GEMN,2017,0.0,0.0,999.0,999.0,0.0,0.0,0,0,0,0,0
GEMN,GEMN,2018,0.0,0.0,999.0,999.0,0.0,0.0,0,0,0,0,0
GEMN,GEMN,2019,0.0,0.0,999.0,999.0,0.0,0.0,0,0,0,0,0
GEMN,GEMN,2020,0.0,0.0,999.0,999.0,0.0,0.0,0,0,0,0,0
GEMN,GEMN,2021,0.0,0.0,999.0,999.0,0.0,0.0,0,0,0,0,0
GEMN,GEMN,2022,0.0,0.0,999.0,999.0,0.0,0.0,0,0,0,0,0
GEMN,GEMN,2023,0.0,0.0,999.0,999.0,0.0,0.0,0,0,0,0,0
GEMN,GEMN,2024,25.0,28069895.0,11.0,32.76,0.0,0.0,1,0,0,0,0
GENERATIONS from EXILE TRIBE,GENERATIONS from EXILE TRIBE,2016,0.0,0.0,999.0,999.0,0.0,0.0,0,0,0,0,0
GENERATIONS from EXILE TRIBE,GENERATIONS from EXILE TRIBE,2017,0.0,0.0,999.0,999.0,0.0,0.0,0,0,0,0,0
GENERATIONS from EXILE TRIBE,GENERATIONS from EXILE TRIBE,2018,0.0,0.0,999.0,999.0,0.0,0.0,0,0,0,0,0
GENERATIONS from EXILE TRIBE,GENERATIONS from EXILE TRIBE,2019,0.0,0.0,999.0,999.0,0.0,0.0,0,0,0,0,0
GENERATIONS from EXILE TRIBE,GENERATIONS from EXILE TRIBE,2020,0.0,0.0,999.0,999.0,0.0,0.0,0,0,0,0,1
GENERATIONS from EXILE TRIBE,GENERATIONS from EXILE TRIBE,2021,0.0,0.0,999.0,999.0,0.0,0.0,0,1,1,1,1
GENERATIONS from EXILE TRIBE,GENERATIONS from EXILE TRIBE,2022,0.0,0.0,999.0,999.0,0.0,0.0,0,2,1,2,0
GENERATIONS from EXILE TRIBE,GENERATIONS from EXILE TRIBE,2023,0.0,0.0,999.0,999.0,0.0,0.0,0,2,0,0,0
GENERATIONS from EXILE TRIBE,GENERATIONS from EXILE TRIBE,2024,0.0,0.0,999.0,999.0,0.0,0.0,0,2,0,0,0
GLAY,GLAY,2016,0.0,0.0,999.0,999.0,0.0,0.0,0,0,0,0,0
GLAY,GLAY,2017,0.0,0.0,999.0,999.0,0.0,0.0,0,0,0,0,0
GLAY,GLAY,2018,0.0,0.0,999.0,999.0,0.0,0.0,0,0,0,0,0
GLAY,GLAY,2019,0.0,0.0,999.0,999.0,0.0,0.0,0,0,0,0,0
GLAY,GLAY,2020,0.0,0.0,999.0,999.0,0.0,0.0,0,0,0,0,0
GLAY,GLAY,2021,0.0,0.0,999.0,999.0,0.0,0.0,0,0,0,0,0
GLAY,GLAY,2022,0.0,0.0,999.0,999.0,0.0,0.0,0,0,0,0,0
GLAY,GLAY,2023,0.0,0.0,999.0,999.0,0.0,0.0,0,0,0,0,0
GLAY,GLAY,2024,0.0,0.0,999.0,999.0,0.0,0.0,0,0,0,0,1
GReeeeN,GReeeeN,2016,0.0,0.0,999.0,999.0,0.0,0.0,0,0,0,0,0
GReeeeN,GReeeeN,2017,0.0,0.0,999.0,999.0,0.0,0.0,0,0,0,0,0
GReeeeN,GReeeeN,2018,0.0,0.0,999.0,999.0,0.0,0.0,0,0,0,0,0
GReeeeN,GReeeeN,2019,0.0,0.0,999.0,999.0,0.0,0.0,0,0,0,0,0
GReeeeN,GReeeeN,2020,106.0,18825675.0,39.0,120.23584905660375,0.0,0.0,1,0,0,0,0
GReeeeN,GReeeeN,2021,100.0,19690188.0,126.0,158.86,0.0,0.0,1,0,0,0,0
GReeeeN,GReeeeN,2022,53.0,11332350.0,122.0,167.9245283018868,0.0,0.0,1,0,0,0,0
GReeeeN,GReeeeN,2023,24.0,7817363.0,114.0,167.20833333333334,0.0,0.0,1,0,0,0,0
GReeeeN,GReeeeN,2024,77.0,29768232.0,79.0,143.41558441558442,0.0,0.0,1,0,0,0,0
Gen Hoshino,Gen Hoshino,2016,0.0,0.0,999.0,999.0,0.0,0.0,0,0,0,0,0
Gen Hoshino,Gen Hoshino,2017,0.0,0.0,999.0,999.0,0.0,0.0,0,0,0,0,0
Gen Hoshino,Gen Hoshino,2018,0.0,0.0,999.0,999.0,0.0,0.0,0,0,0,0,0
Gen Hoshino,Gen Hoshino,2019,0.0,0.0,999.0,999.0,0.0,0.0,0,0,0,0,0
Gen Hoshino,Gen Hoshino,2020,0.0,0.0,999.0,999.0,0.0,0.0,0,0,0,0,1
Gen Hoshino,Gen Hoshino,2021,36.0,21817364.0,13.0,61.11111111111112,0.0,0.0,1,1,1,1,1
Gen Hoshino,Gen Hoshino,2022,68.0,30867999.0,6.0,97.91176470588236,7.0,0.0,1,2,1,2,1
Gen Hoshino,Gen Hoshino,2023,5.0,1500752.0,100.0,150.4,0.0,0.0,1,3,1,3,1
Gen Hoshino,Gen Hoshino,2024,0.0,0.0,999.0,999.0,0.0,0.0,0,4,1,4,1
HANA,HANA,2016,0.0,0.0,999.0,999.0,0.0,0.0,0,0,0,0,0
HANA,HANA,2017,0.0,0.0,999.0,999.0,0.0,0.0,0,0,0,0,0
HANA,HANA,2018,0.0,0.0,999.0,999.0,0.0,0.0,0,0,0,0,0
HANA,HANA,2019,0.0,0.0,999.0,999.0,0.0,0.0,0,0,0,0,0
HANA,HANA,2020,0.0,0.0,999.0,999.0,0.0,0.0,0,0,0,0,0
HANA,HANA,2021,0.0,0.0,999.0,999.0,0.0,0.0,0,0,0,0,0
HANA,HANA,2022,0.0,0.0,999.0,999.0,0.0,0.0,0,0,0,0,0
HANA,HANA,2023,0.0,0.0,999.0,999.0,0.0,0.0,0,0,0,0,0
HANA,HANA,2024,0.0,0.0,999.0,999.0,0.0,0.0,0,0,0,0,0
HENTAI SHINSHI CLUB,HENTAI SHINSHI CLUB,2016,0.0,0.0,999.0,999.0,0.0,0.0,0,0,0,0,0
HENTAI SHINSHI CLUB,HENTAI SHINSHI CLUB,2017,0.0,0.0,999.0,999.0,0.0,0.0,0,0,0,0,0
HENTAI SHINSHI CLUB,HENTAI SHINSHI CLUB,2018,0.0,0.0,999.0,999.0,0.0,0.0,0,0,0,0,0
HENTAI SHINSHI CLUB,HENTAI SHINSHI CLUB,2019,0.0,0.0,999.0,999.0,0.0,0.0,0,0,0,0,0
HENTAI SHINSHI CLUB,HENTAI SHINSHI CLUB,2020,5.0,763223.0,187.0,193.4,0.0,0.0,1,0,0,0,0
HENTAI SHINSHI CLUB,HENTAI SHINSHI CLUB,2021,52.0,27811029.0,15.0,83.90384615384616,0.0,0.0,1,0,0,0,0
HENTAI SHINSHI CLUB,HENTAI SHINSHI CLUB,2022,52.0,36028714.0,26.0,49.92307692307692,0.0,0.0,1,0,0,0,0
HENTAI SHINSHI CLUB,HENTAI SHINSHI CLUB,2023,15.0,4407439.0,93.0,159.26666666666668,0.0,0.0,1,0,0,0,0
HENTAI SHINSHI CLUB,HENTAI SHINSHI CLUB,2024,0.0,0.0,999.0,999.0,0.0,0.0,0,0,0,0,0
HIRAIDAI,HIRAIDAI,2016,0.0,0.0,999.0,999.0,0.0,0.0,0,0,0,0,0
HIRAIDAI,HIRAIDAI,2017,0.0,0.0,999.0,999.0,0.0,0.0,0,0,0,0,0
HIRAIDAI,HIRAIDAI,2018,0.0,0.0,999.0,999.0,0.0,0.0,0,0,0,0,0
HIRAIDAI,HIRAIDAI,2019,0.0,0.0,999.0,999.0,0.0,0.0,0,0,0,0,0
HIRAIDAI,HIRAIDAI,2020,147.0,39941241.0,4.0,118.7687074829932,9.0,0.0,1,0,0,0,0
HIRAIDAI,HIRAIDAI,2021,193.0,93710925.0,6.0,87.5440414507772,7.0,0.0,1,0,0,0,1
HIRAIDAI,HIRAIDAI,2022,132.0,49735075.0,27.0,102.49242424242424,0.0,0.0,1,1,1,1,0
HIRAIDAI,HIRAIDAI,2023,51.0,17513134.0,97.0,138.90196078431373,0.0,0.0,1,1,0,0,0
HIRAIDAI,HIRAIDAI,2024,52.0,19506313.0,98.0,151.46153846153845,0.0,0.0,1,1,0,0,0
HUNTR/X,HUNTR/X,2016,0.0,0.0,999.0,999.0,0.0,0.0,0,0,0,0,0
HUNTR/X,HUNTR/X,2017,0.0,0.0,999.0,999.0,0.0,0.0,0,0,0,0,0
HUNTR/X,HUNTR/X,2018,0.0,0.0,999.0,999.0,0.0,0.0,0,0,0,0,0
HUNTR/X,HUNTR/X,2019,0.0,0.0,999.0,999.0,0.0,0.0,0,0,0,0,0
HUNTR/X,HUNTR/X,2020,0.0,0.0,999.0,999.0,0.0,0.0,0,0,0,0,0
HUNTR/X,HUNTR/X,2021,0.0,0.0,999.0,999.0,0.0,0.0,0,0,0,0,0
HUNTR/X,HUNTR/X,2022,0.0,0.0,999.0,999.0,0.0,0.0,0,0,0,0,0
HUNTR/X,HUNTR/X,2023,0.0,0.0,999.0,999.0,0.0,0.0,0,0,0,0,0
HUNTR/X,HUNTR/X,2024,0.0,0.0,999.0,999.0,0.0,0.0,0,0,0,0,0
HY,HY,2016,0.0,0.0,999.0,999.0,0.0,0.0,0,0,0,0,0
HY,HY,2017,0.0,0.0,999.0,999.0,0.0,0.0,0,0,0,0,0
HY,HY,2018,0.0,0.0,999.0,999.0,0.0,0.0,0,0,0,0,0
HY,HY,2019,0.0,0.0,999.0,999.0,0.0,0.0,0,0,0,0,0
HY,HY,2020,53.0,16337699.0,26.0,69.20754716981132,0.0,0.0,1,0,0,0,0
HY,HY,2021,17.0,3042166.0,144.0,163.35294117647058,0.0,0.0,1,0,0,0,0
HY,HY,2022,0.0,0.0,999.0,999.0,0.0,0.0,0,0,0,0,0
HY,HY,2023,0.0,0.0,999.0,999.0,0.0,0.0,0,0,0,0,0
HY,HY,2024,0.0,0.0,999.0,999.0,0.0,0.0,0,0,0,0,1
Haruma Miura,Haruma Miura,2016,0.0,0.0,999.0,999.0,0.0,0.0,0,0,0,0,0
Haruma Miura,Haruma Miura,2017,0.0,0.0,999.0,999.0,0.0,0.0,0,0,0,0,0
Haruma Miura,Haruma Miura,2018,0.0,0.0,999.0,999.0,0.0,0.0,0,0,0,0,0
Haruma Miura,Haruma Miura,2019,0.0,0.0,999.0,999.0,0.0,0.0,0,0,0,0,0
Haruma Miura,Haruma Miura,2020,23.0,12925660.0,16.0,49.65217391304348,0.0,0.0,1,0,0,0,0
Haruma Miura,Haruma Miura,2021,10.0,1959637.0,102.0,140.2,0.0,0.0,1,0,0,0,0
Haruma Miura,Haruma Miura,2022,0.0,0.0,999.0,999.0,0.0,0.0,0,0,0,0,0
Haruma Miura,Haruma Miura,2023,0.0,0.0,999.0,999.0,0.0,0.0,0,0,0,0,0
Haruma Miura,Haruma Miura,2024,0.0,0.0,999.0,999.0,0.0,0.0,0,0,0,0,0
Hey! Say! JUMP,Hey! Say! JUMP,2016,0.0,0.0,999.0,999.0,0.0,0.0,0,0,0,0,0
Hey! Say! JUMP,Hey! Say! JUMP,2017,0.0,0.0,999.0,999.0,0.0,0.0,0,0,0,0,0
Hey! Say! JUMP,Hey! Say! JUMP,2018,0.0,0.0,999.0,999.0,0.0,0.0,0,0,0,0,0
Hey! Say! JUMP,Hey! Say! JUMP,2019,0.0,0.0,999.0,999.0,0.0,0.0,0,0,0,0,0
Hey! Say! JUMP,Hey! Say! JUMP,2020,0.0,0.0,999.0,999.0,0.0,0.0,0,0,0,0,1
Hey! Say! JUMP,Hey! Say! JUMP,2021,0.0,0.0,999.0,999.0,0.0,0.0,0,1,1,1,0
Hey! Say! JUMP,Hey! Say! JUMP,2022,0.0,0.0,999.0,999.0,0.0,0.0,0,1,0,0,0
Hey! Say! JUMP,Hey! Say! JUMP,2023,0.0,0.0,999.0,999.0,0.0,0.0,0,1,0,0,0
Hey! Say! JUMP,Hey! Say! JUMP,2024,0.0,0.0,999.0,999.0,0.0,0.0,0,1,0,0,0
Hikaru Utada,Hikaru Utada,2016,0.0,0.0,999.0,999.0,0.0,0.0,0,0,0,0,0
Hikaru Utada,Hikaru Utada,2017,0.0,0.0,999.0,999.0,0.0,0.0,0,0,0,0,0
Hikaru Utada,Hikaru Utada,2018,0.0,0.0,999.0,999.0,0.0,0.0,0,0,0,0,0
Hikaru Utada,Hikaru Utada,2019,0.0,0.0,999.0,999.0,0.0,0.0,0,0,0,0,0
Hikaru Utada,Hikaru Utada,2020,0.0,0.0,999.0,999.0,0.0,0.0,0,0,0,0,0
Hikaru Utada,Hikaru Utada,2021,49.0,29225461.0,5.0,78.3061224489796,8.0,0.0,1,0,0,0,0
Hikaru Utada,Hikaru Utada,2022,43.0,20244716.0,16.0,92.25581395348836,0.0,0.0,1,0,0,0,0
Hikaru Utada,Hikaru Utada,2023,40.0,17986268.0,41.0,122.375,0.0,0.0,1,0,0,0,0
Hikaru Utada,Hikaru Utada,2024,53.0,21194916.0,88.0,133.28301886792454,0.0,0.0,1,0,0,0,0
Hiroko Yakushimaru,Hiroko Yakushimaru,2016,0.0,0.0,999.0,999.0,0.0,0.0,0,0,0,0,0
Hiroko Yakushimaru,Hiroko Yakushimaru,2017,0.0,0.0,999.0,999.0,0.0,0.0,0,0,0,0,0
Hiroko Yakushimaru,Hiroko Yakushimaru,2018,0.0,0.0,999.0,999.0,0.0,0.0,0,0,0,0,0
Hiroko Yakushimaru,Hiroko Yakushimaru,2019,0.0,0.0,999.0,999.0,0.0,0.0,0,0,0,0,0
Hiroko Yakushimaru,Hiroko Yakushimaru,2020,0.0,0.0,999.0,999.0,0.0,0.0,0,0,0,0,0
Hiroko Yakushimaru,Hiroko Yakushimaru,2021,0.0,0.0,999.0,999.0,0.0,0.0,0,0,0,0,1
Hiroko Yakushimaru,Hiroko Yakushimaru,2022,0.0,0.0,999.0,999.0,0.0,0.0,0,1,1,1,0
Hiroko Yakushimaru,Hiroko Yakushimaru,2023,0.0,0.0,999.0,999.0,0.0,0.0,0,1,0,0,0
Hiroko Yakushimaru,Hiroko Yakushimaru,2024,0.0,0.0,999.0,999.0,0.0,0.0,0,1,0,0,0
Hiromi Go,Hiromi Go,2016,0.0,0.0,999.0,999.0,0.0,0.0,0,0,0,0,0
Hiromi Go,Hiromi Go,2017,0.0,0.0,999.0,999.0,0.0,0.0,0,0,0,0,0
Hiromi Go,Hiromi Go,2018,0.0,0.0,999.0,999.0,0.0,0.0,0,0,0,0,0
Hiromi Go,Hiromi Go,2019,0.0,0.0,999.0,999.0,0.0,0.0,0,0,0,0,0
Hiromi Go,Hiromi Go,2020,0.0,0.0,999.0,999.0,0.0,0.0,0,0,0,0,1
Hiromi Go,Hiromi Go,2021,0.0,0.0,999.0,999.0,0.0,0.0,0,1,1,1,1
Hiromi Go,Hiromi Go,2022,0.0,0.0,999.0,999.0,0.0,0.0,0,2,1,2,1
Hiromi Go,Hiromi Go,2023,0.0,0.0,999.0,999.0,0.0,0.0,0,3,1,3,1
Hiromi Go,Hiromi Go,2024,0.0,0.0,999.0,999.0,0.0,0.0,0,4,1,4,1
Hitsujibungaku,Hitsujibungaku,2016,0.0,0.0,999.0,999.0,0.0,0.0,0,0,0,0,0
Hitsujibungaku,Hitsujibungaku,2017,0.0,0.0,999.0,999.0,0.0,0.0,0,0,0,0,0
Hitsujibungaku,Hitsujibungaku,2018,0.0,0.0,999.0,999.0,0.0,0.0,0,0,0,0,0
Hitsujibungaku,Hitsujibungaku,2019,0.0,0.0,999.0,999.0,0.0,0.0,0,0,0,0,0
Hitsujibungaku,Hitsujibungaku,2020,0.0,0.0,999.0,999.0,0.0,0.0,0,0,0,0,0
Hitsujibungaku,Hitsujibungaku,2021,0.0,0.0,999.0,999.0,0.0,0.0,0,0,0,0,0
Hitsujibungaku,Hitsujibungaku,2022,0.0,0.0,999.0,999.0,0.0,0.0,0,0,0,0,0
Hitsujibungaku,Hitsujibungaku,2023,17.0,16224921.0,11.0,31.176470588235293,0.0,0.0,1,0,0,0,0
Hitsujibungaku,Hitsujibungaku,2024,24.0,19376569.0,11.0,76.16666666666667,0.0,0.0,1,0,0,0,0
Hoshimachi Suisei,Hoshimachi Suisei,2016,0.0,0.0,999.0,999.0,0.0,0.0,0,0,0,0,0
Hoshimachi Suisei,Hoshimachi Suisei,2017,0.0,0.0,999.0,999.0,0.0,0.0,0,0,0,0,0
Hoshimachi Suisei,Hoshimachi Suisei,2018,0.0,0.0,999.0,999.0,0.0,0.0,0,0,0,0,0
Hoshimachi Suisei,Hoshimachi Suisei,2019,0.0,0.0,999.0,999.0,0.0,0.0,0,0,0,0,0
Hoshimachi Suisei,Hoshimachi Suisei,2020,0.0,0.0,999.0,999.0,0.0,0.0,0,0,0,0,0
Hoshimachi Suisei,Hoshimachi Suisei,2021,0.0,0.0,999.0,999.0,0.0,0.0,0,0,0,0,0
Hoshimachi Suisei,Hoshimachi Suisei,2022,0.0,0.0,999.0,999.0,0.0,0.0,0,0,0,0,0
Hoshimachi Suisei,Hoshimachi Suisei,2023,0.0,0.0,999.0,999.0,0.0,0.0,0,0,0,0,0
Hoshimachi Suisei,Hoshimachi Suisei,2024,37.0,30625986.0,16.0,72.97297297297297,0.0,0.0,1,0,0,0,0
ILLIT,ILLIT,2016,0.0,0.0,999.0,999.0,0.0,0.0,0,0,0,0,0
ILLIT,ILLIT,2017,0.0,0.0,999.0,999.0,0.0,0.0,0,0,0,0,0
ILLIT,ILLIT,2018,0.0,0.0,999.0,999.0,0.0,0.0,0,0,0,0,0
ILLIT,ILLIT,2019,0.0,0.0,999.0,999.0,0.0,0.0,0,0,0,0,0
ILLIT,ILLIT,2020,0.0,0.0,999.0,999.0,0.0,0.0,0,0,0,0,0
ILLIT,ILLIT,2021,0.0,0.0,999.0,999.0,0.0,0.0,0,0,0,0,0
ILLIT,ILLIT,2022,0.0,0.0,999.0,999.0,0.0,0.0,0,0,0,0,0
ILLIT,ILLIT,2023,0.0,0.0,999.0,999.0,0.0,0.0,0,0,0,0,0
ILLIT,ILLIT,2024,40.0,63870543.0,2.0,19.1,17.0,0.0,1,0,0,0,1
IVE,IVE,2016,0.0,0.0,999.0,999.0,0.0,0.0,0,0,0,0,0
IVE,IVE,2017,0.0,0.0,999.0,999.0,0.0,0.0,0,0,0,0,0
IVE,IVE,2018,0.0,0.0,999.0,999.0,0.0,0.0,0,0,0,0,0
IVE,IVE,2019,0.0,0.0,999.0,999.0,0.0,0.0,0,0,0,0,0
IVE,IVE,2020,0.0,0.0,999.0,999.0,0.0,0.0,0,0,0,0,0
IVE,IVE,2021,4.0,3325727.0,27.0,34.75,0.0,0.0,1,0,0,0,0
IVE,IVE,2022,110.0,69992718.0,9.0,61.23636363636364,2.0,0.0,1,0,0,0,1
IVE,IVE,2023,124.0,53243127.0,20.0,114.05645161290325,0.0,0.0,1,1,1,1,0
IVE,IVE,2024,17.0,5930520.0,129.0,156.2941176470588,0.0,0.0,1,1,0,0,0
Iruka,Iruka,2016,0.0,0.0,999.0,999.0,0.0,0.0,0,0,0,0,0
Iruka,Iruka,2017,0.0,0.0,999.0,999.0,0.0,0.0,0,0,0,0,0
Iruka,Iruka,2018,0.0,0.0,999.0,999.0,0.0,0.0,0,0,0,0,0
Iruka,Iruka,2019,0.0,0.0,999.0,999.0,0.0,0.0,0,0,0,0,0
Iruka,Iruka,2020,0.0,0.0,999.0,999.0,0.0,0.0,0,0,0,0,0
Iruka,Iruka,2021,0.0,0.0,999.0,999.0,0.0,0.0,0,0,0,0,0
Iruka,Iruka,2022,0.0,0.0,999.0,999.0,0.0,0.0,0,0,0,0,0
Iruka,Iruka,2023,0.0,0.0,999.0,999.0,0.0,0.0,0,0,0,0,0
Iruka,Iruka,2024,0.0,0.0,999.0,999.0,0.0,0.0,0,0,0,0,1
JENNIE,JENNIE,2016,0.0,0.0,999.0,999.0,0.0,0.0,0,0,0,0,0
JENNIE,JENNIE,2017,0.0,0.0,999.0,999.0,0.0,0.0,0,0,0,0,0
JENNIE,JENNIE,2018,0.0,0.0,999.0,999.0,0.0,0.0,0,0,0,0,0
JENNIE,JENNIE,2019,0.0,0.0,999.0,999.0,0.0,0.0,0,0,0,0,0
JENNIE,JENNIE,2020,0.0,0.0,999.0,999.0,0.0,0.0,0,0,0,0,0
JENNIE,JENNIE,2021,0.0,0.0,999.0,999.0,0.0,0.0,0,0,0,0,0
JENNIE,JENNIE,2022,0.0,0.0,999.0,999.0,0.0,0.0,0,0,0,0,0
JENNIE,JENNIE,2023,0.0,0.0,999.0,999.0,0.0,0.0,0,0,0,0,0
JENNIE,JENNIE,2024,0.0,0.0,999.0,999.0,0.0,0.0,0,0,0,0,0
JO1,JO1,2016,0.0,0.0,999.0,999.0,0.0,0.0,0,0,0,0,0
JO1,JO1,2017,0.0,0.0,999.0,999.0,0.0,0.0,0,0,0,0,0
JO1,JO1,2018,0.0,0.0,999.0,999.0,0.0,0.0,0,0,0,0,0
JO1,JO1,2019,0.0,0.0,999.0,999.0,0.0,0.0,0,0,0,0,0
JO1,JO1,2020,0.0,0.0,999.0,999.0,0.0,0.0,0,0,0,0,0
JO1,JO1,2021,0.0,0.0,999.0,999.0,0.0,0.0,0,0,0,0,0
JO1,JO1,2022,0.0,0.0,999.0,999.0,0.0,0.0,0,0,0,0,1
JO1,JO1,2023,0.0,0.0,999.0,999.0,0.0,0.0,0,1,1,1,1
JO1,JO1,2024,20.0,13399971.0,31.0,89.85,0.0,0.0,1,2,1,2,1
JUJU,JUJU,2016,0.0,0.0,999.0,999.0,0.0,0.0,0,0,0,0,0
JUJU,JUJU,2017,0.0,0.0,999.0,999.0,0.0,0.0,0,0,0,0,0
JUJU,JUJU,2018,0.0,0.0,999.0,999.0,0.0,0.0,0,0,0,0,0
JUJU,JUJU,2019,0.0,0.0,999.0,999.0,0.0,0.0,0,0,0,0,0
JUJU,JUJU,2020,0.0,0.0,999.0,999.0,0.0,0.0,0,0,0,0,1
JUJU,JUJU,2021,0.0,0.0,999.0,999.0,0.0,0.0,0,1,1,1,0
JUJU,JUJU,2022,0.0,0.0,999.0,999.0,0.0,0.0,0,1,0,0,0
JUJU,JUJU,2023,0.0,0.0,999.0,999.0,0.0,0.0,0,1,0,0,1
JUJU,JUJU,2024,0.0,0.0,999.0,999.0,0.0,0.0,0,2,1,1,0
Jimin,Jimin,2016,0.0,0.0,999.0,999.0,0.0,0.0,0,0,0,0,0
Jimin,Jimin,2017,0.0,0.0,999.0,999.0,0.0,0.0,0,0,0,0,0
Jimin,Jimin,2018,0.0,0.0,999.0,999.0,0.0,0.0,0,0,0,0,0
Jimin,Jimin,2019,0.0,0.0,999.0,999.0,0.0,0.0,0,0,0,0,0
Jimin,Jimin,2020,0.0,0.0,999.0,999.0,0.0,0.0,0,0,0,0,0
Jimin,Jimin,2021,0.0,0.0,999.0,999.0,0.0,0.0,0,0,0,0,0
Jimin,Jimin,2022,0.0,0.0,999.0,999.0,0.0,0.0,0,0,0,0,0
Jimin,Jimin,2023,39.0,15848199.0,63.0,106.3846153846154,0.0,0.0,1,0,0,0,0
Jimin,Jimin,2024,64.0,72561362.0,1.0,62.53125,23.0,2.0,1,0,0,0,0
Jin,Jin,2016,0.0,0.0,999.0,999.0,0.0,0.0,0,0,0,0,0
Jin,Jin,2017,0.0,0.0,999.0,999.0,0.0,0.0,0,0,0,0,0
Jin,Jin,2018,0.0,0.0,999.0,999.0,0.0,0.0,0,0,0,0,0
Jin,Jin,2019,0.0,0.0,999.0,999.0,0.0,0.0,0,0,0,0,0
Jin,Jin,2020,0.0,0.0,999.0,999.0,0.0,0.0,0,0,0,0,0
Jin,Jin,2021,0.0,0.0,999.0,999.0,0.0,0.0,0,0,0,0,0
Jin,Jin,2022,0.0,0.0,999.0,999.0,0.0,0.0,0,0,0,0,0
Jin,Jin,2023,0.0,0.0,999.0,999.0,0.0,0.0,0,0,0,0,0
Jin,Jin,2024,6.0,12366582.0,2.0,4.833333333333333,5.0,0.0,1,0,0,0,0
Jung Kook,Jung Kook,2016,0.0,0.0,999.0,999.0,0.0,0.0,0,0,0,0,0
Jung Kook,Jung Kook,2017,0.0,0.0,999.0,999.0,0.0,0.0,0,0,0,0,0
Jung Kook,Jung Kook,2018,0.0,0.0,999.0,999.0,0.0,0.0,0,0,0,0,0
Jung Kook,Jung Kook,2019,0.0,0.0,999.0,999.0,0.0,0.0,0,0,0,0,0
Jung Kook,Jung Kook,2020,0.0,0.0,999.0,999.0,0.0,0.0,0,0,0,0,0
Jung Kook,Jung Kook,2021,0.0,0.0,999.0,999.0,0.0,0.0,0,0,0,0,0
Jung Kook,Jung Kook,2022,0.0,0.0,999.0,999.0,0.0,0.0,0,0,0,0,0
Jung Kook,Jung Kook,2023,45.0,74768710.0,1.0,13.488888888888887,25.0,1.0,1,0,0,0,0
Jung Kook,Jung Kook,2024,104.0,84988851.0,7.0,70.35576923076923,3.0,0.0,1,0,0,0,0
KAMI WA SAIKORO WO FURANAI,KAMI WA SAIKORO WO FURANAI,2016,0.0,0.0,999.0,999.0,0.0,0.0,0,0,0,0,0
KAMI WA SAIKORO WO FURANAI,KAMI WA SAIKORO WO FURANAI,2017,0.0,0.0,999.0,999.0,0.0,0.0,0,0,0,0,0
KAMI WA SAIKORO WO FURANAI,KAMI WA SAIKORO WO FURANAI,2018,0.0,0.0,999.0,999.0,0.0,0.0,0,0,0,0,0
KAMI WA SAIKORO WO FURANAI,KAMI WA SAIKORO WO FURANAI,2019,0.0,0.0,999.0,999.0,0.0,0.0,0,0,0,0,0
KAMI WA SAIKORO WO FURANAI,KAMI WA SAIKORO WO FURANAI,2020,36.0,9581166.0,56.0,74.83333333333333,0.0,0.0,1,0,0,0,0
KAMI WA SAIKORO WO FURANAI,KAMI WA SAIKORO WO FURANAI,2021,20.0,4036688.0,97.0,140.35,0.0,0.0,1,0,0,0,0
KAMI WA SAIKORO WO FURANAI,KAMI WA SAIKORO WO FURANAI,2022,0.0,0.0,999.0,999.0,0.0,0.0,0,0,0,0,0
KAMI WA SAIKORO WO FURANAI,KAMI WA SAIKORO WO FURANAI,2023,0.0,0.0,999.0,999.0,0.0,0.0,0,0,0,0,0
KAMI WA SAIKORO WO FURANAI,KAMI WA SAIKORO WO FURANAI,2024,0.0,0.0,999.0,999.0,0.0,0.0,0,0,0,0,0
KAT-TUN,KAT-TUN,2016,0.0,0.0,999.0,999.0,0.0,0.0,0,0,0,0,0
KAT-TUN,KAT-TUN,2017,0.0,0.0,999.0,999.0,0.0,0.0,0,0,0,0,0
KAT-TUN,KAT-TUN,2018,0.0,0.0,999.0,999.0,0.0,0.0,0,0,0,0,0
KAT-TUN,KAT-TUN,2019,0.0,0.0,999.0,999.0,0.0,0.0,0,0,0,0,0
KAT-TUN,KAT-TUN,2020,0.0,0.0,999.0,999.0,0.0,0.0,0,0,0,0,0
KAT-TUN,KAT-TUN,2021,0.0,0.0,999.0,999.0,0.0,0.0,0,0,0,0,1
KAT-TUN,KAT-TUN,2022,0.0,0.0,999.0,999.0,0.0,0.0,0,1,1,1,0
KAT-TUN,KAT-TUN,2023,0.0,0.0,999.0,999.0,0.0,0.0,0,1,0,0,0
KAT-TUN,KAT-TUN,2024,0.0,0.0,999.0,999.0,0.0,0.0,0,1,0,0,0
Kana Nishino,Kana Nishino,2016,0.0,0.0,999.0,999.0,0.0,0.0,0,0,0,0,0
Kana Nishino,Kana Nishino,2017,0.0,0.0,999.0,999.0,0.0,0.0,0,0,0,0,0
Kana Nishino,Kana Nishino,2018,0.0,0.0,999.0,999.0,0.0,0.0,0,0,0,0,0
Kana Nishino,Kana Nishino,2019,0.0,0.0,999.0,999.0,0.0,0.0,0,0,0,0,0
Kana Nishino,Kana Nishino,2020,0.0,0.0,999.0,999.0,0.0,0.0,0,0,0,0,0
Kana Nishino,Kana Nishino,2021,0.0,0.0,999.0,999.0,0.0,0.0,0,0,0,0,0
Kana Nishino,Kana Nishino,2022,0.0,0.0,999.0,999.0,0.0,0.0,0,0,0,0,0
Kana Nishino,Kana Nishino,2023,0.0,0.0,999.0,999.0,0.0,0.0,0,0,0,0,0
Kana Nishino,Kana Nishino,2024,0.0,0.0,999.0,999.0,0.0,0.0,0,0,0,0,1
Kanaria,Kanaria,2016,0.0,0.0,999.0,999.0,0.0,0.0,0,0,0,0,0
Kanaria,Kanaria,2017,0.0,0.0,999.0,999.0,0.0,0.0,0,0,0,0,0
Kanaria,Kanaria,2018,0.0,0.0,999.0,999.0,0.0,0.0,0,0,0,0,0
Kanaria,Kanaria,2019,0.0,0.0,999.0,999.0,0.0,0.0,0,0,0,0,0
Kanaria,Kanaria,2020,0.0,0.0,999.0,999.0,0.0,0.0,0,0,0,0,0
Kanaria,Kanaria,2021,0.0,0.0,999.0,999.0,0.0,0.0,0,0,0,0,0
Kanaria,Kanaria,2022,2.0,571213.0,150.0,166.0,0.0,0.0,1,0,0,0,0
Kanaria,Kanaria,2023,48.0,24214115.0,51.0,78.1875,0.0,0.0,1,0,0,0,0
Kanaria,Kanaria,2024,33.0,12678597.0,107.0,143.0909090909091,0.0,0.0,1,0,0,0,0
Kenshi Yonezu,Kenshi Yonezu,2016,0.0,0.0,999.0,999.0,0.0,0.0,0,0,0,0,0
Kenshi Yonezu,Kenshi Yonezu,2017,0.0,0.0,999.0,999.0,0.0,0.0,0,0,0,0,0
Kenshi Yonezu,Kenshi Yonezu,2018,0.0,0.0,999.0,999.0,0.0,0.0,0,0,0,0,0
Kenshi Yonezu,Kenshi Yonezu,2019,0.0,0.0,999.0,999.0,0.0,0.0,0,0,0,0,0
Kenshi Yonezu,Kenshi Yonezu,2020,92.0,62157868.0,2.0,66.71739130434783,18.0,0.0,1,0,0,0,0
Kenshi Yonezu,Kenshi Yonezu,2021,216.0,95696026.0,7.0,99.875,4.0,0.0,1,0,0,0,0
Kenshi Yonezu,Kenshi Yonezu,2022,192.0,86817781.0,1.0,118.40625,15.0,2.0,1,0,0,0,0
Kenshi Yonezu,Kenshi Yonezu,2023,230.0,143940463.0,2.0,101.01304347826088,20.0,0.0,1,0,0,0,0
Kenshi Yonezu,Kenshi Yonezu,2024,221.0,127378539.0,5.0,114.43438914027148,10.0,0.0,1,0,0,0,0
Kep1er,Kep1er,2016,0.0,0.0,999.0,999.0,0.0,0.0,0,0,0,0,0
Kep1er,Kep1er,2017,0.0,0.0,999.0,999.0,0.0,0.0,0,0,0,0,0
Kep1er,Kep1er,2018,0.0,0.0,999.0,999.0,0.0,0.0,0,0,0,0,0
Kep1er,Kep1er,2019,0.0,0.0,999.0,999.0,0.0,0.0,0,0,0,0,0
Kep1er,Kep1er,2020,0.0,0.0,999.0,999.0,0.0,0.0,0,0,0,0,0
Kep1er,Kep1er,2021,0.0,0.0,999.0,999.0,0.0,0.0,0,0,0,0,0
Kep1er,Kep1er,2022,46.0,28006661.0,13.0,69.3695652173913,0.0,0.0,1,0,0,0,0
Kep1er,Kep1er,2023,1.0,253372.0,169.0,169.0,0.0,0.0,1,0,0,0,0
Kep1er,Kep1er,2024,0.0,0.0,999.0,999.0,0.0,0.0,0,0,0,0,0
KinKi Kids,KinKi Kids,2016,0.0,0.0,999.0,999.0,0.0,0.0,0,0,0,0,0
KinKi Kids,KinKi Kids,2017,0.0,0.0,999.0,999.0,0.0,0.0,0,0,0,0,0
KinKi Kids,KinKi Kids,2018,0.0,0.0,999.0,999.0,0.0,0.0,0,0,0,0,0
KinKi Kids,KinKi Kids,2019,0.0,0.0,999.0,999.0,0.0,0.0,0,0,0,0,0
KinKi Kids,KinKi Kids,2020,0.0,0.0,999.0,999.0,0.0,0.0,0,0,0,0,0
KinKi Kids,KinKi Kids,2021,0.0,0.0,999.0,999.0,0.0,0.0,0,0,0,0,0
KinKi Kids,KinKi Kids,2022,0.0,0.0,999.0,999.0,0.0,0.0,0,0,0,0,1
KinKi Kids,KinKi Kids,2023,0.0,0.0,999.0,999.0,0.0,0.0,0,1,1,1,0
KinKi Kids,KinKi Kids,2024,0.0,0.0,999.0,999.0,0.0,0.0,0,1,0,0,0
King & Prince,King & Prince,2016,0.0,0.0,999.0,999.0,0.0,0.0,0,0,0,0,0
King & Prince,King & Prince,2017,0.0,0.0,999.0,999.0,0.0,0.0,0,0,0,0,0
King & Prince,King & Prince,2018,0.0,0.0,999.0,999.0,0.0,0.0,0,0,0,0,0
King & Prince,King & Prince,2019,0.0,0.0,999.0,999.0,0.0,0.0,0,0,0,0,0
King & Prince,King & Prince,2020,0.0,0.0,999.0,999.0,0.0,0.0,0,0,0,0,1
King & Prince,King & Prince,2021,0.0,0.0,999.0,999.0,0.0,0.0,0,1,1,1,1
King & Prince,King & Prince,2022,0.0,0.0,999.0,999.0,0.0,0.0,0,2,1,2,1
King & Prince,King & Prince,2023,0.0,0.0,999.0,999.0,0.0,0.0,0,3,1,3,0
King & Prince,King & Prince,2024,0.0,0.0,999.0,999.0,0.0,0.0,0,3,0,0,0
King Gnu,King Gnu,2016,0.0,0.0,999.0,999.0,0.0,0.0,0,0,0,0,0
King Gnu,King Gnu,2017,0.0,0.0,999.0,999.0,0.0,0.0,0,0,0,0,0
King Gnu,King Gnu,2018,0.0,0.0,999.0,999.0,0.0,0.0,0,0,0,0,0
King Gnu,King Gnu,2019,0.0,0.0,999.0,999.0,0.0,0.0,0,0,0,0,0
King Gnu,King Gnu,2020,271.0,145200549.0,2.0,51.30627306273063,44.0,0.0,1,0,0,0,0
King Gnu,King Gnu,2021,133.0,70944458.0,1.0,82.27067669172932,4.0,1.0,1,0,0,0,0
King Gnu,King Gnu,2022,271.0,193457620.0,1.0,55.69741697416974,36.0,5.0,1,0,0,0,1
King Gnu,King Gnu,2023,260.0,144482142.0,1.0,102.88076923076925,17.0,3.0,1,1,1,1,0
King Gnu,King Gnu,2024,186.0,110255573.0,4.0,108.17204301075267,7.0,0.0,1,1,0,0,0
Kis-My-Ft2,Kis-My-Ft2,2016,0.0,0.0,999.0,999.0,0.0,0.0,0,0,0,0,0
Kis-My-Ft2,Kis-My-Ft2,2017,0.0,0.0,999.0,999.0,0.0,0.0,0,0,0,0,0
Kis-My-Ft2,Kis-My-Ft2,2018,0.0,0.0,999.0,999.0,0.0,0.0,0,0,0,0,0
Kis-My-Ft2,Kis-My-Ft2,2019,0.0,0.0,999.0,999.0,0.0,0.0,0,0,0,0,0
Kis-My-Ft2,Kis-My-Ft2,2020,0.0,0.0,999.0,999.0,0.0,0.0,0,0,0,0,1
Kis-My-Ft2,Kis-My-Ft2,2021,0.0,0.0,999.0,999.0,0.0,0.0,0,1,1,1,0
Kis-My-Ft2,Kis-My-Ft2,2022,0.0,0.0,999.0,999.0,0.0,0.0,0,1,0,0,0
Kis-My-Ft2,Kis-My-Ft2,2023,0.0,0.0,999.0,999.0,0.0,0.0,0,1,0,0,0
Kis-My-Ft2,Kis-My-Ft2,2024,0.0,0.0,999.0,999.0,0.0,0.0,0,1,0,0,0
Kiyoshi Hikawa,Kiyoshi Hikawa,2016,0.0,0.0,999.0,999.0,0.0,0.0,0,0,0,0,0
Kiyoshi Hikawa,Kiyoshi Hikawa,2017,0.0,0.0,999.0,999.0,0.0,0.0,0,0,0,0,0
Kiyoshi Hikawa,Kiyoshi Hikawa,2018,0.0,0.0,999.0,999.0,0.0,0.0,0,0,0,0,0
Kiyoshi Hikawa,Kiyoshi Hikawa,2019,0.0,0.0,999.0,999.0,0.0,0.0,0,0,0,0,0
Kiyoshi Hikawa,Kiyoshi Hikawa,2020,0.0,0.0,999.0,999.0,0.0,0.0,0,0,0,0,1
Kiyoshi Hikawa,Kiyoshi Hikawa,2021,0.0,0.0,999.0,999.0,0.0,0.0,0,1,1,1,1
Kiyoshi Hikawa,Kiyoshi Hikawa,2022,0.0,0.0,999.0,999.0,0.0,0.0,0,2,1,2,0
Kiyoshi Hikawa,Kiyoshi Hikawa,2023,0.0,0.0,999.0,999.0,0.0,0.0,0,2,0,0,0
Kiyoshi Hikawa,Kiyoshi Hikawa,2024,0.0,0.0,999.0,999.0,0.0,0.0,0,2,0,0,0
Kocchi no Kento,Kocchi no Kento,2016,0.0,0.0,999.0,999.0,0.0,0.0,0,0,0,0,0
Kocchi no Kento,Kocchi no Kento,2017,0.0,0.0,999.0,999.0,0.0,0.0,0,0,0,0,0
Kocchi no Kento,Kocchi no Kento,2018,0.0,0.0,999.0,999.0,0.0,0.0,0,0,0,0,0
Kocchi no Kento,Kocchi no Kento,2019,0.0,0.0,999.0,999.0,0.0,0.0,0,0,0,0,0
Kocchi no Kento,Kocchi no Kento,2020,0.0,0.0,999.0,999.0,0.0,0.0,0,0,0,0,0
Kocchi no Kento,Kocchi no Kento,2021,0.0,0.0,999.0,999.0,0.0,0.0,0,0,0,0,0
Kocchi no Kento,Kocchi no Kento,2022,0.0,0.0,999.0,999.0,0.0,0.0,0,0,0,0,0
Kocchi no Kento,Kocchi no Kento,2023,0.0,0.0,999.0,999.0,0.0,0.0,0,0,0,0,0
Kocchi no Kento,Kocchi no Kento,2024,27.0,32464382.0,14.0,26.48148148148148,0.0,0.0,1,0,0,0,1
Koresawa,Koresawa,2016,0.0,0.0,999.0,999.0,0.0,0.0,0,0,0,0,0
Koresawa,Koresawa,2017,0.0,0.0,999.0,999.0,0.0,0.0,0,0,0,0,0
Koresawa,Koresawa,2018,0.0,0.0,999.0,999.0,0.0,0.0,0,0,0,0,0
Koresawa,Koresawa,2019,0.0,0.0,999.0,999.0,0.0,0.0,0,0,0,0,0
Koresawa,Koresawa,2020,0.0,0.0,999.0,999.0,0.0,0.0,0,0,0,0,0
Koresawa,Koresawa,2021,0.0,0.0,999.0,999.0,0.0,0.0,0,0,0,0,0
Koresawa,Koresawa,2022,0.0,0.0,999.0,999.0,0.0,0.0,0,0,0,0,0
Koresawa,Koresawa,2023,0.0,0.0,999.0,999.0,0.0,0.0,0,0,0,0,0
Koresawa,Koresawa,2024,15.0,14457137.0,17.0,43.8,0.0,0.0,1,0,0,0,0
Kosetsu Minami,Kosetsu Minami,2016,0.0,0.0,999.0,999.0,0.0,0.0,0,0,0,0,0
Kosetsu Minami,Kosetsu Minami,2017,0.0,0.0,999.0,999.0,0.0,0.0,0,0,0,0,0
Kosetsu Minami,Kosetsu Minami,2018,0.0,0.0,999.0,999.0,0.0,0.0,0,0,0,0,0
Kosetsu Minami,Kosetsu Minami,2019,0.0,0.0,999.0,999.0,0.0,0.0,0,0,0,0,0
Kosetsu Minami,Kosetsu Minami,2020,0.0,0.0,999.0,999.0,0.0,0.0,0,0,0,0,0
Kosetsu Minami,Kosetsu Minami,2021,0.0,0.0,999.0,999.0,0.0,0.0,0,0,0,0,0
Kosetsu Minami,Kosetsu Minami,2022,0.0,0.0,999.0,999.0,0.0,0.0,0,0,0,0,0
Kosetsu Minami,Kosetsu Minami,2023,0.0,0.0,999.0,999.0,0.0,0.0,0,0,0,0,0
Kosetsu Minami,Kosetsu Minami,2024,0.0,0.0,999.0,999.0,0.0,0.0,0,0,0,0,1
Kyanai,Kyanai,2016,0.0,0.0,999.0,999.0,0.0,0.0,0,0,0,0,0
Kyanai,Kyanai,2017,0.0,0.0,999.0,999.0,0.0,0.0,0,0,0,0,0
Kyanai,Kyanai,2018,0.0,0.0,999.0,999.0,0.0,0.0,0,0,0,0,0
Kyanai,Kyanai,2019,0.0,0.0,999.0,999.0,0.0,0.0,0,0,0,0,0
Kyanai,Kyanai,2020,0.0,0.0,999.0,999.0,0.0,0.0,0,0,0,0,0
Kyanai,Kyanai,2021,0.0,0.0,999.0,999.0,0.0,0.0,0,0,0,0,0
Kyanai,Kyanai,2022,37.0,23931974.0,17.0,47.648648648648646,0.0,0.0,1,0,0,0,0
Kyanai,Kyanai,2023,20.0,6854714.0,53.0,129.95,0.0,0.0,1,0,0,0,0
Kyanai,Kyanai,2024,0.0,0.0,999.0,999.0,0.0,0.0,0,0,0,0,0
LANA,LANA,2016,0.0,0.0,999.0,999.0,0.0,0.0,0,0,0,0,0
LANA,LANA,2017,0.0,0.0,999.0,999.0,0.0,0.0,0,0,0,0,0
LANA,LANA,2018,0.0,0.0,999.0,999.0,0.0,0.0,0,0,0,0,0
LANA,LANA,2019,0.0,0.0,999.0,999.0,0.0,0.0,0,0,0,0,0
LANA,LANA,2020,0.0,0.0,999.0,999.0,0.0,0.0,0,0,0,0,0
LANA,LANA,2021,0.0,0.0,999.0,999.0,0.0,0.0,0,0,0,0,0
LANA,LANA,2022,0.0,0.0,999.0,999.0,0.0,0.0,0,0,0,0,0
LANA,LANA,2023,27.0,13349710.0,22.0,96.29629629629628,0.0,0.0,1,0,0,0,0
LANA,LANA,2024,15.0,7148799.0,63.0,98.8,0.0,0.0,1,0,0,0,0
LE SSERAFIM,LE SSERAFIM,2016,0.0,0.0,999.0,999.0,0.0,0.0,0,0,0,0,0
LE SSERAFIM,LE SSERAFIM,2017,0.0,0.0,999.0,999.0,0.0,0.0,0,0,0,0,0
LE SSERAFIM,LE SSERAFIM,2018,0.0,0.0,999.0,999.0,0.0,0.0,0,0,0,0,0
LE SSERAFIM,LE SSERAFIM,2019,0.0,0.0,999.0,999.0,0.0,0.0,0,0,0,0,0
LE SSERAFIM,LE SSERAFIM,2020,0.0,0.0,999.0,999.0,0.0,0.0,0,0,0,0,0
LE SSERAFIM,LE SSERAFIM,2021,0.0,0.0,999.0,999.0,0.0,0.0,0,0,0,0,0
LE SSERAFIM,LE SSERAFIM,2022,46.0,29140875.0,17.0,58.45652173913044,0.0,0.0,1,0,0,0,1
LE SSERAFIM,LE SSERAFIM,2023,144.0,86028530.0,7.0,80.52083333333333,5.0,0.0,1,1,1,1,1
LE SSERAFIM,LE SSERAFIM,2024,157.0,102010274.0,10.0,91.92993630573248,1.0,0.0,1,2,1,2,1
LISA,LISA,2016,0.0,0.0,999.0,999.0,0.0,0.0,0,0,0,0,0
LISA,LISA,2017,0.0,0.0,999.0,999.0,0.0,0.0,0,0,0,0,0
LISA,LISA,2018,0.0,0.0,999.0,999.0,0.0,0.0,0,0,0,0,0
LISA,LISA,2019,0.0,0.0,999.0,999.0,0.0,0.0,0,0,0,0,0
LISA,LISA,2020,0.0,0.0,999.0,999.0,0.0,0.0,0,0,0,0,1
LISA,LISA,2021,0.0,0.0,999.0,999.0,0.0,0.0,0,1,1,1,1
LISA,LISA,2022,0.0,0.0,999.0,999.0,0.0,0.0,0,2,1,2,0
LISA,LISA,2023,0.0,0.0,999.0,999.0,0.0,0.0,0,2,0,0,0
LISA,LISA,2024,0.0,0.0,999.0,999.0,0.0,0.0,0,2,0,0,0
Lady Gaga,Lady Gaga,2016,0.0,0.0,999.0,999.0,0.0,0.0,0,0,0,0,0
Lady Gaga,Lady Gaga,2017,0.0,0.0,999.0,999.0,0.0,0.0,0,0,0,0,0
Lady Gaga,Lady Gaga,2018,0.0,0.0,999.0,999.0,0.0,0.0,0,0,0,0,0
Lady Gaga,Lady Gaga,2019,0.0,0.0,999.0,999.0,0.0,0.0,0,0,0,0,0
Lady Gaga,Lady Gaga,2020,0.0,0.0,999.0,999.0,0.0,0.0,0,0,0,0,0
Lady Gaga,Lady Gaga,2021,0.0,0.0,999.0,999.0,0.0,0.0,0,0,0,0,0
Lady Gaga,Lady Gaga,2022,0.0,0.0,999.0,999.0,0.0,0.0,0,0,0,0,0
Lady Gaga,Lady Gaga,2023,0.0,0.0,999.0,999.0,0.0,0.0,0,0,0,0,0
Lady Gaga,Lady Gaga,2024,19.0,8686694.0,68.0,103.73684210526316,0.0,0.0,1,0,0,0,0
Leo Ieiri,Leo Ieiri,2016,0.0,0.0,999.0,999.0,0.0,0.0,0,0,0,0,0
Leo Ieiri,Leo Ieiri,2017,0.0,0.0,999.0,999.0,0.0,0.0,0,0,0,0,0
Leo Ieiri,Leo Ieiri,2018,0.0,0.0,999.0,999.0,0.0,0.0,0,0,0,0,0
Leo Ieiri,Leo Ieiri,2019,0.0,0.0,999.0,999.0,0.0,0.0,0,0,0,0,0
Leo Ieiri,Leo Ieiri,2020,43.0,20087354.0,20.0,46.76744186046512,0.0,0.0,1,0,0,0,0
Leo Ieiri,Leo Ieiri,2021,20.0,4398024.0,74.0,128.9,0.0,0.0,1,0,0,0,0
Leo Ieiri,Leo Ieiri,2022,0.0,0.0,999.0,999.0,0.0,0.0,0,0,0,0,0
Leo Ieiri,Leo Ieiri,2023,0.0,0.0,999.0,999.0,0.0,0.0,0,0,0,0,0
Leo Ieiri,Leo Ieiri,2024,0.0,0.0,999.0,999.0,0.0,0.0,0,0,0,0,0
LiSA,LiSA,2016,0.0,0.0,999.0,999.0,0.0,0.0,0,0,0,0,0
LiSA,LiSA,2017,0.0,0.0,999.0,999.0,0.0,0.0,0,0,0,0,0
LiSA,LiSA,2018,0.0,0.0,999.0,999.0,0.0,0.0,0,0,0,0,0
LiSA,LiSA,2019,0.0,0.0,999.0,999.0,0.0,0.0,0,0,0,0,0
LiSA,LiSA,2020,71.0,69606833.0,1.0,16.676056338028168,39.0,4.0,1,0,0,0,0
LiSA,LiSA,2021,135.0,93623140.0,3.0,56.20740740740741,14.0,0.0,1,0,0,0,0
LiSA,LiSA,2022,48.0,12340409.0,60.0,129.10416666666666,0.0,0.0,1,0,0,0,0
LiSA,LiSA,2023,0.0,0.0,999.0,999.0,0.0,0.0,0,0,0,0,0
LiSA,LiSA,2024,0.0,0.0,999.0,999.0,0.0,0.0,0,0,0,0,0
Lilas,Lilas,2016,0.0,0.0,999.0,999.0,0.0,0.0,0,0,0,0,0
Lilas,Lilas,2017,0.0,0.0,999.0,999.0,0.0,0.0,0,0,0,0,0
Lilas,Lilas,2018,0.0,0.0,999.0,999.0,0.0,0.0,0,0,0,0,0
Lilas,Lilas,2019,0.0,0.0,999.0,999.0,0.0,0.0,0,0,0,0,0
Lilas,Lilas,2020,0.0,0.0,999.0,999.0,0.0,0.0,0,0,0,0,0
Lilas,Lilas,2021,37.0,10549439.0,74.0,99.0,0.0,0.0,1,0,0,0,0
Lilas,Lilas,2022,95.0,34294565.0,51.0,88.7578947368421,0.0,0.0,1,0,0,0,0
Lilas,Lilas,2023,54.0,24300371.0,37.0,102.92592592592592,0.0,0.0,1,0,0,0,0
Lilas,Lilas,2024,6.0,1934082.0,151.0,171.83333333333334,0.0,0.0,1,0,0,0,0
Little Glee Monster,Little Glee Monster,2016,0.0,0.0,999.0,999.0,0.0,0.0,0,0,0,0,0
Little Glee Monster,Little Glee Monster,2017,0.0,0.0,999.0,999.0,0.0,0.0,0,0,0,0,0
Little Glee Monster,Little Glee Monster,2018,0.0,0.0,999.0,999.0,0.0,0.0,0,0,0,0,0
Little Glee Monster,Little Glee Monster,2019,0.0,0.0,999.0,999.0,0.0,0.0,0,0,0,0,0
Little Glee Monster,Little Glee Monster,2020,0.0,0.0,999.0,999.0,0.0,0.0,0,0,0,0,1
Little Glee Monster,Little Glee Monster,2021,0.0,0.0,999.0,999.0,0.0,0.0,0,1,1,1,0
Little Glee Monster,Little Glee Monster,2022,0.0,0.0,999.0,999.0,0.0,0.0,0,1,0,0,0
Little Glee Monster,Little Glee Monster,2023,0.0,0.0,999.0,999.0,0.0,0.0,0,1,0,0,0
Little Glee Monster,Little Glee Monster,2024,0.0,0.0,999.0,999.0,0.0,0.0,0,1,0,0,0
MAISONdes,MAISONdes,2016,0.0,0.0,999.0,999.0,0.0,0.0,0,0,0,0,0
MAISONdes,MAISONdes,2017,0.0,0.0,999.0,999.0,0.0,0.0,0,0,0,0,0
MAISONdes,MAISONdes,2018,0.0,0.0,999.0,999.0,0.0,0.0,0,0,0,0,0
MAISONdes,MAISONdes,2019,0.0,0.0,999.0,999.0,0.0,0.0,0,0,0,0,0
MAISONdes,MAISONdes,2020,0.0,0.0,999.0,999.0,0.0,0.0,0,0,0,0,0
MAISONdes,MAISONdes,2021,22.0,20313007.0,10.0,26.318181818181817,3.0,0.0,1,0,0,0,0
MAISONdes,MAISONdes,2022,59.0,31038514.0,25.0,87.61016949152543,0.0,0.0,1,0,0,0,0
MAISONdes,MAISONdes,2023,41.0,25273340.0,25.0,84.3170731707317,0.0,0.0,1,0,0,0,0
MAISONdes,MAISONdes,2024,0.0,0.0,999.0,999.0,0.0,0.0,0,0,0,0,0
MAN WITH A MISSION,MAN WITH A MISSION,2016,0.0,0.0,999.0,999.0,0.0,0.0,0,0,0,0,0
MAN WITH A MISSION,MAN WITH A MISSION,2017,0.0,0.0,999.0,999.0,0.0,0.0,0,0,0,0,0
MAN WITH A MISSION,MAN WITH A MISSION,2018,0.0,0.0,999.0,999.0,0.0,0.0,0,0,0,0,0
MAN WITH A MISSION,MAN WITH A MISSION,2019,0.0,0.0,999.0,999.0,0.0,0.0,0,0,0,0,0
MAN WITH A MISSION,MAN WITH A MISSION,2020,0.0,0.0,999.0,999.0,0.0,0.0,0,0,0,0,0
MAN WITH A MISSION,MAN WITH A MISSION,2021,0.0,0.0,999.0,999.0,0.0,0.0,0,0,0,0,0
MAN WITH A MISSION,MAN WITH A MISSION,2022,0.0,0.0,999.0,999.0,0.0,0.0,0,0,0,0,0
MAN WITH A MISSION,MAN WITH A MISSION,2023,38.0,32083292.0,6.0,62.47368421052632,11.0,0.0,1,0,0,0,1
MAN WITH A MISSION,MAN WITH A MISSION,2024,15.0,5598500.0,82.0,142.0,0.0,0.0,1,1,1,1,0
ME:I,ME:I,2016,0.0,0.0,999.0,999.0,0.0,0.0,0,0,0,0,0
ME:I,ME:I,2017,0.0,0.0,999.0,999.0,0.0,0.0,0,0,0,0,0
ME:I,ME:I,2018,0.0,0.0,999.0,999.0,0.0,0.0,0,0,0,0,0
ME:I,ME:I,2019,0.0,0.0,999.0,999.0,0.0,0.0,0,0,0,0,0
ME:I,ME:I,2020,0.0,0.0,999.0,999.0,0.0,0.0,0,0,0,0,0
ME:I,ME:I,2021,0.0,0.0,999.0,999.0,0.0,0.0,0,0,0,0,0
ME:I,ME:I,2022,0.0,0.0,999.0,999.0,0.0,0.0,0,0,0,0,0
ME:I,ME:I,2023,0.0,0.0,999.0,999.0,0.0,0.0,0,0,0,0,0
ME:I,ME:I,2024,0.0,0.0,999.0,999.0,0.0,0.0,0,0,0,0,1
MILLENNIUM PARADE,MILLENNIUM PARADE,2016,0.0,0.0,999.0,999.0,0.0,0.0,0,0,0,0,0
MILLENNIUM PARADE,MILLENNIUM PARADE,2017,0.0,0.0,999.0,999.0,0.0,0.0,0,0,0,0,0
MILLENNIUM PARADE,MILLENNIUM PARADE,2018,0.0,0.0,999.0,999.0,0.0,0.0,0,0,0,0,0
MILLENNIUM PARADE,MILLENNIUM PARADE,2019,0.0,0.0,999.0,999.0,0.0,0.0,0,0,0,0,0
MILLENNIUM PARADE,MILLENNIUM PARADE,2020,0.0,0.0,999.0,999.0,0.0,0.0,0,0,0,0,0
MILLENNIUM PARADE,MILLENNIUM PARADE,2021,25.0,15075267.0,10.0,68.0,2.0,0.0,1,0,0,0,1
MILLENNIUM PARADE,MILLENNIUM PARADE,2022,6.0,1490888.0,83.0,128.5,0.0,0.0,1,1,1,1,0
MILLENNIUM PARADE,MILLENNIUM PARADE,2023,0.0,0.0,999.0,999.0,0.0,0.0,0,1,0,0,0
MILLENNIUM PARADE,MILLENNIUM PARADE,2024,0.0,0.0,999.0,999.0,0.0,0.0,0,1,0,0,0
MISAMO,MISAMO,2016,0.0,0.0,999.0,999.0,0.0,0.0,0,0,0,0,0
MISAMO,MISAMO,2017,0.0,0.0,999.0,999.0,0.0,0.0,0,0,0,0,0
MISAMO,MISAMO,2018,0.0,0.0,999.0,999.0,0.0,0.0,0,0,0,0,0
MISAMO,MISAMO,2019,0.0,0.0,999.0,999.0,0.0,0.0,0,0,0,0,0
MISAMO,MISAMO,2020,0.0,0.0,999.0,999.0,0.0,0.0,0,0,0,0,0
MISAMO,MISAMO,2021,0.0,0.0,999.0,999.0,0.0,0.0,0,0,0,0,0
MISAMO,MISAMO,2022,0.0,0.0,999.0,999.0,0.0,0.0,0,0,0,0,0
MISAMO,MISAMO,2023,0.0,0.0,999.0,999.0,0.0,0.0,0,0,0,0,1
MISAMO,MISAMO,2024,11.0,13339157.0,8.0,26.727272727272727,2.0,0.0,1,1,1,1,0
MISIA,MISIA,2016,0.0,0.0,999.0,999.0,0.0,0.0,0,0,0,0,0
MISIA,MISIA,2017,0.0,0.0,999.0,999.0,0.0,0.0,0,0,0,0,0
MISIA,MISIA,2018,0.0,0.0,999.0,999.0,0.0,0.0,0,0,0,0,0
MISIA,MISIA,2019,0.0,0.0,999.0,999.0,0.0,0.0,0,0,0,0,0
MISIA,MISIA,2020,45.0,7999702.0,54.0,108.13333333333334,0.0,0.0,1,0,0,0,1
MISIA,MISIA,2021,21.0,4038208.0,141.0,163.33333333333334,0.0,0.0,1,1,1,1,1
MISIA,MISIA,2022,52.0,12799662.0,108.0,145.32692307692307,0.0,0.0,1,2,1,2,1
MISIA,MISIA,2023,17.0,4994171.0,104.0,159.2941176470588,0.0,0.0,1,3,1,3,1
MISIA,MISIA,2024,0.0,0.0,999.0,999.0,0.0,0.0,0,4,1,4,1
MONGOL800,MONGOL800,2016,0.0,0.0,999.0,999.0,0.0,0.0,0,0,0,0,0
MONGOL800,MONGOL800,2017,0.0,0.0,999.0,999.0,0.0,0.0,0,0,0,0,0
MONGOL800,MONGOL800,2018,0.0,0.0,999.0,999.0,0.0,0.0,0,0,0,0,0
MONGOL800,MONGOL800,2019,0.0,0.0,999.0,999.0,0.0,0.0,0,0,0,0,0
MONGOL800,MONGOL800,2020,53.0,15537955.0,25.0,71.67924528301887,0.0,0.0,1,0,0,0,0
MONGOL800,MONGOL800,2021,50.0,9462856.0,138.0,166.18,0.0,0.0,1,0,0,0,0
MONGOL800,MONGOL800,2022,37.0,8335448.0,122.0,166.24324324324326,0.0,0.0,1,0,0,0,0
MONGOL800,MONGOL800,2023,45.0,14413838.0,114.0,152.2,0.0,0.0,1,0,0,0,0
MONGOL800,MONGOL800,2024,48.0,18170430.0,83.0,150.1875,0.0,0.0,1,0,0,0,0
MUKADE,MUKADE,2016,0.0,0.0,999.0,999.0,0.0,0.0,0,0,0,0,0
MUKADE,MUKADE,2017,0.0,0.0,999.0,999.0,0.0,0.0,0,0,0,0,0
MUKADE,MUKADE,2018,0.0,0.0,999.0,999.0,0.0,0.0,0,0,0,0,0
MUKADE,MUKADE,2019,0.0,0.0,999.0,999.0,0.0,0.0,0,0,0,0,0
MUKADE,MUKADE,2020,0.0,0.0,999.0,999.0,0.0,0.0,0,0,0,0,0
MUKADE,MUKADE,2021,0.0,0.0,999.0,999.0,0.0,0.0,0,0,0,0,0
MUKADE,MUKADE,2022,0.0,0.0,999.0,999.0,0.0,0.0,0,0,0,0,0
MUKADE,MUKADE,2023,45.0,40433775.0,4.0,51.44444444444444,11.0,0.0,1,0,0,0,0
MUKADE,MUKADE,2024,39.0,13197713.0,126.0,179.30769230769232,0.0,0.0,1,0,0,0,0
MY FIRST STORY,MY FIRST STORY,2016,0.0,0.0,999.0,999.0,0.0,0.0,0,0,0,0,0
MY FIRST STORY,MY FIRST STORY,2017,0.0,0.0,999.0,999.0,0.0,0.0,0,0,0,0,0
MY FIRST STORY,MY FIRST STORY,2018,0.0,0.0,999.0,999.0,0.0,0.0,0,0,0,0,0
MY FIRST STORY,MY FIRST STORY,2019,0.0,0.0,999.0,999.0,0.0,0.0,0,0,0,0,0
MY FIRST STORY,MY FIRST STORY,2020,0.0,0.0,999.0,999.0,0.0,0.0,0,0,0,0,0
MY FIRST STORY,MY FIRST STORY,2021,0.0,0.0,999.0,999.0,0.0,0.0,0,0,0,0,0
MY FIRST STORY,MY FIRST STORY,2022,0.0,0.0,999.0,999.0,0.0,0.0,0,0,0,0,0
MY FIRST STORY,MY FIRST STORY,2023,40.0,40501252.0,6.0,36.2,10.0,0.0,1,0,0,0,0
MY FIRST STORY,MY FIRST STORY,2024,77.0,55388824.0,12.0,67.8051948051948,0.0,0.0,1,0,0,0,0
Macaroni Empitsu,Macaroni Empitsu,2016,0.0,0.0,999.0,999.0,0.0,0.0,0,0,0,0,0
Macaroni Empitsu,Macaroni Empitsu,2017,0.0,0.0,999.0,999.0,0.0,0.0,0,0,0,0,0
Macaroni Empitsu,Macaroni Empitsu,2018,0.0,0.0,999.0,999.0,0.0,0.0,0,0,0,0,0
Macaroni Empitsu,Macaroni Empitsu,2019,0.0,0.0,999.0,999.0,0.0,0.0,0,0,0,0,0
Macaroni Empitsu,Macaroni Empitsu,2020,65.0,14689078.0,48.0,114.33846153846154,0.0,0.0,1,0,0,0,0
Macaroni Empitsu,Macaroni Empitsu,2021,112.0,53565969.0,3.0,72.52678571428571,6.0,0.0,1,0,0,0,0
Macaroni Empitsu,Macaroni Empitsu,2022,156.0,103673055.0,1.0,56.6474358974359,30.0,3.0,1,0,0,0,0
Macaroni Empitsu,Macaroni Empitsu,2023,206.0,127262727.0,11.0,79.2621359223301,0.0,0.0,1,0,0,0,0
Macaroni Empitsu,Macaroni Empitsu,2024,186.0,88188879.0,32.0,116.59677419354838,0.0,0.0,1,0,0,0,0
Mafumafu,Mafumafu,2016,0.0,0.0,999.0,999.0,0.0,0.0,0,0,0,0,0
Mafumafu,Mafumafu,2017,0.0,0.0,999.0,999.0,0.0,0.0,0,0,0,0,0
Mafumafu,Mafumafu,2018,0.0,0.0,999.0,999.0,0.0,0.0,0,0,0,0,0
Mafumafu,Mafumafu,2019,0.0,0.0,999.0,999.0,0.0,0.0,0,0,0,0,0
Mafumafu,Mafumafu,2020,0.0,0.0,999.0,999.0,0.0,0.0,0,0,0,0,0
Mafumafu,Mafumafu,2021,0.0,0.0,999.0,999.0,0.0,0.0,0,0,0,0,1
Mafumafu,Mafumafu,2022,0.0,0.0,999.0,999.0,0.0,0.0,0,1,1,1,0
Mafumafu,Mafumafu,2023,0.0,0.0,999.0,999.0,0.0,0.0,0,1,0,0,0
Mafumafu,Mafumafu,2024,0.0,0.0,999.0,999.0,0.0,0.0,0,1,0,0,0
Marcy,Marcy,2016,0.0,0.0,999.0,999.0,0.0,0.0,0,0,0,0,0
Marcy,Marcy,2017,0.0,0.0,999.0,999.0,0.0,0.0,0,0,0,0,0
Marcy,Marcy,2018,0.0,0.0,999.0,999.0,0.0,0.0,0,0,0,0,0
Marcy,Marcy,2019,0.0,0.0,999.0,999.0,0.0,0.0,0,0,0,0,0
Marcy,Marcy,2020,0.0,0.0,999.0,999.0,0.0,0.0,0,0,0,0,0
Marcy,Marcy,2021,0.0,0.0,999.0,999.0,0.0,0.0,0,0,0,0,0
Marcy,Marcy,2022,0.0,0.0,999.0,999.0,0.0,0.0,0,0,0,0,0
Marcy,Marcy,2023,13.0,13011739.0,12.0,37.61538461538461,0.0,0.0,1,0,0,0,0
Marcy,Marcy,2024,52.0,26600466.0,33.0,105.23076923076924,0.0,0.0,1,0,0,0,0
Mariah Carey,Mariah Carey,2016,0.0,0.0,999.0,999.0,0.0,0.0,0,0,0,0,0
Mariah Carey,Mariah Carey,2017,0.0,0.0,999.0,999.0,0.0,0.0,0,0,0,0,0
Mariah Carey,Mariah Carey,2018,0.0,0.0,999.0,999.0,0.0,0.0,0,0,0,0,0
Mariah Carey,Mariah Carey,2019,0.0,0.0,999.0,999.0,0.0,0.0,0,0,0,0,0
Mariah Carey,Mariah Carey,2020,7.0,2606963.0,39.0,86.57142857142857,0.0,0.0,1,0,0,0,0
Mariah Carey,Mariah Carey,2021,6.0,3133440.0,29.0,75.5,0.0,0.0,1,0,0,0,0
Mariah Carey,Mariah Carey,2022,6.0,4602804.0,10.0,53.833333333333336,1.0,0.0,1,0,0,0,0
Mariah Carey,Mariah Carey,2023,7.0,5067115.0,7.0,78.14285714285714,1.0,0.0,1,0,0,0,0
Mariah Carey,Mariah Carey,2024,6.0,5178191.0,7.0,61.66666666666666,1.0,0.0,1,0,0,0,0
Masaharu Fukuyama,Masaharu Fukuyama,2016,0.0,0.0,999.0,999.0,0.0,0.0,0,0,0,0,0
Masaharu Fukuyama,Masaharu Fukuyama,2017,0.0,0.0,999.0,999.0,0.0,0.0,0,0,0,0,0
Masaharu Fukuyama,Masaharu Fukuyama,2018,0.0,0.0,999.0,999.0,0.0,0.0,0,0,0,0,0
Masaharu Fukuyama,Masaharu Fukuyama,2019,0.0,0.0,999.0,999.0,0.0,0.0,0,0,0,0,0
Masaharu Fukuyama,Masaharu Fukuyama,2020,0.0,0.0,999.0,999.0,0.0,0.0,0,0,0,0,1
Masaharu Fukuyama,Masaharu Fukuyama,2021,0.0,0.0,999.0,999.0,0.0,0.0,0,1,1,1,1
Masaharu Fukuyama,Masaharu Fukuyama,2022,0.0,0.0,999.0,999.0,0.0,0.0,0,2,1,2,1
Masaharu Fukuyama,Masaharu Fukuyama,2023,0.0,0.0,999.0,999.0,0.0,0.0,0,3,1,3,1
Masaharu Fukuyama,Masaharu Fukuyama,2024,0.0,0.0,999.0,999.0,0.0,0.0,0,4,1,4,1
Masanori Otoda,Masanori Otoda,2016,0.0,0.0,999.0,999.0,0.0,0.0,0,0,0,0,0
Masanori Otoda,Masanori Otoda,2017,0.0,0.0,999.0,999.0,0.0,0.0,0,0,0,0,0
Masanori Otoda,Masanori Otoda,2018,0.0,0.0,999.0,999.0,0.0,0.0,0,0,0,0,0
Masanori Otoda,Masanori Otoda,2019,0.0,0.0,999.0,999.0,0.0,0.0,0,0,0,0,0
Masanori Otoda,Masanori Otoda,2020,0.0,0.0,999.0,999.0,0.0,0.0,0,0,0,0,0
Masanori Otoda,Masanori Otoda,2021,0.0,0.0,999.0,999.0,0.0,0.0,0,0,0,0,0
Masanori Otoda,Masanori Otoda,2022,0.0,0.0,999.0,999.0,0.0,0.0,0,0,0,0,0
Masanori Otoda,Masanori Otoda,2023,24.0,21434297.0,13.0,36.625,0.0,0.0,1,0,0,0,0
Masanori Otoda,Masanori Otoda,2024,36.0,17315420.0,54.0,102.05555555555556,0.0,0.0,1,0,0,0,0
Masashi Sada,Masashi Sada,2016,0.0,0.0,999.0,999.0,0.0,0.0,0,0,0,0,0
Masashi Sada,Masashi Sada,2017,0.0,0.0,999.0,999.0,0.0,0.0,0,0,0,0,0
Masashi Sada,Masashi Sada,2018,0.0,0.0,999.0,999.0,0.0,0.0,0,0,0,0,0
Masashi Sada,Masashi Sada,2019,0.0,0.0,999.0,999.0,0.0,0.0,0,0,0,0,0
Masashi Sada,Masashi Sada,2020,0.0,0.0,999.0,999.0,0.0,0.0,0,0,0,0,0
Masashi Sada,Masashi Sada,2021,0.0,0.0,999.0,999.0,0.0,0.0,0,0,0,0,0
Masashi Sada,Masashi Sada,2022,0.0,0.0,999.0,999.0,0.0,0.0,0,0,0,0,0
Masashi Sada,Masashi Sada,2023,0.0,0.0,999.0,999.0,0.0,0.0,0,0,0,0,1
Masashi Sada,Masashi Sada,2024,0.0,0.0,999.0,999.0,0.0,0.0,0,1,1,1,0
Masayuki Suzuki,Masayuki Suzuki,2016,0.0,0.0,999.0,999.0,0.0,0.0,0,0,0,0,0
Masayuki Suzuki,Masayuki Suzuki,2017,0.0,0.0,999.0,999.0,0.0,0.0,0,0,0,0,0
Masayuki Suzuki,Masayuki Suzuki,2018,0.0,0.0,999.0,999.0,0.0,0.0,0,0,0,0,0
Masayuki Suzuki,Masayuki Suzuki,2019,0.0,0.0,999.0,999.0,0.0,0.0,0,0,0,0,0
Masayuki Suzuki,Masayuki Suzuki,2020,0.0,0.0,999.0,999.0,0.0,0.0,0,0,0,0,1
Masayuki Suzuki,Masayuki Suzuki,2021,0.0,0.0,999.0,999.0,0.0,0.0,0,1,1,1,1
Masayuki Suzuki,Masayuki Suzuki,2022,0.0,0.0,999.0,999.0,0.0,0.0,0,2,1,2,1
Masayuki Suzuki,Masayuki Suzuki,2023,0.0,0.0,999.0,999.0,0.0,0.0,0,3,1,3,1
Masayuki Suzuki,Masayuki Suzuki,2024,0.0,0.0,999.0,999.0,0.0,0.0,0,4,1,4,0
Mega Shinnosuke,Mega Shinnosuke,2016,0.0,0.0,999.0,999.0,0.0,0.0,0,0,0,0,0
Mega Shinnosuke,Mega Shinnosuke,2017,0.0,0.0,999.0,999.0,0.0,0.0,0,0,0,0,0
Mega Shinnosuke,Mega Shinnosuke,2018,0.0,0.0,999.0,999.0,0.0,0.0,0,0,0,0,0
Mega Shinnosuke,Mega Shinnosuke,2019,0.0,0.0,999.0,999.0,0.0,0.0,0,0,0,0,0
Mega Shinnosuke,Mega Shinnosuke,2020,0.0,0.0,999.0,999.0,0.0,0.0,0,0,0,0,0
Mega Shinnosuke,Mega Shinnosuke,2021,0.0,0.0,999.0,999.0,0.0,0.0,0,0,0,0,0
Mega Shinnosuke,Mega Shinnosuke,2022,0.0,0.0,999.0,999.0,0.0,0.0,0,0,0,0,0
Mega Shinnosuke,Mega Shinnosuke,2023,0.0,0.0,999.0,999.0,0.0,0.0,0,0,0,0,0
Mega Shinnosuke,Mega Shinnosuke,2024,18.0,11767940.0,38.0,77.11111111111111,0.0,0.0,1,0,0,0,0
Motohiro Hata,Motohiro Hata,2016,0.0,0.0,999.0,999.0,0.0,0.0,0,0,0,0,0
Motohiro Hata,Motohiro Hata,2017,0.0,0.0,999.0,999.0,0.0,0.0,0,0,0,0,0
Motohiro Hata,Motohiro Hata,2018,0.0,0.0,999.0,999.0,0.0,0.0,0,0,0,0,0
Motohiro Hata,Motohiro Hata,2019,0.0,0.0,999.0,999.0,0.0,0.0,0,0,0,0,0
Motohiro Hata,Motohiro Hata,2020,83.0,16919610.0,41.0,110.43373493975903,0.0,0.0,1,0,0,0,0
Motohiro Hata,Motohiro Hata,2021,28.0,5072541.0,152.0,180.64285714285717,0.0,0.0,1,0,0,0,0
Motohiro Hata,Motohiro Hata,2022,4.0,778908.0,178.0,186.75,0.0,0.0,1,0,0,0,0
Motohiro Hata,Motohiro Hata,2023,0.0,0.0,999.0,999.0,0.0,0.0,0,0,0,0,0
Motohiro Hata,Motohiro Hata,2024,0.0,0.0,999.0,999.0,0.0,0.0,0,0,0,0,0
Mr.Children,Mr.Children,2016,0.0,0.0,999.0,999.0,0.0,0.0,0,0,0,0,0
Mr.Children,Mr.Children,2017,0.0,0.0,999.0,999.0,0.0,0.0,0,0,0,0,0
Mr.Children,Mr.Children,2018,0.0,0.0,999.0,999.0,0.0,0.0,0,0,0,0,0
Mr.Children,Mr.Children,2019,0.0,0.0,999.0,999.0,0.0,0.0,0,0,0,0,0
Mr.Children,Mr.Children,2020,53.0,19245860.0,18.0,53.471698113207545,0.0,0.0,1,0,0,0,1
Mr.Children,Mr.Children,2021,52.0,11689532.0,96.0,132.76923076923077,0.0,0.0,1,1,1,1,0
Mr.Children,Mr.Children,2022,47.0,10618980.0,97.0,163.14893617021278,0.0,0.0,1,1,0,0,0
Mr.Children,Mr.Children,2023,9.0,2437999.0,169.0,183.77777777777777,0.0,0.0,1,1,0,0,0
Mr.Children,Mr.Children,2024,7.0,2405810.0,166.0,184.42857142857144,0.0,0.0,1,1,0,0,0
Mrs. GREEN APPLE,Mrs. GREEN APPLE,2016,0.0,0.0,999.0,999.0,0.0,0.0,0,0,0,0,0
Mrs. GREEN APPLE,Mrs. GREEN APPLE,2017,0.0,0.0,999.0,999.0,0.0,0.0,0,0,0,0,0
Mrs. GREEN APPLE,Mrs. GREEN APPLE,2018,0.0,0.0,999.0,999.0,0.0,0.0,0,0,0,0,0
Mrs. GREEN APPLE,Mrs. GREEN APPLE,2019,0.0,0.0,999.0,999.0,0.0,0.0,0,0,0,0,0
Mrs. GREEN APPLE,Mrs. GREEN APPLE,2020,420.0,168773859.0,16.0,66.53571428571429,0.0,0.0,1,0,0,0,0
Mrs. GREEN APPLE,Mrs. GREEN APPLE,2021,261.0,103543818.0,25.0,91.87739463601532,0.0,0.0,1,0,0,0,0
Mrs. GREEN APPLE,Mrs. GREEN APPLE,2022,360.0,166132522.0,2.0,102.50555555555556,25.0,0.0,1,0,0,0,0
Mrs. GREEN APPLE,Mrs. GREEN APPLE,2023,714.0,497056769.0,4.0,71.55042016806723,82.0,0.0,1,0,0,0,1
Mrs. GREEN APPLE,Mrs. GREEN APPLE,2024,980.0,1001278119.0,1.0,52.61122448979592,167.0,19.0,1,1,1,1,1
NAYEON,NAYEON,2016,0.0,0.0,999.0,999.0,0.0,0.0,0,0,0,0,0
NAYEON,NAYEON,2017,0.0,0.0,999.0,999.0,0.0,0.0,0,0,0,0,0
NAYEON,NAYEON,2018,0.0,0.0,999.0,999.0,0.0,0.0,0,0,0,0,0
NAYEON,NAYEON,2019,0.0,0.0,999.0,999.0,0.0,0.0,0,0,0,0,0
NAYEON,NAYEON,2020,0.0,0.0,999.0,999.0,0.0,0.0,0,0,0,0,0
NAYEON,NAYEON,2021,0.0,0.0,999.0,999.0,0.0,0.0,0,0,0,0,0
NAYEON,NAYEON,2022,27.0,21462347.0,8.0,39.407407407407405,5.0,0.0,1,0,0,0,0
NAYEON,NAYEON,2023,28.0,8934013.0,101.0,147.07142857142858,0.0,0.0,1,0,0,0,0
NAYEON,NAYEON,2024,0.0,0.0,999.0,999.0,0.0,0.0,0,0,0,0,0
NewJeans,NewJeans,2016,0.0,0.0,999.0,999.0,0.0,0.0,0,0,0,0,0
NewJeans,NewJeans,2017,0.0,0.0,999.0,999.0,0.0,0.0,0,0,0,0,0
NewJeans,NewJeans,2018,0.0,0.0,999.0,999.0,0.0,0.0,0,0,0,0,0
NewJeans,NewJeans,2019,0.0,0.0,999.0,999.0,0.0,0.0,0,0,0,0,0
NewJeans,NewJeans,2020,0.0,0.0,999.0,999.0,0.0,0.0,0,0,0,0,0
NewJeans,NewJeans,2021,0.0,0.0,999.0,999.0,0.0,0.0,0,0,0,0,0
NewJeans,NewJeans,2022,43.0,15826083.0,12.0,101.44186046511628,0.0,0.0,1,0,0,0,0
NewJeans,NewJeans,2023,242.0,185052149.0,4.0,59.413223140495866,26.0,0.0,1,0,0,0,0
NewJeans,NewJeans,2024,277.0,148012605.0,15.0,101.03971119133574,0.0,0.0,1,0,0,0,0
Nissy,Nissy,2016,0.0,0.0,999.0,999.0,0.0,0.0,0,0,0,0,0
Nissy,Nissy,2017,0.0,0.0,999.0,999.0,0.0,0.0,0,0,0,0,0
Nissy,Nissy,2018,0.0,0.0,999.0,999.0,0.0,0.0,0,0,0,0,0
Nissy,Nissy,2019,0.0,0.0,999.0,999.0,0.0,0.0,0,0,0,0,0
Nissy,Nissy,2020,51.0,10470842.0,37.0,93.4313725490196,0.0,0.0,1,0,0,0,0
Nissy,Nissy,2021,1.0,134344.0,200.0,200.0,0.0,0.0,1,0,0,0,0
Nissy,Nissy,2022,0.0,0.0,999.0,999.0,0.0,0.0,0,0,0,0,0
Nissy,Nissy,2023,0.0,0.0,999.0,999.0,0.0,0.0,0,0,0,0,0
Nissy,Nissy,2024,0.0,0.0,999.0,999.0,0.0,0.0,0,0,0,0,0
NiziU,NiziU,2016,0.0,0.0,999.0,999.0,0.0,0.0,0,0,0,0,0
NiziU,NiziU,2017,0.0,0.0,999.0,999.0,0.0,0.0,0,0,0,0,0
NiziU,NiziU,2018,0.0,0.0,999.0,999.0,0.0,0.0,0,0,0,0,0
NiziU,NiziU,2019,0.0,0.0,999.0,999.0,0.0,0.0,0,0,0,0,0
NiziU,NiziU,2020,33.0,41503439.0,3.0,8.666666666666666,31.0,0.0,1,0,0,0,1
NiziU,NiziU,2021,183.0,111756651.0,7.0,68.31693989071039,10.0,0.0,1,1,1,1,1
NiziU,NiziU,2022,42.0,12152729.0,47.0,132.11904761904762,0.0,0.0,1,2,1,2,1
NiziU,NiziU,2023,0.0,0.0,999.0,999.0,0.0,0.0,0,3,1,3,1
NiziU,NiziU,2024,0.0,0.0,999.0,999.0,0.0,0.0,0,4,1,4,0
Nogizaka46,Nogizaka46,2016,0.0,0.0,999.0,999.0,0.0,0.0,0,0,0,0,0
Nogizaka46,Nogizaka46,2017,0.0,0.0,999.0,999.0,0.0,0.0,0,0,0,0,0
Nogizaka46,Nogizaka46,2018,0.0,0.0,999.0,999.0,0.0,0.0,0,0,0,0,0
Nogizaka46,Nogizaka46,2019,0.0,0.0,999.0,999.0,0.0,0.0,0,0,0,0,0
Nogizaka46,Nogizaka46,2020,0.0,0.0,999.0,999.0,0.0,0.0,0,0,0,0,1
Nogizaka46,Nogizaka46,2021,0.0,0.0,999.0,999.0,0.0,0.0,0,1,1,1,1
Nogizaka46,Nogizaka46,2022,0.0,0.0,999.0,999.0,0.0,0.0,0,2,1,2,1
Nogizaka46,Nogizaka46,2023,0.0,0.0,999.0,999.0,0.0,0.0,0,3,1,3,1
Nogizaka46,Nogizaka46,2024,0.0,0.0,999.0,999.0,0.0,0.0,0,4,1,4,1
Novelbright,Novelbright,2016,0.0,0.0,999.0,999.0,0.0,0.0,0,0,0,0,0
Novelbright,Novelbright,2017,0.0,0.0,999.0,999.0,0.0,0.0,0,0,0,0,0
Novelbright,Novelbright,2018,0.0,0.0,999.0,999.0,0.0,0.0,0,0,0,0,0
Novelbright,Novelbright,2019,0.0,0.0,999.0,999.0,0.0,0.0,0,0,0,0,0
Novelbright,Novelbright,2020,56.0,35777613.0,14.0,27.839285714285715,0.0,0.0,1,0,0,0,0
Novelbright,Novelbright,2021,104.0,59608819.0,25.0,51.41346153846154,0.0,0.0,1,0,0,0,0
Novelbright,Novelbright,2022,136.0,68929777.0,7.0,79.11764705882354,6.0,0.0,1,0,0,0,0
Novelbright,Novelbright,2023,105.0,60124881.0,18.0,97.04761904761904,0.0,0.0,1,0,0,0,0
Novelbright,Novelbright,2024,147.0,68639542.0,52.0,107.31292517006804,0.0,0.0,1,0,0,0,0
Number_i,Number_i,2016,0.0,0.0,999.0,999.0,0.0,0.0,0,0,0,0,0
Number_i,Number_i,2017,0.0,0.0,999.0,999.0,0.0,0.0,0,0,0,0,0
Number_i,Number_i,2018,0.0,0.0,999.0,999.0,0.0,0.0,0,0,0,0,0
Number_i,Number_i,2019,0.0,0.0,999.0,999.0,0.0,0.0,0,0,0,0,0
Number_i,Number_i,2020,0.0,0.0,999.0,999.0,0.0,0.0,0,0,0,0,0
Number_i,Number_i,2021,0.0,0.0,999.0,999.0,0.0,0.0,0,0,0,0,0
Number_i,Number_i,2022,0.0,0.0,999.0,999.0,0.0,0.0,0,0,0,0,0
Number_i,Number_i,2023,0.0,0.0,999.0,999.0,0.0,0.0,0,0,0,0,0
Number_i,Number_i,2024,102.0,118792953.0,4.0,28.176470588235293,7.0,0.0,1,0,0,0,1
OFFICIAL HIGE DANDISM,OFFICIAL HIGE DANDISM,2016,0.0,0.0,999.0,999.0,0.0,0.0,0,0,0,0,0
OFFICIAL HIGE DANDISM,OFFICIAL HIGE DANDISM,2017,0.0,0.0,999.0,999.0,0.0,0.0,0,0,0,0,0
OFFICIAL HIGE DANDISM,OFFICIAL HIGE DANDISM,2018,0.0,0.0,999.0,999.0,0.0,0.0,0,0,0,0,0
OFFICIAL HIGE DANDISM,OFFICIAL HIGE DANDISM,2019,0.0,0.0,999.0,999.0,0.0,0.0,0,0,0,0,0
OFFICIAL HIGE DANDISM,OFFICIAL HIGE DANDISM,2020,454.0,375030403.0,1.0,22.10352422907489,205.0,20.0,1,0,0,0,1
OFFICIAL HIGE DANDISM,OFFICIAL HIGE DANDISM,2021,527.0,274545278.0,4.0,80.36053130929791,23.0,0.0,1,1,1,1,0
OFFICIAL HIGE DANDISM,OFFICIAL HIGE DANDISM,2022,408.0,251626999.0,1.0,88.52696078431373,30.0,12.0,1,1,0,0,1
OFFICIAL HIGE DANDISM,OFFICIAL HIGE DANDISM,2023,482.0,328972547.0,1.0,83.90871369294605,48.0,14.0,1,2,1,1,1
OFFICIAL HIGE DANDISM,OFFICIAL HIGE DANDISM,2024,339.0,179662013.0,6.0,111.06784660766962,5.0,0.0,1,3,1,2,0
ONE OK ROCK,ONE OK ROCK,2016,0.0,0.0,999.0,999.0,0.0,0.0,0,0,0,0,0
ONE OK ROCK,ONE OK ROCK,2017,0.0,0.0,999.0,999.0,0.0,0.0,0,0,0,0,0
ONE OK ROCK,ONE OK ROCK,2018,0.0,0.0,999.0,999.0,0.0,0.0,0,0,0,0,0
ONE OK ROCK,ONE OK ROCK,2019,0.0,0.0,999.0,999.0,0.0,0.0,0,0,0,0,0
ONE OK ROCK,ONE OK ROCK,2020,223.0,45641821.0,33.0,115.97757847533632,0.0,0.0,1,0,0,0,0
ONE OK ROCK,ONE OK ROCK,2021,142.0,42047439.0,9.0,127.72535211267606,4.0,0.0,1,0,0,0,0
ONE OK ROCK,ONE OK ROCK,2022,38.0,8105701.0,121.0,173.23684210526315,0.0,0.0,1,0,0,0,0
ONE OK ROCK,ONE OK ROCK,2023,12.0,3686604.0,171.0,185.16666666666663,0.0,0.0,1,0,0,0,0
ONE OK ROCK,ONE OK ROCK,2024,27.0,9472107.0,128.0,173.07407407407408,0.0,0.0,1,0,0,0,0
ORANGE RANGE,ORANGE RANGE,2016,0.0,0.0,999.0,999.0,0.0,0.0,0,0,0,0,0
ORANGE RANGE,ORANGE RANGE,2017,0.0,0.0,999.0,999.0,0.0,0.0,0,0,0,0,0
ORANGE RANGE,ORANGE RANGE,2018,0.0,0.0,999.0,999.0,0.0,0.0,0,0,0,0,0
ORANGE RANGE,ORANGE RANGE,2019,0.0,0.0,999.0,999.0,0.0,0.0,0,0,0,0,0
ORANGE RANGE,ORANGE RANGE,2020,0.0,0.0,999.0,999.0,0.0,0.0,0,0,0,0,0
ORANGE RANGE,ORANGE RANGE,2021,0.0,0.0,999.0,999.0,0.0,0.0,0,0,0,0,0
ORANGE RANGE,ORANGE RANGE,2022,1.0,197654.0,196.0,196.0,0.0,0.0,1,0,0,0,0
ORANGE RANGE,ORANGE RANGE,2023,5.0,1457062.0,148.0,174.6,0.0,0.0,1,0,0,0,0
ORANGE RANGE,ORANGE RANGE,2024,4.0,1377731.0,149.0,180.25,0.0,0.0,1,0,0,0,0
Omoinotake,Omoinotake,2016,0.0,0.0,999.0,999.0,0.0,0.0,0,0,0,0,0
Omoinotake,Omoinotake,2017,0.0,0.0,999.0,999.0,0.0,0.0,0,0,0,0,0
Omoinotake,Omoinotake,2018,0.0,0.0,999.0,999.0,0.0,0.0,0,0,0,0,0
Omoinotake,Omoinotake,2019,0.0,0.0,999.0,999.0,0.0,0.0,0,0,0,0,0
Omoinotake,Omoinotake,2020,0.0,0.0,999.0,999.0,0.0,0.0,0,0,0,0,0
Omoinotake,Omoinotake,2021,0.0,0.0,999.0,999.0,0.0,0.0,0,0,0,0,0
Omoinotake,Omoinotake,2022,0.0,0.0,999.0,999.0,0.0,0.0,0,0,0,0,0
Omoinotake,Omoinotake,2023,0.0,0.0,999.0,999.0,0.0,0.0,0,0,0,0,0
Omoinotake,Omoinotake,2024,48.0,86556396.0,2.0,11.3125,32.0,0.0,1,0,0,0,1
Orangestar,Orangestar,2016,0.0,0.0,999.0,999.0,0.0,0.0,0,0,0,0,0
Orangestar,Orangestar,2017,0.0,0.0,999.0,999.0,0.0,0.0,0,0,0,0,0
Orangestar,Orangestar,2018,0.0,0.0,999.0,999.0,0.0,0.0,0,0,0,0,0
Orangestar,Orangestar,2019,0.0,0.0,999.0,999.0,0.0,0.0,0,0,0,0,0
Orangestar,Orangestar,2020,0.0,0.0,999.0,999.0,0.0,0.0,0,0,0,0,0
Orangestar,Orangestar,2021,3.0,597225.0,187.0,190.33333333333331,0.0,0.0,1,0,0,0,0
Orangestar,Orangestar,2022,51.0,11974605.0,109.0,154.84313725490196,0.0,0.0,1,0,0,0,0
Orangestar,Orangestar,2023,23.0,7287118.0,100.0,144.95652173913044,0.0,0.0,1,0,0,0,0
Orangestar,Orangestar,2024,10.0,3244515.0,157.0,182.8,0.0,0.0,1,0,0,0,0
Perfume,Perfume,2016,0.0,0.0,999.0,999.0,0.0,0.0,0,0,0,0,0
Perfume,Perfume,2017,0.0,0.0,999.0,999.0,0.0,0.0,0,0,0,0,0
Perfume,Perfume,2018,0.0,0.0,999.0,999.0,0.0,0.0,0,0,0,0,0
Perfume,Perfume,2019,0.0,0.0,999.0,999.0,0.0,0.0,0,0,0,0,0
Perfume,Perfume,2020,0.0,0.0,999.0,999.0,0.0,0.0,0,0,0,0,1
Perfume,Perfume,2021,0.0,0.0,999.0,999.0,0.0,0.0,0,1,1,1,1
Perfume,Perfume,2022,0.0,0.0,999.0,999.0,0.0,0.0,0,2,1,2,1
Perfume,Perfume,2023,0.0,0.0,999.0,999.0,0.0,0.0,0,3,1,3,1
Perfume,Perfume,2024,0.0,0.0,999.0,999.0,0.0,0.0,0,4,1,4,0
QUEEN BEE,QUEEN BEE,2016,0.0,0.0,999.0,999.0,0.0,0.0,0,0,0,0,0
QUEEN BEE,QUEEN BEE,2017,0.0,0.0,999.0,999.0,0.0,0.0,0,0,0,0,0
QUEEN BEE,QUEEN BEE,2018,0.0,0.0,999.0,999.0,0.0,0.0,0,0,0,0,0
QUEEN BEE,QUEEN BEE,2019,0.0,0.0,999.0,999.0,0.0,0.0,0,0,0,0,0
QUEEN BEE,QUEEN BEE,2020,0.0,0.0,999.0,999.0,0.0,0.0,0,0,0,0,0
QUEEN BEE,QUEEN BEE,2021,0.0,0.0,999.0,999.0,0.0,0.0,0,0,0,0,0
QUEEN BEE,QUEEN BEE,2022,0.0,0.0,999.0,999.0,0.0,0.0,0,0,0,0,0
QUEEN BEE,QUEEN BEE,2023,27.0,19872021.0,18.0,61.7037037037037,0.0,0.0,1,0,0,0,0
QUEEN BEE,QUEEN BEE,2024,0.0,0.0,999.0,999.0,0.0,0.0,0,0,0,0,0
RADWIMPS,RADWIMPS,2016,0.0,0.0,999.0,999.0,0.0,0.0,0,0,0,0,0
RADWIMPS,RADWIMPS,2017,0.0,0.0,999.0,999.0,0.0,0.0,0,0,0,0,0
RADWIMPS,RADWIMPS,2018,0.0,0.0,999.0,999.0,0.0,0.0,0,0,0,0,0
RADWIMPS,RADWIMPS,2019,0.0,0.0,999.0,999.0,0.0,0.0,0,0,0,0,0
RADWIMPS,RADWIMPS,2020,22.0,5340058.0,74.0,98.9090909090909,0.0,0.0,1,0,0,0,0
RADWIMPS,RADWIMPS,2021,26.0,5434034.0,92.0,141.23076923076923,0.0,0.0,1,0,0,0,0
RADWIMPS,RADWIMPS,2022,26.0,20909108.0,8.0,54.42307692307692,5.0,0.0,1,0,0,0,0
RADWIMPS,RADWIMPS,2023,57.0,23707675.0,20.0,132.57894736842104,0.0,0.0,1,0,0,0,0
RADWIMPS,RADWIMPS,2024,42.0,16566233.0,66.0,141.95238095238096,0.0,0.0,1,0,0,0,0
ROSÉ,ROSÉ,2016,0.0,0.0,999.0,999.0,0.0,0.0,0,0,0,0,0
ROSÉ,ROSÉ,2017,0.0,0.0,999.0,999.0,0.0,0.0,0,0,0,0,0
ROSÉ,ROSÉ,2018,0.0,0.0,999.0,999.0,0.0,0.0,0,0,0,0,0
ROSÉ,ROSÉ,2019,0.0,0.0,999.0,999.0,0.0,0.0,0,0,0,0,0
ROSÉ,ROSÉ,2020,0.0,0.0,999.0,999.0,0.0,0.0,0,0,0,0,0
ROSÉ,ROSÉ,2021,0.0,0.0,999.0,999.0,0.0,0.0,0,0,0,0,0
ROSÉ,ROSÉ,2022,0.0,0.0,999.0,999.0,0.0,0.0,0,0,0,0,0
ROSÉ,ROSÉ,2023,0.0,0.0,999.0,999.0,0.0,0.0,0,0,0,0,0
ROSÉ,ROSÉ,2024,10.0,25124688.0,1.0,1.8,10.0,8.0,1,0,0,0,0
Reol,Reol,2016,0.0,0.0,999.0,999.0,0.0,0.0,0,0,0,0,0
Reol,Reol,2017,0.0,0.0,999.0,999.0,0.0,0.0,0,0,0,0,0
Reol,Reol,2018,0.0,0.0,999.0,999.0,0.0,0.0,0,0,0,0,0
Reol,Reol,2019,0.0,0.0,999.0,999.0,0.0,0.0,0,0,0,0,0
Reol,Reol,2020,21.0,6474987.0,55.0,78.23809523809524,0.0,0.0,1,0,0,0,0
Reol,Reol,2021,43.0,10892403.0,56.0,121.93023255813954,0.0,0.0,1,0,0,0,0
Reol,Reol,2022,0.0,0.0,999.0,999.0,0.0,0.0,0,0,0,0,0
Reol,Reol,2023,0.0,0.0,999.0,999.0,0.0,0.0,0,0,0,0,0
Reol,Reol,2024,0.0,0.0,999.0,999.0,0.0,0.0,0,0,0,0,0
Rin音,Rin音,2016,0.0,0.0,999.0,999.0,0.0,0.0,0,0,0,0,0
Rin音,Rin音,2017,0.0,0.0,999.0,999.0,0.0,0.0,0,0,0,0,0
Rin音,Rin音,2018,0.0,0.0,999.0,999.0,0.0,0.0,0,0,0,0,0
Rin音,Rin音,2019,0.0,0.0,999.0,999.0,0.0,0.0,0,0,0,0,0
Rin音,Rin音,2020,30.0,25902137.0,12.0,17.7,0.0,0.0,1,0,0,0,0
Rin音,Rin音,2021,52.0,29262393.0,26.0,68.25,0.0,0.0,1,0,0,0,0
Rin音,Rin音,2022,1.0,184085.0,180.0,180.0,0.0,0.0,1,0,0,0,0
Rin音,Rin音,2023,0.0,0.0,999.0,999.0,0.0,0.0,0,0,0,0,0
Rin音,Rin音,2024,0.0,0.0,999.0,999.0,0.0,0.0,0,0,0,0,0
Rokudenashi,Rokudenashi,2016,0.0,0.0,999.0,999.0,0.0,0.0,0,0,0,0,0
Rokudenashi,Rokudenashi,2017,0.0,0.0,999.0,999.0,0.0,0.0,0,0,0,0,0
Rokudenashi,Rokudenashi,2018,0.0,0.0,999.0,999.0,0.0,0.0,0,0,0,0,0
Rokudenashi,Rokudenashi,2019,0.0,0.0,999.0,999.0,0.0,0.0,0,0,0,0,0
Rokudenashi,Rokudenashi,2020,0.0,0.0,999.0,999.0,0.0,0.0,0,0,0,0,0
Rokudenashi,Rokudenashi,2021,0.0,0.0,999.0,999.0,0.0,0.0,0,0,0,0,0
Rokudenashi,Rokudenashi,2022,0.0,0.0,999.0,999.0,0.0,0.0,0,0,0,0,0
Rokudenashi,Rokudenashi,2023,1.0,275728.0,200.0,200.0,0.0,0.0,1,0,0,0,0
Rokudenashi,Rokudenashi,2024,44.0,16414711.0,98.0,156.0681818181818,0.0,0.0,1,0,0,0,0
Ryoko Shinohara,Ryoko Shinohara,2016,0.0,0.0,999.0,999.0,0.0,0.0,0,0,0,0,0
Ryoko Shinohara,Ryoko Shinohara,2017,0.0,0.0,999.0,999.0,0.0,0.0,0,0,0,0,0
Ryoko Shinohara,Ryoko Shinohara,2018,0.0,0.0,999.0,999.0,0.0,0.0,0,0,0,0,0
Ryoko Shinohara,Ryoko Shinohara,2019,0.0,0.0,999.0,999.0,0.0,0.0,0,0,0,0,0
Ryoko Shinohara,Ryoko Shinohara,2020,0.0,0.0,999.0,999.0,0.0,0.0,0,0,0,0,0
Ryoko Shinohara,Ryoko Shinohara,2021,0.0,0.0,999.0,999.0,0.0,0.0,0,0,0,0,0
Ryoko Shinohara,Ryoko Shinohara,2022,0.0,0.0,999.0,999.0,0.0,0.0,0,0,0,0,1
Ryoko Shinohara,Ryoko Shinohara,2023,0.0,0.0,999.0,999.0,0.0,0.0,0,1,1,1,0
Ryoko Shinohara,Ryoko Shinohara,2024,0.0,0.0,999.0,999.0,0.0,0.0,0,1,0,0,0
Ryokuoushoku Shakai,Ryokuoushoku Shakai,2016,0.0,0.0,999.0,999.0,0.0,0.0,0,0,0,0,0
Ryokuoushoku Shakai,Ryokuoushoku Shakai,2017,0.0,0.0,999.0,999.0,0.0,0.0,0,0,0,0,0
Ryokuoushoku Shakai,Ryokuoushoku Shakai,2018,0.0,0.0,999.0,999.0,0.0,0.0,0,0,0,0,0
Ryokuoushoku Shakai,Ryokuoushoku Shakai,2019,0.0,0.0,999.0,999.0,0.0,0.0,0,0,0,0,0
Ryokuoushoku Shakai,Ryokuoushoku Shakai,2020,36.0,8507248.0,53.0,102.58333333333331,0.0,0.0,1,0,0,0,0
Ryokuoushoku Shakai,Ryokuoushoku Shakai,2021,52.0,23088036.0,47.0,58.23076923076923,0.0,0.0,1,0,0,0,0
Ryokuoushoku Shakai,Ryokuoushoku Shakai,2022,52.0,41948061.0,22.0,33.23076923076923,0.0,0.0,1,0,0,0,1
Ryokuoushoku Shakai,Ryokuoushoku Shakai,2023,82.0,51766357.0,8.0,66.90243902439025,1.0,0.0,1,1,1,1,1
Ryokuoushoku Shakai,Ryokuoushoku Shakai,2024,119.0,63249355.0,9.0,111.97478991596638,1.0,0.0,1,2,1,2,1
SEKAI NO OWARI,SEKAI NO OWARI,2016,0.0,0.0,999.0,999.0,0.0,0.0,0,0,0,0,0
SEKAI NO OWARI,SEKAI NO OWARI,2017,0.0,0.0,999.0,999.0,0.0,0.0,0,0,0,0,0
SEKAI NO OWARI,SEKAI NO OWARI,2018,0.0,0.0,999.0,999.0,0.0,0.0,0,0,0,0,0
SEKAI NO OWARI,SEKAI NO OWARI,2019,0.0,0.0,999.0,999.0,0.0,0.0,0,0,0,0,0
SEKAI NO OWARI,SEKAI NO OWARI,2020,10.0,8451766.0,5.0,39.4,3.0,0.0,1,0,0,0,0
SEKAI NO OWARI,SEKAI NO OWARI,2021,52.0,24381663.0,12.0,94.96153846153848,0.0,0.0,1,0,0,0,0
SEKAI NO OWARI,SEKAI NO OWARI,2022,46.0,42515318.0,2.0,48.71739130434783,18.0,0.0,1,0,0,0,1
SEKAI NO OWARI,SEKAI NO OWARI,2023,70.0,45242579.0,10.0,86.82857142857142,1.0,0.0,1,1,1,1,0
SEKAI NO OWARI,SEKAI NO OWARI,2024,109.0,59964473.0,21.0,113.54128440366972,0.0,0.0,1,1,0,0,0
SEVENTEEN,SEVENTEEN,2016,0.0,0.0,999.0,999.0,0.0,0.0,0,0,0,0,0
SEVENTEEN,SEVENTEEN,2017,0.0,0.0,999.0,999.0,0.0,0.0,0,0,0,0,0
SEVENTEEN,SEVENTEEN,2018,0.0,0.0,999.0,999.0,0.0,0.0,0,0,0,0,0
SEVENTEEN,SEVENTEEN,2019,0.0,0.0,999.0,999.0,0.0,0.0,0,0,0,0,0
SEVENTEEN,SEVENTEEN,2020,0.0,0.0,999.0,999.0,0.0,0.0,0,0,0,0,0
SEVENTEEN,SEVENTEEN,2021,0.0,0.0,999.0,999.0,0.0,0.0,0,0,0,0,0
SEVENTEEN,SEVENTEEN,2022,0.0,0.0,999.0,999.0,0.0,0.0,0,0,0,0,0
SEVENTEEN,SEVENTEEN,2023,0.0,0.0,999.0,999.0,0.0,0.0,0,0,0,0,1
SEVENTEEN,SEVENTEEN,2024,0.0,0.0,999.0,999.0,0.0,0.0,0,1,1,1,0
SG,SG,2016,0.0,0.0,999.0,999.0,0.0,0.0,0,0,0,0,0
SG,SG,2017,0.0,0.0,999.0,999.0,0.0,0.0,0,0,0,0,0
SG,SG,2018,0.0,0.0,999.0,999.0,0.0,0.0,0,0,0,0,0
SG,SG,2019,0.0,0.0,999.0,999.0,0.0,0.0,0,0,0,0,0
SG,SG,2020,0.0,0.0,999.0,999.0,0.0,0.0,0,0,0,0,0
SG,SG,2021,6.0,1188826.0,168.0,183.5,0.0,0.0,1,0,0,0,0
SG,SG,2022,52.0,15896219.0,69.0,106.90384615384616,0.0,0.0,1,0,0,0,0
SG,SG,2023,16.0,5146656.0,84.0,135.875,0.0,0.0,1,0,0,0,0
SG,SG,2024,0.0,0.0,999.0,999.0,0.0,0.0,0,0,0,0,0
SHISHAMO,SHISHAMO,2016,0.0,0.0,999.0,999.0,0.0,0.0,0,0,0,0,0
SHISHAMO,SHISHAMO,2017,0.0,0.0,999.0,999.0,0.0,0.0,0,0,0,0,0
SHISHAMO,SHISHAMO,2018,0.0,0.0,999.0,999.0,0.0,0.0,0,0,0,0,0
SHISHAMO,SHISHAMO,2019,0.0,0.0,999.0,999.0,0.0,0.0,0,0,0,0,0
SHISHAMO,SHISHAMO,2020,34.0,5225961.0,79.0,118.32352941176472,0.0,0.0,1,0,0,0,0
SHISHAMO,SHISHAMO,2021,0.0,0.0,999.0,999.0,0.0,0.0,0,0,0,0,0
SHISHAMO,SHISHAMO,2022,0.0,0.0,999.0,999.0,0.0,0.0,0,0,0,0,0
SHISHAMO,SHISHAMO,2023,0.0,0.0,999.0,999.0,0.0,0.0,0,0,0,0,0
SHISHAMO,SHISHAMO,2024,0.0,0.0,999.0,999.0,0.0,0.0,0,0,0,0,0
SORANE,SORANE,2016,0.0,0.0,999.0,999.0,0.0,0.0,0,0,0,0,0
SORANE,SORANE,2017,0.0,0.0,999.0,999.0,0.0,0.0,0,0,0,0,0
SORANE,SORANE,2018,0.0,0.0,999.0,999.0,0.0,0.0,0,0,0,0,0
SORANE,SORANE,2019,0.0,0.0,999.0,999.0,0.0,0.0,0,0,0,0,0
SORANE,SORANE,2020,30.0,10186327.0,52.0,65.0,0.0,0.0,1,0,0,0,0
SORANE,SORANE,2021,30.0,6937331.0,67.0,129.33333333333334,0.0,0.0,1,0,0,0,0
SORANE,SORANE,2022,0.0,0.0,999.0,999.0,0.0,0.0,0,0,0,0,0
SORANE,SORANE,2023,0.0,0.0,999.0,999.0,0.0,0.0,0,0,0,0,0
SORANE,SORANE,2024,0.0,0.0,999.0,999.0,0.0,0.0,0,0,0,0,0
SOUTHERN ALL STARS,SOUTHERN ALL STARS,2016,0.0,0.0,999.0,999.0,0.0,0.0,0,0,0,0,0
SOUTHERN ALL STARS,SOUTHERN ALL STARS,2017,0.0,0.0,999.0,999.0,0.0,0.0,0,0,0,0,0
SOUTHERN ALL STARS,SOUTHERN ALL STARS,2018,0.0,0.0,999.0,999.0,0.0,0.0,0,0,0,0,0
SOUTHERN ALL STARS,SOUTHERN ALL STARS,2019,0.0,0.0,999.0,999.0,0.0,0.0,0,0,0,0,0
SOUTHERN ALL STARS,SOUTHERN ALL STARS,2020,0.0,0.0,999.0,999.0,0.0,0.0,0,0,0,0,0
SOUTHERN ALL STARS,SOUTHERN ALL STARS,2021,0.0,0.0,999.0,999.0,0.0,0.0,0,0,0,0,0
SOUTHERN ALL STARS,SOUTHERN ALL STARS,2022,6.0,1274375.0,178.0,185.83333333333331,0.0,0.0,1,0,0,0,0
SOUTHERN ALL STARS,SOUTHERN ALL STARS,2023,16.0,5539821.0,79.0,134.9375,0.0,0.0,1,0,0,0,0
SOUTHERN ALL STARS,SOUTHERN ALL STARS,2024,11.0,4091219.0,121.0,156.63636363636363,0.0,0.0,1,0,0,0,0
SPITZ,SPITZ,2016,0.0,0.0,999.0,999.0,0.0,0.0,0,0,0,0,0
SPITZ,SPITZ,2017,0.0,0.0,999.0,999.0,0.0,0.0,0,0,0,0,0
SPITZ,SPITZ,2018,0.0,0.0,999.0,999.0,0.0,0.0,0,0,0,0,0
SPITZ,SPITZ,2019,0.0,0.0,999.0,999.0,0.0,0.0,0,0,0,0,0
SPITZ,SPITZ,2020,113.0,16775577.0,67.0,136.30088495575222,0.0,0.0,1,0,0,0,0
SPITZ,SPITZ,2021,50.0,9798228.0,115.0,166.04,0.0,0.0,1,0,0,0,0
SPITZ,SPITZ,2022,67.0,21670985.0,56.0,111.50746268656717,0.0,0.0,1,0,0,0,0
SPITZ,SPITZ,2023,179.0,109135421.0,2.0,105.72625698324022,22.0,0.0,1,0,0,0,0
SPITZ,SPITZ,2024,176.0,106294763.0,21.0,97.0340909090909,0.0,0.0,1,0,0,0,0
SPYAIR,SPYAIR,2016,0.0,0.0,999.0,999.0,0.0,0.0,0,0,0,0,0
SPYAIR,SPYAIR,2017,0.0,0.0,999.0,999.0,0.0,0.0,0,0,0,0,0
SPYAIR,SPYAIR,2018,0.0,0.0,999.0,999.0,0.0,0.0,0,0,0,0,0
SPYAIR,SPYAIR,2019,0.0,0.0,999.0,999.0,0.0,0.0,0,0,0,0,0
SPYAIR,SPYAIR,2020,0.0,0.0,999.0,999.0,0.0,0.0,0,0,0,0,0
SPYAIR,SPYAIR,2021,0.0,0.0,999.0,999.0,0.0,0.0,0,0,0,0,0
SPYAIR,SPYAIR,2022,0.0,0.0,999.0,999.0,0.0,0.0,0,0,0,0,0
SPYAIR,SPYAIR,2023,0.0,0.0,999.0,999.0,0.0,0.0,0,0,0,0,0
SPYAIR,SPYAIR,2024,41.0,35771624.0,6.0,78.26829268292683,7.0,0.0,1,0,0,0,0
SUDA MASAKI,SUDA MASAKI,2016,0.0,0.0,999.0,999.0,0.0,0.0,0,0,0,0,0
SUDA MASAKI,SUDA MASAKI,2017,0.0,0.0,999.0,999.0,0.0,0.0,0,0,0,0,0
SUDA MASAKI,SUDA MASAKI,2018,0.0,0.0,999.0,999.0,0.0,0.0,0,0,0,0,0
SUDA MASAKI,SUDA MASAKI,2019,0.0,0.0,999.0,999.0,0.0,0.0,0,0,0,0,0
SUDA MASAKI,SUDA MASAKI,2020,113.0,72425263.0,4.0,27.86725663716814,27.0,0.0,1,0,0,0,0
SUDA MASAKI,SUDA MASAKI,2021,156.0,77946315.0,5.0,86.01282051282051,12.0,0.0,1,0,0,0,0
SUDA MASAKI,SUDA MASAKI,2022,129.0,38301183.0,42.0,145.7364341085271,0.0,0.0,1,0,0,0,0
SUDA MASAKI,SUDA MASAKI,2023,85.0,26164450.0,61.0,169.2,0.0,0.0,1,0,0,0,0
SUDA MASAKI,SUDA MASAKI,2024,43.0,14614863.0,145.0,174.3720930232558,0.0,0.0,1,0,0,0,0
Sabrina Carpenter,Sabrina Carpenter,2016,0.0,0.0,999.0,999.0,0.0,0.0,0,0,0,0,0
Sabrina Carpenter,Sabrina Carpenter,2017,0.0,0.0,999.0,999.0,0.0,0.0,0,0,0,0,0
Sabrina Carpenter,Sabrina Carpenter,2018,0.0,0.0,999.0,999.0,0.0,0.0,0,0,0,0,0
Sabrina Carpenter,Sabrina Carpenter,2019,0.0,0.0,999.0,999.0,0.0,0.0,0,0,0,0,0
Sabrina Carpenter,Sabrina Carpenter,2020,0.0,0.0,999.0,999.0,0.0,0.0,0,0,0,0,0
Sabrina Carpenter,Sabrina Carpenter,2021,0.0,0.0,999.0,999.0,0.0,0.0,0,0,0,0,0
Sabrina Carpenter,Sabrina Carpenter,2022,0.0,0.0,999.0,999.0,0.0,0.0,0,0,0,0,0
Sabrina Carpenter,Sabrina Carpenter,2023,0.0,0.0,999.0,999.0,0.0,0.0,0,0,0,0,0
Sabrina Carpenter,Sabrina Carpenter,2024,28.0,12070831.0,69.0,124.07142857142856,0.0,0.0,1,0,0,0,0
Saucy Dog,Saucy Dog,2016,0.0,0.0,999.0,999.0,0.0,0.0,0,0,0,0,0
Saucy Dog,Saucy Dog,2017,0.0,0.0,999.0,999.0,0.0,0.0,0,0,0,0,0
Saucy Dog,Saucy Dog,2018,0.0,0.0,999.0,999.0,0.0,0.0,0,0,0,0,0
Saucy Dog,Saucy Dog,2019,0.0,0.0,999.0,999.0,0.0,0.0,0,0,0,0,0
Saucy Dog,Saucy Dog,2020,51.0,9431690.0,80.0,117.6078431372549,0.0,0.0,1,0,0,0,0
Saucy Dog,Saucy Dog,2021,60.0,17585558.0,19.0,130.46666666666667,0.0,0.0,1,0,0,0,0
Saucy Dog,Saucy Dog,2022,277.0,164961637.0,2.0,64.5740072202166,49.0,0.0,1,0,0,0,1
Saucy Dog,Saucy Dog,2023,168.0,95683110.0,8.0,96.92261904761904,8.0,0.0,1,1,1,1,0
Saucy Dog,Saucy Dog,2024,95.0,43483136.0,37.0,118.50526315789472,0.0,0.0,1,1,0,0,0
Sayuri Ishikawa,Sayuri Ishikawa,2016,0.0,0.0,999.0,999.0,0.0,0.0,0,0,0,0,0
Sayuri Ishikawa,Sayuri Ishikawa,2017,0.0,0.0,999.0,999.0,0.0,0.0,0,0,0,0,0
Sayuri Ishikawa,Sayuri Ishikawa,2018,0.0,0.0,999.0,999.0,0.0,0.0,0,0,0,0,0
Sayuri Ishikawa,Sayuri Ishikawa,2019,0.0,0.0,999.0,999.0,0.0,0.0,0,0,0,0,0
Sayuri Ishikawa,Sayuri Ishikawa,2020,0.0,0.0,999.0,999.0,0.0,0.0,0,0,0,0,1
Sayuri Ishikawa,Sayuri Ishikawa,2021,0.0,0.0,999.0,999.0,0.0,0.0,0,1,1,1,1
Sayuri Ishikawa,Sayuri Ishikawa,2022,0.0,0.0,999.0,999.0,0.0,0.0,0,2,1,2,1
Sayuri Ishikawa,Sayuri Ishikawa,2023,0.0,0.0,999.0,999.0,0.0,0.0,0,3,1,3,1
Sayuri Ishikawa,Sayuri Ishikawa,2024,0.0,0.0,999.0,999.0,0.0,0.0,0,4,1,4,1
Seiko Matsuda,Seiko Matsuda,2016,0.0,0.0,999.0,999.0,0.0,0.0,0,0,0,0,0
Seiko Matsuda,Seiko Matsuda,2017,0.0,0.0,999.0,999.0,0.0,0.0,0,0,0,0,0
Seiko Matsuda,Seiko Matsuda,2018,0.0,0.0,999.0,999.0,0.0,0.0,0,0,0,0,0
Seiko Matsuda,Seiko Matsuda,2019,0.0,0.0,999.0,999.0,0.0,0.0,0,0,0,0,0
Seiko Matsuda,Seiko Matsuda,2020,0.0,0.0,999.0,999.0,0.0,0.0,0,0,0,0,1
Seiko Matsuda,Seiko Matsuda,2021,0.0,0.0,999.0,999.0,0.0,0.0,0,1,1,1,0
Seiko Matsuda,Seiko Matsuda,2022,0.0,0.0,999.0,999.0,0.0,0.0,0,1,0,0,0
Seiko Matsuda,Seiko Matsuda,2023,0.0,0.0,999.0,999.0,0.0,0.0,0,1,0,0,0
Seiko Matsuda,Seiko Matsuda,2024,0.0,0.0,999.0,999.0,0.0,0.0,0,1,0,0,0
Sheena Ringo,Sheena Ringo,2016,0.0,0.0,999.0,999.0,0.0,0.0,0,0,0,0,0
Sheena Ringo,Sheena Ringo,2017,0.0,0.0,999.0,999.0,0.0,0.0,0,0,0,0,0
Sheena Ringo,Sheena Ringo,2018,0.0,0.0,999.0,999.0,0.0,0.0,0,0,0,0,0
Sheena Ringo,Sheena Ringo,2019,0.0,0.0,999.0,999.0,0.0,0.0,0,0,0,0,0
Sheena Ringo,Sheena Ringo,2020,41.0,6786772.0,58.0,117.3170731707317,0.0,0.0,1,0,0,0,0
Sheena Ringo,Sheena Ringo,2021,2.0,364942.0,182.0,191.0,0.0,0.0,1,0,0,0,0
Sheena Ringo,Sheena Ringo,2022,37.0,9052135.0,100.0,147.2972972972973,0.0,0.0,1,0,0,0,0
Sheena Ringo,Sheena Ringo,2023,41.0,13075468.0,100.0,146.29268292682926,0.0,0.0,1,0,0,0,1
Sheena Ringo,Sheena Ringo,2024,0.0,0.0,999.0,999.0,0.0,0.0,0,1,1,1,1
Shizuka Kudo,Shizuka Kudo,2016,0.0,0.0,999.0,999.0,0.0,0.0,0,0,0,0,0
Shizuka Kudo,Shizuka Kudo,2017,0.0,0.0,999.0,999.0,0.0,0.0,0,0,0,0,0
Shizuka Kudo,Shizuka Kudo,2018,0.0,0.0,999.0,999.0,0.0,0.0,0,0,0,0,0
Shizuka Kudo,Shizuka Kudo,2019,0.0,0.0,999.0,999.0,0.0,0.0,0,0,0,0,0
Shizuka Kudo,Shizuka Kudo,2020,0.0,0.0,999.0,999.0,0.0,0.0,0,0,0,0,0
Shizuka Kudo,Shizuka Kudo,2021,0.0,0.0,999.0,999.0,0.0,0.0,0,0,0,0,0
Shizuka Kudo,Shizuka Kudo,2022,0.0,0.0,999.0,999.0,0.0,0.0,0,0,0,0,1
Shizuka Kudo,Shizuka Kudo,2023,0.0,0.0,999.0,999.0,0.0,0.0,0,1,1,1,0
Shizuka Kudo,Shizuka Kudo,2024,0.0,0.0,999.0,999.0,0.0,0.0,0,1,0,0,0
Shota Shimizu,Shota Shimizu,2016,0.0,0.0,999.0,999.0,0.0,0.0,0,0,0,0,0
Shota Shimizu,Shota Shimizu,2017,0.0,0.0,999.0,999.0,0.0,0.0,0,0,0,0,0
Shota Shimizu,Shota Shimizu,2018,0.0,0.0,999.0,999.0,0.0,0.0,0,0,0,0,0
Shota Shimizu,Shota Shimizu,2019,0.0,0.0,999.0,999.0,0.0,0.0,0,0,0,0,0
Shota Shimizu,Shota Shimizu,2020,49.0,7396729.0,80.0,145.10204081632654,0.0,0.0,1,0,0,0,0
Shota Shimizu,Shota Shimizu,2021,57.0,18554241.0,51.0,95.24561403508773,0.0,0.0,1,0,0,0,0
Shota Shimizu,Shota Shimizu,2022,83.0,22317142.0,76.0,123.75903614457832,0.0,0.0,1,0,0,0,0
Shota Shimizu,Shota Shimizu,2023,4.0,1001360.0,193.0,196.75,0.0,0.0,1,0,0,0,0
Shota Shimizu,Shota Shimizu,2024,0.0,0.0,999.0,999.0,0.0,0.0,0,0,0,0,0
SixTONES,SixTONES,2016,0.0,0.0,999.0,999.0,0.0,0.0,0,0,0,0,0
SixTONES,SixTONES,2017,0.0,0.0,999.0,999.0,0.0,0.0,0,0,0,0,0
SixTONES,SixTONES,2018,0.0,0.0,999.0,999.0,0.0,0.0,0,0,0,0,0
SixTONES,SixTONES,2019,0.0,0.0,999.0,999.0,0.0,0.0,0,0,0,0,0
SixTONES,SixTONES,2020,0.0,0.0,999.0,999.0,0.0,0.0,0,0,0,0,1
SixTONES,SixTONES,2021,0.0,0.0,999.0,999.0,0.0,0.0,0,1,1,1,1
SixTONES,SixTONES,2022,0.0,0.0,999.0,999.0,0.0,0.0,0,2,1,2,1
SixTONES,SixTONES,2023,0.0,0.0,999.0,999.0,0.0,0.0,0,3,1,3,0
SixTONES,SixTONES,2024,0.0,0.0,999.0,999.0,0.0,0.0,0,3,0,0,0
Snow Man,Snow Man,2016,0.0,0.0,999.0,999.0,0.0,0.0,0,0,0,0,0
Snow Man,Snow Man,2017,0.0,0.0,999.0,999.0,0.0,0.0,0,0,0,0,0
Snow Man,Snow Man,2018,0.0,0.0,999.0,999.0,0.0,0.0,0,0,0,0,0
Snow Man,Snow Man,2019,0.0,0.0,999.0,999.0,0.0,0.0,0,0,0,0,0
Snow Man,Snow Man,2020,0.0,0.0,999.0,999.0,0.0,0.0,0,0,0,0,0
Snow Man,Snow Man,2021,0.0,0.0,999.0,999.0,0.0,0.0,0,0,0,0,1
Snow Man,Snow Man,2022,0.0,0.0,999.0,999.0,0.0,0.0,0,1,1,1,1
Snow Man,Snow Man,2023,0.0,0.0,999.0,999.0,0.0,0.0,0,2,1,2,0
Snow Man,Snow Man,2024,0.0,0.0,999.0,999.0,0.0,0.0,0,2,0,0,0
Soushi Sakiyama,Soushi Sakiyama,2016,0.0,0.0,999.0,999.0,0.0,0.0,0,0,0,0,0
Soushi Sakiyama,Soushi Sakiyama,2017,0.0,0.0,999.0,999.0,0.0,0.0,0,0,0,0,0
Soushi Sakiyama,Soushi Sakiyama,2018,0.0,0.0,999.0,999.0,0.0,0.0,0,0,0,0,0
Soushi Sakiyama,Soushi Sakiyama,2019,0.0,0.0,999.0,999.0,0.0,0.0,0,0,0,0,0
Soushi Sakiyama,Soushi Sakiyama,2020,0.0,0.0,999.0,999.0,0.0,0.0,0,0,0,0,0
Soushi Sakiyama,Soushi Sakiyama,2021,0.0,0.0,999.0,999.0,0.0,0.0,0,0,0,0,0
Soushi Sakiyama,Soushi Sakiyama,2022,0.0,0.0,999.0,999.0,0.0,0.0,0,0,0,0,0
Soushi Sakiyama,Soushi Sakiyama,2023,25.0,21829998.0,10.0,51.56,1.0,0.0,1,0,0,0,0
Soushi Sakiyama,Soushi Sakiyama,2024,4.0,1361474.0,122.0,153.25,0.0,0.0,1,0,0,0,0
Stray Kids,Stray Kids,2016,0.0,0.0,999.0,999.0,0.0,0.0,0,0,0,0,0
Stray Kids,Stray Kids,2017,0.0,0.0,999.0,999.0,0.0,0.0,0,0,0,0,0
Stray Kids,Stray Kids,2018,0.0,0.0,999.0,999.0,0.0,0.0,0,0,0,0,0
Stray Kids,Stray Kids,2019,0.0,0.0,999.0,999.0,0.0,0.0,0,0,0,0,0
Stray Kids,Stray Kids,2020,0.0,0.0,999.0,999.0,0.0,0.0,0,0,0,0,0
Stray Kids,Stray Kids,2021,0.0,0.0,999.0,999.0,0.0,0.0,0,0,0,0,0
Stray Kids,Stray Kids,2022,12.0,5204868.0,60.0,69.08333333333333,0.0,0.0,1,0,0,0,0
Stray Kids,Stray Kids,2023,24.0,9090160.0,65.0,109.29166666666669,0.0,0.0,1,0,0,0,1
Stray Kids,Stray Kids,2024,0.0,0.0,999.0,999.0,0.0,0.0,0,1,1,1,0
SugLawd Familiar,SugLawd Familiar,2016,0.0,0.0,999.0,999.0,0.0,0.0,0,0,0,0,0
SugLawd Familiar,SugLawd Familiar,2017,0.0,0.0,999.0,999.0,0.0,0.0,0,0,0,0,0
SugLawd Familiar,SugLawd Familiar,2018,0.0,0.0,999.0,999.0,0.0,0.0,0,0,0,0,0
SugLawd Familiar,SugLawd Familiar,2019,0.0,0.0,999.0,999.0,0.0,0.0,0,0,0,0,0
SugLawd Familiar,SugLawd Familiar,2020,0.0,0.0,999.0,999.0,0.0,0.0,0,0,0,0,0
SugLawd Familiar,SugLawd Familiar,2021,0.0,0.0,999.0,999.0,0.0,0.0,0,0,0,0,0
SugLawd Familiar,SugLawd Familiar,2022,0.0,0.0,999.0,999.0,0.0,0.0,0,0,0,0,0
SugLawd Familiar,SugLawd Familiar,2023,35.0,16821271.0,51.0,76.0,0.0,0.0,1,0,0,0,0
SugLawd Familiar,SugLawd Familiar,2024,0.0,0.0,999.0,999.0,0.0,0.0,0,0,0,0,0
Sukima Switch,Sukima Switch,2016,0.0,0.0,999.0,999.0,0.0,0.0,0,0,0,0,0
Sukima Switch,Sukima Switch,2017,0.0,0.0,999.0,999.0,0.0,0.0,0,0,0,0,0
Sukima Switch,Sukima Switch,2018,0.0,0.0,999.0,999.0,0.0,0.0,0,0,0,0,0
Sukima Switch,Sukima Switch,2019,0.0,0.0,999.0,999.0,0.0,0.0,0,0,0,0,0
Sukima Switch,Sukima Switch,2020,104.0,24095222.0,33.0,103.0096153846154,0.0,0.0,1,0,0,0,0
Sukima Switch,Sukima Switch,2021,52.0,10427219.0,131.0,157.1346153846154,0.0,0.0,1,0,0,0,0
Sukima Switch,Sukima Switch,2022,71.0,17081912.0,82.0,144.67605633802816,0.0,0.0,1,0,0,0,0
Sukima Switch,Sukima Switch,2023,29.0,9018969.0,117.0,171.6551724137931,0.0,0.0,1,0,0,0,0
Sukima Switch,Sukima Switch,2024,38.0,14298000.0,76.0,152.0,0.0,0.0,1,0,0,0,0
Superfly,Superfly,2016,0.0,0.0,999.0,999.0,0.0,0.0,0,0,0,0,0
Superfly,Superfly,2017,0.0,0.0,999.0,999.0,0.0,0.0,0,0,0,0,0
Superfly,Superfly,2018,0.0,0.0,999.0,999.0,0.0,0.0,0,0,0,0,0
Superfly,Superfly,2019,0.0,0.0,999.0,999.0,0.0,0.0,0,0,0,0,0
Superfly,Superfly,2020,53.0,13487551.0,35.0,90.32075471698111,0.0,0.0,1,0,0,0,1
Superfly,Superfly,2021,19.0,3337010.0,129.0,172.89473684210526,0.0,0.0,1,1,1,1,0
Superfly,Superfly,2022,2.0,495319.0,173.0,176.0,0.0,0.0,1,1,0,0,1
Superfly,Superfly,2023,14.0,5505993.0,72.0,128.64285714285714,0.0,0.0,1,2,1,1,1
Superfly,Superfly,2024,20.0,6641387.0,159.0,183.85,0.0,0.0,1,3,1,2,1
Suzukisuzuki,Suzukisuzuki,2016,0.0,0.0,999.0,999.0,0.0,0.0,0,0,0,0,0
Suzukisuzuki,Suzukisuzuki,2017,0.0,0.0,999.0,999.0,0.0,0.0,0,0,0,0,0
Suzukisuzuki,Suzukisuzuki,2018,0.0,0.0,999.0,999.0,0.0,0.0,0,0,0,0,0
Suzukisuzuki,Suzukisuzuki,2019,0.0,0.0,999.0,999.0,0.0,0.0,0,0,0,0,0
Suzukisuzuki,Suzukisuzuki,2020,0.0,0.0,999.0,999.0,0.0,0.0,0,0,0,0,0
Suzukisuzuki,Suzukisuzuki,2021,18.0,6365293.0,57.0,72.83333333333333,0.0,0.0,1,0,0,0,0
Suzukisuzuki,Suzukisuzuki,2022,33.0,8192608.0,77.0,135.33333333333334,0.0,0.0,1,0,0,0,0
Suzukisuzuki,Suzukisuzuki,2023,0.0,0.0,999.0,999.0,0.0,0.0,0,0,0,0,0
Suzukisuzuki,Suzukisuzuki,2024,0.0,0.0,999.0,999.0,0.0,0.0,0,0,0,0,0
THE ALFEE,THE ALFEE,2016,0.0,0.0,999.0,999.0,0.0,0.0,0,0,0,0,0
THE ALFEE,THE ALFEE,2017,0.0,0.0,999.0,999.0,0.0,0.0,0,0,0,0,0
THE ALFEE,THE ALFEE,2018,0.0,0.0,999.0,999.0,0.0,0.0,0,0,0,0,0
THE ALFEE,THE ALFEE,2019,0.0,0.0,999.0,999.0,0.0,0.0,0,0,0,0,0
THE ALFEE,THE ALFEE,2020,0.0,0.0,999.0,999.0,0.0,0.0,0,0,0,0,0
THE ALFEE,THE ALFEE,2021,0.0,0.0,999.0,999.0,0.0,0.0,0,0,0,0,0
THE ALFEE,THE ALFEE,2022,0.0,0.0,999.0,999.0,0.0,0.0,0,0,0,0,0
THE ALFEE,THE ALFEE,2023,0.0,0.0,999.0,999.0,0.0,0.0,0,0,0,0,0
THE ALFEE,THE ALFEE,2024,0.0,0.0,999.0,999.0,0.0,0.0,0,0,0,0,1
TOMONARI SORA,TOMONARI SORA,2016,0.0,0.0,999.0,999.0,0.0,0.0,0,0,0,0,0
TOMONARI SORA,TOMONARI SORA,2017,0.0,0.0,999.0,999.0,0.0,0.0,0,0,0,0,0
TOMONARI SORA,TOMONARI SORA,2018,0.0,0.0,999.0,999.0,0.0,0.0,0,0,0,0,0
TOMONARI SORA,TOMONARI SORA,2019,0.0,0.0,999.0,999.0,0.0,0.0,0,0,0,0,0
TOMONARI SORA,TOMONARI SORA,2020,0.0,0.0,999.0,999.0,0.0,0.0,0,0,0,0,0
TOMONARI SORA,TOMONARI SORA,2021,0.0,0.0,999.0,999.0,0.0,0.0,0,0,0,0,0
TOMONARI SORA,TOMONARI SORA,2022,0.0,0.0,999.0,999.0,0.0,0.0,0,0,0,0,0
TOMONARI SORA,TOMONARI SORA,2023,0.0,0.0,999.0,999.0,0.0,0.0,0,0,0,0,0
TOMONARI SORA,TOMONARI SORA,2024,37.0,30432230.0,7.0,74.51351351351352,2.0,0.0,1,0,0,0,0
TOMORROW X TOGETHER,TOMORROW X TOGETHER,2016,0.0,0.0,999.0,999.0,0.0,0.0,0,0,0,0,0
TOMORROW X TOGETHER,TOMORROW X TOGETHER,2017,0.0,0.0,999.0,999.0,0.0,0.0,0,0,0,0,0
TOMORROW X TOGETHER,TOMORROW X TOGETHER,2018,0.0,0.0,999.0,999.0,0.0,0.0,0,0,0,0,0
TOMORROW X TOGETHER,TOMORROW X TOGETHER,2019,0.0,0.0,999.0,999.0,0.0,0.0,0,0,0,0,0
TOMORROW X TOGETHER,TOMORROW X TOGETHER,2020,0.0,0.0,999.0,999.0,0.0,0.0,0,0,0,0,0
TOMORROW X TOGETHER,TOMORROW X TOGETHER,2021,0.0,0.0,999.0,999.0,0.0,0.0,0,0,0,0,0
TOMORROW X TOGETHER,TOMORROW X TOGETHER,2022,0.0,0.0,999.0,999.0,0.0,0.0,0,0,0,0,0
TOMORROW X TOGETHER,TOMORROW X TOGETHER,2023,0.0,0.0,999.0,999.0,0.0,0.0,0,0,0,0,0
TOMORROW X TOGETHER,TOMORROW X TOGETHER,2024,0.0,0.0,999.0,999.0,0.0,0.0,0,0,0,0,1
TWICE,TWICE,2016,0.0,0.0,999.0,999.0,0.0,0.0,0,0,0,0,0
TWICE,TWICE,2017,0.0,0.0,999.0,999.0,0.0,0.0,0,0,0,0,0
TWICE,TWICE,2018,0.0,0.0,999.0,999.0,0.0,0.0,0,0,0,0,0
TWICE,TWICE,2019,0.0,0.0,999.0,999.0,0.0,0.0,0,0,0,0,0
TWICE,TWICE,2020,147.0,41240107.0,12.0,96.21768707482993,0.0,0.0,1,0,0,0,0
TWICE,TWICE,2021,135.0,42935153.0,10.0,121.34814814814816,1.0,0.0,1,0,0,0,0
TWICE,TWICE,2022,96.0,56579250.0,10.0,76.14583333333333,1.0,0.0,1,0,0,0,1
TWICE,TWICE,2023,83.0,35065429.0,13.0,121.9156626506024,0.0,0.0,1,1,1,1,0
TWICE,TWICE,2024,0.0,0.0,999.0,999.0,0.0,0.0,0,1,0,0,1
Takaya Kawasaki,Takaya Kawasaki,2016,0.0,0.0,999.0,999.0,0.0,0.0,0,0,0,0,0
Takaya Kawasaki,Takaya Kawasaki,2017,0.0,0.0,999.0,999.0,0.0,0.0,0,0,0,0,0
Takaya Kawasaki,Takaya Kawasaki,2018,0.0,0.0,999.0,999.0,0.0,0.0,0,0,0,0,0
Takaya Kawasaki,Takaya Kawasaki,2019,0.0,0.0,999.0,999.0,0.0,0.0,0,0,0,0,0
Takaya Kawasaki,Takaya Kawasaki,2020,15.0,7320861.0,26.0,55.0,0.0,0.0,1,0,0,0,0
Takaya Kawasaki,Takaya Kawasaki,2021,52.0,47835704.0,13.0,23.53846153846154,0.0,0.0,1,0,0,0,0
Takaya Kawasaki,Takaya Kawasaki,2022,52.0,38489605.0,18.0,41.78846153846154,0.0,0.0,1,0,0,0,0
Takaya Kawasaki,Takaya Kawasaki,2023,45.0,13864878.0,76.0,161.48888888888888,0.0,0.0,1,0,0,0,0
Takaya Kawasaki,Takaya Kawasaki,2024,22.0,7932001.0,80.0,166.36363636363637,0.0,0.0,1,0,0,0,0
Tani Yuuki,Tani Yuuki,2016,0.0,0.0,999.0,999.0,0.0,0.0,0,0,0,0,0
Tani Yuuki,Tani Yuuki,2017,0.0,0.0,999.0,999.0,0.0,0.0,0,0,0,0,0
Tani Yuuki,Tani Yuuki,2018,0.0,0.0,999.0,999.0,0.0,0.0,0,0,0,0,0
Tani Yuuki,Tani Yuuki,2019,0.0,0.0,999.0,999.0,0.0,0.0,0,0,0,0,0
Tani Yuuki,Tani Yuuki,2020,26.0,20500586.0,10.0,28.23076923076923,1.0,0.0,1,0,0,0,0
Tani Yuuki,Tani Yuuki,2021,42.0,15892074.0,42.0,108.04761904761904,0.0,0.0,1,0,0,0,0
Tani Yuuki,Tani Yuuki,2022,77.0,94810066.0,1.0,35.58441558441559,45.0,14.0,1,0,0,0,0
Tani Yuuki,Tani Yuuki,2023,105.0,88526323.0,3.0,57.57142857142857,21.0,0.0,1,0,0,0,0
Tani Yuuki,Tani Yuuki,2024,97.0,58475510.0,30.0,101.85567010309278,0.0,0.0,1,0,0,0,0
Tatsuya Kitani,Tatsuya Kitani,2016,0.0,0.0,999.0,999.0,0.0,0.0,0,0,0,0,0
Tatsuya Kitani,Tatsuya Kitani,2017,0.0,0.0,999.0,999.0,0.0,0.0,0,0,0,0,0
Tatsuya Kitani,Tatsuya Kitani,2018,0.0,0.0,999.0,999.0,0.0,0.0,0,0,0,0,0
Tatsuya Kitani,Tatsuya Kitani,2019,0.0,0.0,999.0,999.0,0.0,0.0,0,0,0,0,0
Tatsuya Kitani,Tatsuya Kitani,2020,0.0,0.0,999.0,999.0,0.0,0.0,0,0,0,0,0
Tatsuya Kitani,Tatsuya Kitani,2021,0.0,0.0,999.0,999.0,0.0,0.0,0,0,0,0,0
Tatsuya Kitani,Tatsuya Kitani,2022,0.0,0.0,999.0,999.0,0.0,0.0,0,0,0,0,0
Tatsuya Kitani,Tatsuya Kitani,2023,25.0,42125460.0,3.0,6.96,21.0,0.0,1,0,0,0,1
Tatsuya Kitani,Tatsuya Kitani,2024,52.0,38437610.0,10.0,62.34615384615385,1.0,0.0,1,1,1,1,0
Taylor Swift,Taylor Swift,2016,0.0,0.0,999.0,999.0,0.0,0.0,0,0,0,0,0
Taylor Swift,Taylor Swift,2017,0.0,0.0,999.0,999.0,0.0,0.0,0,0,0,0,0
Taylor Swift,Taylor Swift,2018,0.0,0.0,999.0,999.0,0.0,0.0,0,0,0,0,0
Taylor Swift,Taylor Swift,2019,0.0,0.0,999.0,999.0,0.0,0.0,0,0,0,0,0
Taylor Swift,Taylor Swift,2020,0.0,0.0,999.0,999.0,0.0,0.0,0,0,0,0,0
Taylor Swift,Taylor Swift,2021,0.0,0.0,999.0,999.0,0.0,0.0,0,0,0,0,0
Taylor Swift,Taylor Swift,2022,0.0,0.0,999.0,999.0,0.0,0.0,0,0,0,0,0
Taylor Swift,Taylor Swift,2023,25.0,9144594.0,89.0,129.0,0.0,0.0,1,0,0,0,0
Taylor Swift,Taylor Swift,2024,44.0,22936473.0,26.0,101.5681818181818,0.0,0.0,1,0,0,0,0
The Chainsmokers,The Chainsmokers,2016,0.0,0.0,999.0,999.0,0.0,0.0,0,0,0,0,0
The Chainsmokers,The Chainsmokers,2017,0.0,0.0,999.0,999.0,0.0,0.0,0,0,0,0,0
The Chainsmokers,The Chainsmokers,2018,0.0,0.0,999.0,999.0,0.0,0.0,0,0,0,0,0
The Chainsmokers,The Chainsmokers,2019,0.0,0.0,999.0,999.0,0.0,0.0,0,0,0,0,0
The Chainsmokers,The Chainsmokers,2020,33.0,4939911.0,50.0,129.8181818181818,0.0,0.0,1,0,0,0,0
The Chainsmokers,The Chainsmokers,2021,0.0,0.0,999.0,999.0,0.0,0.0,0,0,0,0,0
The Chainsmokers,The Chainsmokers,2022,0.0,0.0,999.0,999.0,0.0,0.0,0,0,0,0,0
The Chainsmokers,The Chainsmokers,2023,0.0,0.0,999.0,999.0,0.0,0.0,0,0,0,0,0
The Chainsmokers,The Chainsmokers,2024,0.0,0.0,999.0,999.0,0.0,0.0,0,0,0,0,0
The Kid LAROI,The Kid LAROI,2016,0.0,0.0,999.0,999.0,0.0,0.0,0,0,0,0,0
The Kid LAROI,The Kid LAROI,2017,0.0,0.0,999.0,999.0,0.0,0.0,0,0,0,0,0
The Kid LAROI,The Kid LAROI,2018,0.0,0.0,999.0,999.0,0.0,0.0,0,0,0,0,0
The Kid LAROI,The Kid LAROI,2019,0.0,0.0,999.0,999.0,0.0,0.0,0,0,0,0,0
The Kid LAROI,The Kid LAROI,2020,0.0,0.0,999.0,999.0,0.0,0.0,0,0,0,0,0
The Kid LAROI,The Kid LAROI,2021,25.0,26233249.0,7.0,19.28,15.0,0.0,1,0,0,0,0
The Kid LAROI,The Kid LAROI,2022,52.0,37589845.0,19.0,43.96153846153846,0.0,0.0,1,0,0,0,0
The Kid LAROI,The Kid LAROI,2023,51.0,17667690.0,84.0,132.3921568627451,0.0,0.0,1,0,0,0,0
The Kid LAROI,The Kid LAROI,2024,10.0,3239075.0,149.0,169.4,0.0,0.0,1,0,0,0,0
Tokyo Incidents,Tokyo Incidents,2016,0.0,0.0,999.0,999.0,0.0,0.0,0,0,0,0,0
Tokyo Incidents,Tokyo Incidents,2017,0.0,0.0,999.0,999.0,0.0,0.0,0,0,0,0,0
Tokyo Incidents,Tokyo Incidents,2018,0.0,0.0,999.0,999.0,0.0,0.0,0,0,0,0,0
Tokyo Incidents,Tokyo Incidents,2019,0.0,0.0,999.0,999.0,0.0,0.0,0,0,0,0,0
Tokyo Incidents,Tokyo Incidents,2020,0.0,0.0,999.0,999.0,0.0,0.0,0,0,0,0,1
Tokyo Incidents,Tokyo Incidents,2021,0.0,0.0,999.0,999.0,0.0,0.0,0,1,1,1,1
Tokyo Incidents,Tokyo Incidents,2022,0.0,0.0,999.0,999.0,0.0,0.0,0,2,1,2,0
Tokyo Incidents,Tokyo Incidents,2023,0.0,0.0,999.0,999.0,0.0,0.0,0,2,0,0,0
Tokyo Incidents,Tokyo Incidents,2024,0.0,0.0,999.0,999.0,0.0,0.0,0,2,0,0,0
Tota,Tota,2016,0.0,0.0,999.0,999.0,0.0,0.0,0,0,0,0,0
Tota,Tota,2017,0.0,0.0,999.0,999.0,0.0,0.0,0,0,0,0,0
Tota,Tota,2018,0.0,0.0,999.0,999.0,0.0,0.0,0,0,0,0,0
Tota,Tota,2019,0.0,0.0,999.0,999.0,0.0,0.0,0,0,0,0,0
Tota,Tota,2020,0.0,0.0,999.0,999.0,0.0,0.0,0,0,0,0,0
Tota,Tota,2021,0.0,0.0,999.0,999.0,0.0,0.0,0,0,0,0,0
Tota,Tota,2022,0.0,0.0,999.0,999.0,0.0,0.0,0,0,0,0,0
Tota,Tota,2023,22.0,11438648.0,55.0,71.63636363636364,0.0,0.0,1,0,0,0,0
Tota,Tota,2024,18.0,6269305.0,124.0,155.66666666666666,0.0,0.0,1,0,0,0,0
Unknown Artist,Unknown Artist,2016,0.0,0.0,999.0,999.0,0.0,0.0,0,0,0,0,0
Unknown Artist,Unknown Artist,2017,0.0,0.0,999.0,999.0,0.0,0.0,0,0,0,0,0
Unknown Artist,Unknown Artist,2018,0.0,0.0,999.0,999.0,0.0,0.0,0,0,0,0,0
Unknown Artist,Unknown Artist,2019,0.0,0.0,999.0,999.0,0.0,0.0,0,0,0,0,0
Unknown Artist,Unknown Artist,2020,53.0,15251212.0,31.0,71.98113207547169,0.0,0.0,1,0,0,0,0
Unknown Artist,Unknown Artist,2021,14.0,2381883.0,144.0,183.2142857142857,0.0,0.0,1,0,0,0,0
Unknown Artist,Unknown Artist,2022,0.0,0.0,999.0,999.0,0.0,0.0,0,0,0,0,0
Unknown Artist,Unknown Artist,2023,1.0,271439.0,196.0,196.0,0.0,0.0,1,0,0,0,0
Unknown Artist,Unknown Artist,2024,4.0,1318343.0,186.0,191.5,0.0,0.0,1,0,0,0,0
Uru,Uru,2016,0.0,0.0,999.0,999.0,0.0,0.0,0,0,0,0,0
Uru,Uru,2017,0.0,0.0,999.0,999.0,0.0,0.0,0,0,0,0,0
Uru,Uru,2018,0.0,0.0,999.0,999.0,0.0,0.0,0,0,0,0,0
Uru,Uru,2019,0.0,0.0,999.0,999.0,0.0,0.0,0,0,0,0,0
Uru,Uru,2020,42.0,15419044.0,11.0,62.21428571428572,0.0,0.0,1,0,0,0,0
Uru,Uru,2021,23.0,5212762.0,76.0,126.65217391304348,0.0,0.0,1,0,0,0,0
Uru,Uru,2022,35.0,12454700.0,51.0,102.97142857142858,0.0,0.0,1,0,0,0,0
Uru,Uru,2023,32.0,9650964.0,124.0,162.875,0.0,0.0,1,0,0,0,0
Uru,Uru,2024,4.0,1308145.0,171.0,187.0,0.0,0.0,1,0,0,0,0
V,V,2016,0.0,0.0,999.0,999.0,0.0,0.0,0,0,0,0,0
V,V,2017,0.0,0.0,999.0,999.0,0.0,0.0,0,0,0,0,0
V,V,2018,0.0,0.0,999.0,999.0,0.0,0.0,0,0,0,0,0
V,V,2019,0.0,0.0,999.0,999.0,0.0,0.0,0,0,0,0,0
V,V,2020,0.0,0.0,999.0,999.0,0.0,0.0,0,0,0,0,0
V,V,2021,0.0,0.0,999.0,999.0,0.0,0.0,0,0,0,0,0
V,V,2022,0.0,0.0,999.0,999.0,0.0,0.0,0,0,0,0,0
V,V,2023,35.0,25429708.0,20.0,57.68571428571428,0.0,0.0,1,0,0,0,0
V,V,2024,64.0,31796225.0,55.0,89.296875,0.0,0.0,1,0,0,0,0
Vaundy,Vaundy,2016,0.0,0.0,999.0,999.0,0.0,0.0,0,0,0,0,0
Vaundy,Vaundy,2017,0.0,0.0,999.0,999.0,0.0,0.0,0,0,0,0,0
Vaundy,Vaundy,2018,0.0,0.0,999.0,999.0,0.0,0.0,0,0,0,0,0
Vaundy,Vaundy,2019,0.0,0.0,999.0,999.0,0.0,0.0,0,0,0,0,0
Vaundy,Vaundy,2020,65.0,23427860.0,20.0,114.53846153846152,0.0,0.0,1,0,0,0,0
Vaundy,Vaundy,2021,306.0,155300596.0,10.0,69.81045751633987,1.0,0.0,1,0,0,0,0
Vaundy,Vaundy,2022,507.0,214025371.0,8.0,88.96252465483235,3.0,0.0,1,0,0,0,1
Vaundy,Vaundy,2023,483.0,294647644.0,1.0,88.14285714285714,58.0,1.0,1,1,1,1,0
Vaundy,Vaundy,2024,382.0,284273656.0,3.0,78.6282722513089,28.0,0.0,1,1,0,0,1
WANIMA,WANIMA,2016,0.0,0.0,999.0,999.0,0.0,0.0,0,0,0,0,0
WANIMA,WANIMA,2017,0.0,0.0,999.0,999.0,0.0,0.0,0,0,0,0,0
WANIMA,WANIMA,2018,0.0,0.0,999.0,999.0,0.0,0.0,0,0,0,0,0
WANIMA,WANIMA,2019,0.0,0.0,999.0,999.0,0.0,0.0,0,0,0,0,0
WANIMA,WANIMA,2020,34.0,4525267.0,122.0,150.61764705882354,0.0,0.0,1,0,0,0,0
WANIMA,WANIMA,2021,11.0,1934292.0,169.0,186.8181818181818,0.0,0.0,1,0,0,0,0
WANIMA,WANIMA,2022,19.0,4067235.0,148.0,177.78947368421052,0.0,0.0,1,0,0,0,0
WANIMA,WANIMA,2023,8.0,2231662.0,168.0,187.375,0.0,0.0,1,0,0,0,0
WANIMA,WANIMA,2024,17.0,6090072.0,107.0,173.2941176470588,0.0,0.0,1,0,0,0,0
WEDNESDAY CAMPANELLA,WEDNESDAY CAMPANELLA,2016,0.0,0.0,999.0,999.0,0.0,0.0,0,0,0,0,0
WEDNESDAY CAMPANELLA,WEDNESDAY CAMPANELLA,2017,0.0,0.0,999.0,999.0,0.0,0.0,0,0,0,0,0
WEDNESDAY CAMPANELLA,WEDNESDAY CAMPANELLA,2018,0.0,0.0,999.0,999.0,0.0,0.0,0,0,0,0,0
WEDNESDAY CAMPANELLA,WEDNESDAY CAMPANELLA,2019,0.0,0.0,999.0,999.0,0.0,0.0,0,0,0,0,0
WEDNESDAY CAMPANELLA,WEDNESDAY CAMPANELLA,2020,0.0,0.0,999.0,999.0,0.0,0.0,0,0,0,0,0
WEDNESDAY CAMPANELLA,WEDNESDAY CAMPANELLA,2021,0.0,0.0,999.0,999.0,0.0,0.0,0,0,0,0,0
WEDNESDAY CAMPANELLA,WEDNESDAY CAMPANELLA,2022,29.0,22287381.0,7.0,43.793103448275865,5.0,0.0,1,0,0,0,0
WEDNESDAY CAMPANELLA,WEDNESDAY CAMPANELLA,2023,12.0,3664579.0,75.0,150.75,0.0,0.0,1,0,0,0,0
WEDNESDAY CAMPANELLA,WEDNESDAY CAMPANELLA,2024,0.0,0.0,999.0,999.0,0.0,0.0,0,0,0,0,0
WurtS,WurtS,2016,0.0,0.0,999.0,999.0,0.0,0.0,0,0,0,0,0
WurtS,WurtS,2017,0.0,0.0,999.0,999.0,0.0,0.0,0,0,0,0,0
WurtS,WurtS,2018,0.0,0.0,999.0,999.0,0.0,0.0,0,0,0,0,0
WurtS,WurtS,2019,0.0,0.0,999.0,999.0,0.0,0.0,0,0,0,0,0
WurtS,WurtS,2020,0.0,0.0,999.0,999.0,0.0,0.0,0,0,0,0,0
WurtS,WurtS,2021,32.0,9148365.0,58.0,110.03125,0.0,0.0,1,0,0,0,0
WurtS,WurtS,2022,8.0,1585878.0,176.0,186.375,0.0,0.0,1,0,0,0,0
WurtS,WurtS,2023,5.0,1438830.0,148.0,180.2,0.0,0.0,1,0,0,0,0
WurtS,WurtS,2024,0.0,0.0,999.0,999.0,0.0,0.0,0,0,0,0,0
XG,XG,2016,0.0,0.0,999.0,999.0,0.0,0.0,0,0,0,0,0
XG,XG,2017,0.0,0.0,999.0,999.0,0.0,0.0,0,0,0,0,0
XG,XG,2018,0.0,0.0,999.0,999.0,0.0,0.0,0,0,0,0,0
XG,XG,2019,0.0,0.0,999.0,999.0,0.0,0.0,0,0,0,0,0
XG,XG,2020,0.0,0.0,999.0,999.0,0.0,0.0,0,0,0,0,0
XG,XG,2021,0.0,0.0,999.0,999.0,0.0,0.0,0,0,0,0,0
XG,XG,2022,0.0,0.0,999.0,999.0,0.0,0.0,0,0,0,0,0
XG,XG,2023,0.0,0.0,999.0,999.0,0.0,0.0,0,0,0,0,0
XG,XG,2024,17.0,13497088.0,23.0,74.41176470588235,0.0,0.0,1,0,0,0,0
YOAKE,YOAKE,2016,0.0,0.0,999.0,999.0,0.0,0.0,0,0,0,0,0
YOAKE,YOAKE,2017,0.0,0.0,999.0,999.0,0.0,0.0,0,0,0,0,0
YOAKE,YOAKE,2018,0.0,0.0,999.0,999.0,0.0,0.0,0,0,0,0,0
YOAKE,YOAKE,2019,0.0,0.0,999.0,999.0,0.0,0.0,0,0,0,0,0
YOAKE,YOAKE,2020,0.0,0.0,999.0,999.0,0.0,0.0,0,0,0,0,0
YOAKE,YOAKE,2021,0.0,0.0,999.0,999.0,0.0,0.0,0,0,0,0,0
YOAKE,YOAKE,2022,31.0,12088794.0,58.0,76.6774193548387,0.0,0.0,1,0,0,0,0
YOAKE,YOAKE,2023,47.0,17260598.0,71.0,118.34042553191487,0.0,0.0,1,0,0,0,0
YOAKE,YOAKE,2024,27.0,10157308.0,120.0,148.1851851851852,0.0,0.0,1,0,0,0,0
YOASOBI,YOASOBI,2016,0.0,0.0,999.0,999.0,0.0,0.0,0,0,0,0,0
YOASOBI,YOASOBI,2017,0.0,0.0,999.0,999.0,0.0,0.0,0,0,0,0,0
YOASOBI,YOASOBI,2018,0.0,0.0,999.0,999.0,0.0,0.0,0,0,0,0,0
YOASOBI,YOASOBI,2019,0.0,0.0,999.0,999.0,0.0,0.0,0,0,0,0,0
YOASOBI,YOASOBI,2020,153.0,129877270.0,1.0,35.51633986928105,37.0,20.0,1,0,0,0,1
YOASOBI,YOASOBI,2021,545.0,491943652.0,2.0,35.205504587155964,126.0,0.0,1,1,1,1,1
YOASOBI,YOASOBI,2022,423.0,226973881.0,8.0,82.41843971631205,5.0,0.0,1,2,1,2,0
YOASOBI,YOASOBI,2023,413.0,329673402.0,1.0,81.13317191283294,49.0,21.0,1,2,0,0,1
YOASOBI,YOASOBI,2024,358.0,233849725.0,1.0,99.4245810055866,19.0,3.0,1,3,1,1,0
YU-KA,YU-KA,2016,0.0,0.0,999.0,999.0,0.0,0.0,0,0,0,0,0
YU-KA,YU-KA,2017,0.0,0.0,999.0,999.0,0.0,0.0,0,0,0,0,0
YU-KA,YU-KA,2018,0.0,0.0,999.0,999.0,0.0,0.0,0,0,0,0,0
YU-KA,YU-KA,2019,0.0,0.0,999.0,999.0,0.0,0.0,0,0,0,0,0
YU-KA,YU-KA,2020,0.0,0.0,999.0,999.0,0.0,0.0,0,0,0,0,0
YU-KA,YU-KA,2021,0.0,0.0,999.0,999.0,0.0,0.0,0,0,0,0,0
YU-KA,YU-KA,2022,0.0,0.0,999.0,999.0,0.0,0.0,0,0,0,0,0
YU-KA,YU-KA,2023,30.0,17624444.0,12.0,96.43333333333334,0.0,0.0,1,0,0,0,0
YU-KA,YU-KA,2024,0.0,0.0,999.0,999.0,0.0,0.0,0,0,0,0,0
YUZU,YUZU,2016,0.0,0.0,999.0,999.0,0.0,0.0,0,0,0,0,0
YUZU,YUZU,2017,0.0,0.0,999.0,999.0,0.0,0.0,0,0,0,0,0
YUZU,YUZU,2018,0.0,0.0,999.0,999.0,0.0,0.0,0,0,0,0,0
YUZU,YUZU,2019,0.0,0.0,999.0,999.0,0.0,0.0,0,0,0,0,0
YUZU,YUZU,2020,0.0,0.0,999.0,999.0,0.0,0.0,0,0,0,0,1
YUZU,YUZU,2021,0.0,0.0,999.0,999.0,0.0,0.0,0,1,1,1,1
YUZU,YUZU,2022,0.0,0.0,999.0,999.0,0.0,0.0,0,2,1,2,1
YUZU,YUZU,2023,0.0,0.0,999.0,999.0,0.0,0.0,0,3,1,3,1
YUZU,YUZU,2024,0.0,0.0,999.0,999.0,0.0,0.0,0,4,1,4,0
Yoru no Hitowarai,Yoru no Hitowarai,2016,0.0,0.0,999.0,999.0,0.0,0.0,0,0,0,0,0
Yoru no Hitowarai,Yoru no Hitowarai,2017,0.0,0.0,999.0,999.0,0.0,0.0,0,0,0,0,0
Yoru no Hitowarai,Yoru no Hitowarai,2018,0.0,0.0,999.0,999.0,0.0,0.0,0,0,0,0,0
Yoru no Hitowarai,Yoru no Hitowarai,2019,0.0,0.0,999.0,999.0,0.0,0.0,0,0,0,0,0
Yoru no Hitowarai,Yoru no Hitowarai,2020,0.0,0.0,999.0,999.0,0.0,0.0,0,0,0,0,0
Yoru no Hitowarai,Yoru no Hitowarai,2021,18.0,10705447.0,16.0,51.94444444444444,0.0,0.0,1,0,0,0,0
Yoru no Hitowarai,Yoru no Hitowarai,2022,36.0,15811067.0,40.0,89.75,0.0,0.0,1,0,0,0,0
Yoru no Hitowarai,Yoru no Hitowarai,2023,0.0,0.0,999.0,999.0,0.0,0.0,0,0,0,0,0
Yoru no Hitowarai,Yoru no Hitowarai,2024,0.0,0.0,999.0,999.0,0.0,0.0,0,0,0,0,0
Yorushika,Yorushika,2016,0.0,0.0,999.0,999.0,0.0,0.0,0,0,0,0,0
Yorushika,Yorushika,2017,0.0,0.0,999.0,999.0,0.0,0.0,0,0,0,0,0
Yorushika,Yorushika,2018,0.0,0.0,999.0,999.0,0.0,0.0,0,0,0,0,0
Yorushika,Yorushika,2019,0.0,0.0,999.0,999.0,0.0,0.0,0,0,0,0,0
Yorushika,Yorushika,2020,142.0,64796013.0,12.0,51.45070422535211,0.0,0.0,1,0,0,0,0
Yorushika,Yorushika,2021,173.0,60355273.0,36.0,98.60115606936417,0.0,0.0,1,0,0,0,0
Yorushika,Yorushika,2022,62.0,13324959.0,111.0,168.1451612903226,0.0,0.0,1,0,0,0,0
Yorushika,Yorushika,2023,150.0,81707051.0,16.0,96.38,0.0,0.0,1,0,0,0,0
Yorushika,Yorushika,2024,206.0,164170219.0,6.0,70.83009708737865,15.0,0.0,1,0,0,0,0
Yuuri,Yuuri,2016,0.0,0.0,999.0,999.0,0.0,0.0,0,0,0,0,0
Yuuri,Yuuri,2017,0.0,0.0,999.0,999.0,0.0,0.0,0,0,0,0,0
Yuuri,Yuuri,2018,0.0,0.0,999.0,999.0,0.0,0.0,0,0,0,0,0
Yuuri,Yuuri,2019,0.0,0.0,999.0,999.0,0.0,0.0,0,0,0,0,0
Yuuri,Yuuri,2020,41.0,27194599.0,3.0,49.170731707317074,6.0,0.0,1,0,0,0,0
Yuuri,Yuuri,2021,188.0,197375179.0,1.0,29.45744680851064,60.0,25.0,1,0,0,0,0
Yuuri,Yuuri,2022,290.0,224299717.0,1.0,52.84827586206897,64.0,2.0,1,0,0,0,0
Yuuri,Yuuri,2023,307.0,222238237.0,5.0,60.89902280130293,7.0,0.0,1,0,0,0,0
Yuuri,Yuuri,2024,276.0,174301367.0,5.0,84.0036231884058,8.0,0.0,1,0,0,0,0
ZUTOMAYO,ZUTOMAYO,2016,0.0,0.0,999.0,999.0,0.0,0.0,0,0,0,0,0
ZUTOMAYO,ZUTOMAYO,2017,0.0,0.0,999.0,999.0,0.0,0.0,0,0,0,0,0
ZUTOMAYO,ZUTOMAYO,2018,0.0,0.0,999.0,999.0,0.0,0.0,0,0,0,0,0
ZUTOMAYO,ZUTOMAYO,2019,0.0,0.0,999.0,999.0,0.0,0.0,0,0,0,0,0
ZUTOMAYO,ZUTOMAYO,2020,55.0,13598963.0,50.0,75.76363636363637,0.0,0.0,1,0,0,0,0
ZUTOMAYO,ZUTOMAYO,2021,114.0,51554984.0,14.0,95.28947368421052,0.0,0.0,1,0,0,0,0
ZUTOMAYO,ZUTOMAYO,2022,21.0,4860695.0,95.0,144.38095238095238,0.0,0.0,1,0,0,0,0
ZUTOMAYO,ZUTOMAYO,2023,0.0,0.0,999.0,999.0,0.0,0.0,0,0,0,0,0
ZUTOMAYO,ZUTOMAYO,2024,12.0,10796889.0,31.0,46.0,0.0,0.0,1,0,0,0,0
[Alexandros],[Alexandros],2016,0.0,0.0,999.0,999.0,0.0,0.0,0,0,0,0,0
[Alexandros],[Alexandros],2017,0.0,0.0,999.0,999.0,0.0,0.0,0,0,0,0,0
[Alexandros],[Alexandros],2018,0.0,0.0,999.0,999.0,0.0,0.0,0,0,0,0,0
[Alexandros],[Alexandros],2019,0.0,0.0,999.0,999.0,0.0,0.0,0,0,0,0,0
[Alexandros],[Alexandros],2020,53.0,16479417.0,24.0,62.77358490566038,0.0,0.0,1,0,0,0,0
[Alexandros],[Alexandros],2021,52.0,13808129.0,68.0,104.21153846153848,0.0,0.0,1,0,0,0,0
[Alexandros],[Alexandros],2022,42.0,11292768.0,75.0,123.66666666666669,0.0,0.0,1,0,0,0,0
[Alexandros],[Alexandros],2023,37.0,11209891.0,134.0,169.0810810810811,0.0,0.0,1,0,0,0,0
[Alexandros],[Alexandros],2024,13.0,4734029.0,130.0,164.3846153846154,0.0,0.0,1,0,0,0,0
aespa,aespa,2016,0.0,0.0,999.0,999.0,0.0,0.0,0,0,0,0,0
aespa,aespa,2017,0.0,0.0,999.0,999.0,0.0,0.0,0,0,0,0,0
aespa,aespa,2018,0.0,0.0,999.0,999.0,0.0,0.0,0,0,0,0,0
aespa,aespa,2019,0.0,0.0,999.0,999.0,0.0,0.0,0,0,0,0,0
aespa,aespa,2020,0.0,0.0,999.0,999.0,0.0,0.0,0,0,0,0,0
aespa,aespa,2021,0.0,0.0,999.0,999.0,0.0,0.0,0,0,0,0,0
aespa,aespa,2022,0.0,0.0,999.0,999.0,0.0,0.0,0,0,0,0,0
aespa,aespa,2023,7.0,3194886.0,68.0,103.28571428571428,0.0,0.0,1,0,0,0,0
aespa,aespa,2024,91.0,56840060.0,7.0,94.14285714285714,6.0,0.0,1,0,0,0,0
aiko,aiko,2016,0.0,0.0,999.0,999.0,0.0,0.0,0,0,0,0,0
aiko,aiko,2017,0.0,0.0,999.0,999.0,0.0,0.0,0,0,0,0,0
aiko,aiko,2018,0.0,0.0,999.0,999.0,0.0,0.0,0,0,0,0,0
aiko,aiko,2019,0.0,0.0,999.0,999.0,0.0,0.0,0,0,0,0,0
aiko,aiko,2020,0.0,0.0,999.0,999.0,0.0,0.0,0,0,0,0,0
aiko,aiko,2021,0.0,0.0,999.0,999.0,0.0,0.0,0,0,0,0,0
aiko,aiko,2022,0.0,0.0,999.0,999.0,0.0,0.0,0,0,0,0,0
aiko,aiko,2023,20.0,7976085.0,62.0,105.15,0.0,0.0,1,0,0,0,0
aiko,aiko,2024,32.0,27389850.0,6.0,93.46875,5.0,0.0,1,0,0,0,1
ano,ano,2016,0.0,0.0,999.0,999.0,0.0,0.0,0,0,0,0,0
ano,ano,2017,0.0,0.0,999.0,999.0,0.0,0.0,0,0,0,0,0
ano,ano,2018,0.0,0.0,999.0,999.0,0.0,0.0,0,0,0,0,0
ano,ano,2019,0.0,0.0,999.0,999.0,0.0,0.0,0,0,0,0,0
ano,ano,2020,0.0,0.0,999.0,999.0,0.0,0.0,0,0,0,0,0
ano,ano,2021,0.0,0.0,999.0,999.0,0.0,0.0,0,0,0,0,0
ano,ano,2022,0.0,0.0,999.0,999.0,0.0,0.0,0,0,0,0,0
ano,ano,2023,0.0,0.0,999.0,999.0,0.0,0.0,0,0,0,0,1
ano,ano,2024,0.0,0.0,999.0,999.0,0.0,0.0,0,1,1,1,0
back number,back number,2016,0.0,0.0,999.0,999.0,0.0,0.0,0,0,0,0,0
back number,back number,2017,0.0,0.0,999.0,999.0,0.0,0.0,0,0,0,0,0
back number,back number,2018,0.0,0.0,999.0,999.0,0.0,0.0,0,0,0,0,0
back number,back number,2019,0.0,0.0,999.0,999.0,0.0,0.0,0,0,0,0,0
back number,back number,2020,285.0,81798747.0,11.0,79.40701754385965,0.0,0.0,1,0,0,0,0
back number,back number,2021,343.0,124454697.0,1.0,112.93002915451896,19.0,3.0,1,0,0,0,0
back number,back number,2022,353.0,167028050.0,6.0,101.74787535410763,27.0,0.0,1,0,0,0,0
back number,back number,2023,540.0,284208335.0,2.0,95.74444444444444,3.0,0.0,1,0,0,0,0
back number,back number,2024,670.0,457621995.0,3.0,84.71940298507462,19.0,0.0,1,0,0,0,0
flumpool,flumpool,2016,0.0,0.0,999.0,999.0,0.0,0.0,0,0,0,0,0
flumpool,flumpool,2017,0.0,0.0,999.0,999.0,0.0,0.0,0,0,0,0,0
flumpool,flumpool,2018,0.0,0.0,999.0,999.0,0.0,0.0,0,0,0,0,0
flumpool,flumpool,2019,0.0,0.0,999.0,999.0,0.0,0.0,0,0,0,0,0
flumpool,flumpool,2020,37.0,5726592.0,64.0,132.72972972972974,0.0,0.0,1,0,0,0,0
flumpool,flumpool,2021,0.0,0.0,999.0,999.0,0.0,0.0,0,0,0,0,0
flumpool,flumpool,2022,0.0,0.0,999.0,999.0,0.0,0.0,0,0,0,0,0
flumpool,flumpool,2023,0.0,0.0,999.0,999.0,0.0,0.0,0,0,0,0,0
flumpool,flumpool,2024,0.0,0.0,999.0,999.0,0.0,0.0,0,0,0,0,0
imase,imase,2016,0.0,0.0,999.0,999.0,0.0,0.0,0,0,0,0,0
imase,imase,2017,0.0,0.0,999.0,999.0,0.0,0.0,0,0,0,0,0
imase,imase,2018,0.0,0.0,999.0,999.0,0.0,0.0,0,0,0,0,0
imase,imase,2019,0.0,0.0,999.0,999.0,0.0,0.0,0,0,0,0,0
imase,imase,2020,0.0,0.0,999.0,999.0,0.0,0.0,0,0,0,0,0
imase,imase,2021,0.0,0.0,999.0,999.0,0.0,0.0,0,0,0,0,0
imase,imase,2022,19.0,6737392.0,58.0,97.73684210526316,0.0,0.0,1,0,0,0,0
imase,imase,2023,76.0,39955751.0,12.0,94.97368421052632,0.0,0.0,1,0,0,0,0
imase,imase,2024,50.0,19642535.0,87.0,142.02,0.0,0.0,1,0,0,0,0
indigo la End,indigo la End,2016,0.0,0.0,999.0,999.0,0.0,0.0,0,0,0,0,0
indigo la End,indigo la End,2017,0.0,0.0,999.0,999.0,0.0,0.0,0,0,0,0,0
indigo la End,indigo la End,2018,0.0,0.0,999.0,999.0,0.0,0.0,0,0,0,0,0
indigo la End,indigo la End,2019,0.0,0.0,999.0,999.0,0.0,0.0,0,0,0,0,0
indigo la End,indigo la End,2020,0.0,0.0,999.0,999.0,0.0,0.0,0,0,0,0,0
indigo la End,indigo la End,2021,0.0,0.0,999.0,999.0,0.0,0.0,0,0,0,0,0
indigo la End,indigo la End,2022,0.0,0.0,999.0,999.0,0.0,0.0,0,0,0,0,0
indigo la End,indigo la End,2023,35.0,23772411.0,17.0,70.2,0.0,0.0,1,0,0,0,0
indigo la End,indigo la End,2024,6.0,2301568.0,109.0,153.0,0.0,0.0,1,0,0,0,0
milet,milet,2016,0.0,0.0,999.0,999.0,0.0,0.0,0,0,0,0,0
milet,milet,2017,0.0,0.0,999.0,999.0,0.0,0.0,0,0,0,0,0
milet,milet,2018,0.0,0.0,999.0,999.0,0.0,0.0,0,0,0,0,0
milet,milet,2019,0.0,0.0,999.0,999.0,0.0,0.0,0,0,0,0,0
milet,milet,2020,53.0,11865092.0,53.0,88.56603773584905,0.0,0.0,1,0,0,0,1
milet,milet,2021,8.0,2205650.0,48.0,130.75,0.0,0.0,1,1,1,1,1
milet,milet,2022,52.0,25335343.0,26.0,94.59615384615384,0.0,0.0,1,2,1,2,1
milet,milet,2023,43.0,24499285.0,8.0,97.18604651162792,1.0,0.0,1,3,1,3,1
milet,milet,2024,3.0,979063.0,143.0,167.0,0.0,0.0,1,4,1,4,0
natori,natori,2016,0.0,0.0,999.0,999.0,0.0,0.0,0,0,0,0,0
natori,natori,2017,0.0,0.0,999.0,999.0,0.0,0.0,0,0,0,0,0
natori,natori,2018,0.0,0.0,999.0,999.0,0.0,0.0,0,0,0,0,0
natori,natori,2019,0.0,0.0,999.0,999.0,0.0,0.0,0,0,0,0,0
natori,natori,2020,0.0,0.0,999.0,999.0,0.0,0.0,0,0,0,0,0
natori,natori,2021,0.0,0.0,999.0,999.0,0.0,0.0,0,0,0,0,0
natori,natori,2022,16.0,27612113.0,2.0,10.1875,14.0,0.0,1,0,0,0,0
natori,natori,2023,89.0,84595804.0,4.0,46.550561797752806,14.0,0.0,1,0,0,0,0
natori,natori,2024,83.0,44406566.0,22.0,112.34939759036143,0.0,0.0,1,0,0,0,0
neguse.,neguse.,2016,0.0,0.0,999.0,999.0,0.0,0.0,0,0,0,0,0
neguse.,neguse.,2017,0.0,0.0,999.0,999.0,0.0,0.0,0,0,0,0,0
neguse.,neguse.,2018,0.0,0.0,999.0,999.0,0.0,0.0,0,0,0,0,0
neguse.,neguse.,2019,0.0,0.0,999.0,999.0,0.0,0.0,0,0,0,0,0
neguse.,neguse.,2020,0.0,0.0,999.0,999.0,0.0,0.0,0,0,0,0,0
neguse.,neguse.,2021,0.0,0.0,999.0,999.0,0.0,0.0,0,0,0,0,0
neguse.,neguse.,2022,0.0,0.0,999.0,999.0,0.0,0.0,0,0,0,0,0
neguse.,neguse.,2023,0.0,0.0,999.0,999.0,0.0,0.0,0,0,0,0,0
neguse.,neguse.,2024,0.0,0.0,999.0,999.0,0.0,0.0,0,0,0,0,0
noa,noa,2016,0.0,0.0,999.0,999.0,0.0,0.0,0,0,0,0,0
noa,noa,2017,0.0,0.0,999.0,999.0,0.0,0.0,0,0,0,0,0
noa,noa,2018,0.0,0.0,999.0,999.0,0.0,0.0,0,0,0,0,0
noa,noa,2019,0.0,0.0,999.0,999.0,0.0,0.0,0,0,0,0,0
noa,noa,2020,0.0,0.0,999.0,999.0,0.0,0.0,0,0,0,0,0
noa,noa,2021,0.0,0.0,999.0,999.0,0.0,0.0,0,0,0,0,0
noa,noa,2022,0.0,0.0,999.0,999.0,0.0,0.0,0,0,0,0,0
noa,noa,2023,0.0,0.0,999.0,999.0,0.0,0.0,0,0,0,0,0
noa,noa,2024,55.0,52736191.0,3.0,62.36363636363637,7.0,0.0,1,0,0,0,0
sakanaction,sakanaction,2016,0.0,0.0,999.0,999.0,0.0,0.0,0,0,0,0,0
sakanaction,sakanaction,2017,0.0,0.0,999.0,999.0,0.0,0.0,0,0,0,0,0
sakanaction,sakanaction,2018,0.0,0.0,999.0,999.0,0.0,0.0,0,0,0,0,0
sakanaction,sakanaction,2019,0.0,0.0,999.0,999.0,0.0,0.0,0,0,0,0,0
sakanaction,sakanaction,2020,47.0,9962831.0,32.0,99.72340425531917,0.0,0.0,1,0,0,0,0
sakanaction,sakanaction,2021,1.0,134911.0,198.0,198.0,0.0,0.0,1,0,0,0,0
sakanaction,sakanaction,2022,0.0,0.0,999.0,999.0,0.0,0.0,0,0,0,0,0
sakanaction,sakanaction,2023,0.0,0.0,999.0,999.0,0.0,0.0,0,0,0,0,0
sakanaction,sakanaction,2024,0.0,0.0,999.0,999.0,0.0,0.0,0,0,0,0,0
shytaupe,shytaupe,2016,0.0,0.0,999.0,999.0,0.0,0.0,0,0,0,0,0
shytaupe,shytaupe,2017,0.0,0.0,999.0,999.0,0.0,0.0,0,0,0,0,0
shytaupe,shytaupe,2018,0.0,0.0,999.0,999.0,0.0,0.0,0,0,0,0,0
shytaupe,shytaupe,2019,0.0,0.0,999.0,999.0,0.0,0.0,0,0,0,0,0
shytaupe,shytaupe,2020,0.0,0.0,999.0,999.0,0.0,0.0,0,0,0,0,0
shytaupe,shytaupe,2021,0.0,0.0,999.0,999.0,0.0,0.0,0,0,0,0,0
shytaupe,shytaupe,2022,0.0,0.0,999.0,999.0,0.0,0.0,0,0,0,0,0
shytaupe,shytaupe,2023,20.0,27976269.0,4.0,16.45,16.0,0.0,1,0,0,0,0
shytaupe,shytaupe,2024,51.0,31608180.0,12.0,96.4313725490196,0.0,0.0,1,0,0,0,0
sumika,sumika,2016,0.0,0.0,999.0,999.0,0.0,0.0,0,0,0,0,0
sumika,sumika,2017,0.0,0.0,999.0,999.0,0.0,0.0,0,0,0,0,0
sumika,sumika,2018,0.0,0.0,999.0,999.0,0.0,0.0,0,0,0,0,0
sumika,sumika,2019,0.0,0.0,999.0,999.0,0.0,0.0,0,0,0,0,0
sumika,sumika,2020,53.0,11618408.0,57.0,81.86792452830188,0.0,0.0,1,0,0,0,0
sumika,sumika,2021,12.0,2071259.0,145.0,169.66666666666666,0.0,0.0,1,0,0,0,0
sumika,sumika,2022,1.0,234200.0,194.0,194.0,0.0,0.0,1,0,0,0,0
sumika,sumika,2023,1.0,279450.0,168.0,168.0,0.0,0.0,1,0,0,0,0
sumika,sumika,2024,0.0,0.0,999.0,999.0,0.0,0.0,0,0,0,0,0
tuki.,tuki.,2016,0.0,0.0,999.0,999.0,0.0,0.0,0,0,0,0,0
tuki.,tuki.,2017,0.0,0.0,999.0,999.0,0.0,0.0,0,0,0,0,0
tuki.,tuki.,2018,0.0,0.0,999.0,999.0,0.0,0.0,0,0,0,0,0
tuki.,tuki.,2019,0.0,0.0,999.0,999.0,0.0,0.0,0,0,0,0,0
tuki.,tuki.,2020,0.0,0.0,999.0,999.0,0.0,0.0,0,0,0,0,0
tuki.,tuki.,2021,0.0,0.0,999.0,999.0,0.0,0.0,0,0,0,0,0
tuki.,tuki.,2022,0.0,0.0,999.0,999.0,0.0,0.0,0,0,0,0,0
tuki.,tuki.,2023,13.0,14182830.0,11.0,27.23076923076923,0.0,0.0,1,0,0,0,0
tuki.,tuki.,2024,78.0,108057235.0,2.0,31.56410256410257,21.0,0.0,1,0,0,0,1
wacci,wacci,2016,0.0,0.0,999.0,999.0,0.0,0.0,0,0,0,0,0
wacci,wacci,2017,0.0,0.0,999.0,999.0,0.0,0.0,0,0,0,0,0
wacci,wacci,2018,0.0,0.0,999.0,999.0,0.0,0.0,0,0,0,0,0
wacci,wacci,2019,0.0,0.0,999.0,999.0,0.0,0.0,0,0,0,0,0
wacci,wacci,2020,49.0,19452330.0,31.0,45.08163265306123,0.0,0.0,1,0,0,0,0
wacci,wacci,2021,0.0,0.0,999.0,999.0,0.0,0.0,0,0,0,0,0
wacci,wacci,2022,27.0,21231628.0,15.0,41.18518518518518,0.0,0.0,1,0,0,0,0
wacci,wacci,2023,37.0,20368150.0,32.0,94.67567567567568,0.0,0.0,1,0,0,0,0
wacci,wacci,2024,0.0,0.0,999.0,999.0,0.0,0.0,0,0,0,0,0
yama,yama,2016,0.0,0.0,999.0,999.0,0.0,0.0,0,0,0,0,0
yama,yama,2017,0.0,0.0,999.0,999.0,0.0,0.0,0,0,0,0,0
yama,yama,2018,0.0,0.0,999.0,999.0,0.0,0.0,0,0,0,0,0
yama,yama,2019,0.0,0.0,999.0,999.0,0.0,0.0,0,0,0,0,0
yama,yama,2020,34.0,28761674.0,6.0,20.794117647058822,9.0,0.0,1,0,0,0,0
yama,yama,2021,52.0,43849236.0,12.0,32.17307692307692,0.0,0.0,1,0,0,0,0
yama,yama,2022,62.0,25267319.0,14.0,108.0,0.0,0.0,1,0,0,0,0
yama,yama,2023,43.0,17941173.0,25.0,135.09302325581396,0.0,0.0,1,0,0,0,0
yama,yama,2024,0.0,0.0,999.0,999.0,0.0,0.0,0,0,0,0,0
yangskinny,yangskinny,2016,0.0,0.0,999.0,999.0,0.0,0.0,0,0,0,0,0
yangskinny,yangskinny,2017,0.0,0.0,999.0,999.0,0.0,0.0,0,0,0,0,0
yangskinny,yangskinny,2018,0.0,0.0,999.0,999.0,0.0,0.0,0,0,0,0,0
yangskinny,yangskinny,2019,0.0,0.0,999.0,999.0,0.0,0.0,0,0,0,0,0
yangskinny,yangskinny,2020,0.0,0.0,999.0,999.0,0.0,0.0,0,0,0,0,0
yangskinny,yangskinny,2021,0.0,0.0,999.0,999.0,0.0,0.0,0,0,0,0,0
yangskinny,yangskinny,2022,11.0,10603841.0,8.0,40.36363636363637,3.0,0.0,1,0,0,0,0
yangskinny,yangskinny,2023,52.0,30063565.0,3.0,86.48076923076923,1.0,0.0,1,0,0,0,0
yangskinny,yangskinny,2024,16.0,5565883.0,125.0,167.9375,0.0,0.0,1,0,0,0,0
けやき坂46,けやき坂46,2016,0.0,0.0,999.0,999.0,0.0,0.0,0,0,0,0,0
けやき坂46,けやき坂46,2017,0.0,0.0,999.0,999.0,0.0,0.0,0,0,0,0,0
けやき坂46,けやき坂46,2018,0.0,0.0,999.0,999.0,0.0,0.0,0,0,0,0,0
けやき坂46,けやき坂46,2019,0.0,0.0,999.0,999.0,0.0,0.0,0,0,0,0,0
けやき坂46,けやき坂46,2020,0.0,0.0,999.0,999.0,0.0,0.0,0,0,0,0,1
けやき坂46,けやき坂46,2021,0.0,0.0,999.0,999.0,0.0,0.0,0,1,1,1,1
けやき坂46,けやき坂46,2022,0.0,0.0,999.0,999.0,0.0,0.0,0,2,1,2,1
けやき坂46,けやき坂46,2023,0.0,0.0,999.0,999.0,0.0,0.0,0,3,1,3,0
けやき坂46,けやき坂46,2024,0.0,0.0,999.0,999.0,0.0,0.0,0,3,0,0,0
すとぷり,すとぷり,2016,0.0,0.0,999.0,999.0,0.0,0.0,0,0,0,0,0
すとぷり,すとぷり,2017,0.0,0.0,999.0,999.0,0.0,0.0,0,0,0,0,0
すとぷり,すとぷり,2018,0.0,0.0,999.0,999.0,0.0,0.0,0,0,0,0,0
すとぷり,すとぷり,2019,0.0,0.0,999.0,999.0,0.0,0.0,0,0,0,0,0
すとぷり,すとぷり,2020,0.0,0.0,999.0,999.0,0.0,0.0,0,0,0,0,0
すとぷり,すとぷり,2021,0.0,0.0,999.0,999.0,0.0,0.0,0,0,0,0,0
すとぷり,すとぷり,2022,0.0,0.0,999.0,999.0,0.0,0.0,0,0,0,0,0
すとぷり,すとぷり,2023,0.0,0.0,999.0,999.0,0.0,0.0,0,0,0,0,1
すとぷり,すとぷり,2024,0.0,0.0,999.0,999.0,0.0,0.0,0,1,1,1,0
なにわ男子,なにわ男子,2016,0.0,0.0,999.0,999.0,0.0,0.0,0,0,0,0,0
なにわ男子,なにわ男子,2017,0.0,0.0,999.0,999.0,0.0,0.0,0,0,0,0,0
なにわ男子,なにわ男子,2018,0.0,0.0,999.0,999.0,0.0,0.0,0,0,0,0,0
なにわ男子,なにわ男子,2019,0.0,0.0,999.0,999.0,0.0,0.0,0,0,0,0,0
なにわ男子,なにわ男子,2020,0.0,0.0,999.0,999.0,0.0,0.0,0,0,0,0,0
なにわ男子,なにわ男子,2021,0.0,0.0,999.0,999.0,0.0,0.0,0,0,0,0,0
なにわ男子,なにわ男子,2022,0.0,0.0,999.0,999.0,0.0,0.0,0,0,0,0,1
なにわ男子,なにわ男子,2023,0.0,0.0,999.0,999.0,0.0,0.0,0,1,1,1,0
なにわ男子,なにわ男子,2024,0.0,0.0,999.0,999.0,0.0,0.0,0,1,0,0,0
もさを。,もさを。,2016,0.0,0.0,999.0,999.0,0.0,0.0,0,0,0,0,0
もさを。,もさを。,2017,0.0,0.0,999.0,999.0,0.0,0.0,0,0,0,0,0
もさを。,もさを。,2018,0.0,0.0,999.0,999.0,0.0,0.0,0,0,0,0,0
もさを。,もさを。,2019,0.0,0.0,999.0,999.0,0.0,0.0,0,0,0,0,0
もさを。,もさを。,2020,38.0,19566156.0,32.0,54.71052631578947,0.0,0.0,1,0,0,0,0
もさを。,もさを。,2021,86.0,25780341.0,41.0,120.77906976744184,0.0,0.0,1,0,0,0,0
もさを。,もさを。,2022,0.0,0.0,999.0,999.0,0.0,0.0,0,0,0,0,0
もさを。,もさを。,2023,0.0,0.0,999.0,999.0,0.0,0.0,0,0,0,0,0
もさを。,もさを。,2024,0.0,0.0,999.0,999.0,0.0,0.0,0,0,0,0,0
もも,もも,2016,0.0,0.0,999.0,999.0,0.0,0.0,0,0,0,0,0
もも,もも,2017,0.0,0.0,999.0,999.0,0.0,0.0,0,0,0,0,0
もも,もも,2018,0.0,0.0,999.0,999.0,0.0,0.0,0,0,0,0,0
もも,もも,2019,0.0,0.0,999.0,999.0,0.0,0.0,0,0,0,0,0
もも,もも,2020,0.0,0.0,999.0,999.0,0.0,0.0,0,0,0,0,0
もも,もも,2021,0.0,0.0,999.0,999.0,0.0,0.0,0,0,0,0,0
もも,もも,2022,0.0,0.0,999.0,999.0,0.0,0.0,0,0,0,0,0
もも,もも,2023,0.0,0.0,999.0,999.0,0.0,0.0,0,0,0,0,0
もも,もも,2024,0.0,0.0,999.0,999.0,0.0,0.0,0,0,0,0,1
ウタ,ウタ,2016,0.0,0.0,999.0,999.0,0.0,0.0,0,0,0,0,0
ウタ,ウタ,2017,0.0,0.0,999.0,999.0,0.0,0.0,0,0,0,0,0
ウタ,ウタ,2018,0.0,0.0,999.0,999.0,0.0,0.0,0,0,0,0,0
ウタ,ウタ,2019,0.0,0.0,999.0,999.0,0.0,0.0,0,0,0,0,0
ウタ,ウタ,2020,0.0,0.0,999.0,999.0,0.0,0.0,0,0,0,0,0
ウタ,ウタ,2021,0.0,0.0,999.0,999.0,0.0,0.0,0,0,0,0,0
ウタ,ウタ,2022,0.0,0.0,999.0,999.0,0.0,0.0,0,0,0,0,1
ウタ,ウタ,2023,0.0,0.0,999.0,999.0,0.0,0.0,0,1,1,1,0
ウタ,ウタ,2024,0.0,0.0,999.0,999.0,0.0,0.0,0,1,0,0,0
エレファントカシマシ,エレファントカシマシ,2016,0.0,0.0,999.0,999.0,0.0,0.0,0,0,0,0,0
エレファントカシマシ,エレファントカシマシ,2017,0.0,0.0,999.0,999.0,0.0,0.0,0,0,0,0,0
エレファントカシマシ,エレファントカシマシ,2018,0.0,0.0,999.0,999.0,0.0,0.0,0,0,0,0,0
エレファントカシマシ,エレファントカシマシ,2019,0.0,0.0,999.0,999.0,0.0,0.0,0,0,0,0,0
エレファントカシマシ,エレファントカシマシ,2020,0.0,0.0,999.0,999.0,0.0,0.0,0,0,0,0,0
エレファントカシマシ,エレファントカシマシ,2021,0.0,0.0,999.0,999.0,0.0,0.0,0,0,0,0,0
エレファントカシマシ,エレファントカシマシ,2022,0.0,0.0,999.0,999.0,0.0,0.0,0,0,0,0,0
エレファントカシマシ,エレファントカシマシ,2023,0.0,0.0,999.0,999.0,0.0,0.0,0,0,0,0,1
エレファントカシマシ,エレファントカシマシ,2024,0.0,0.0,999.0,999.0,0.0,0.0,0,1,1,1,0
オレンジスパイニクラブ,オレンジスパイニクラブ,2016,0.0,0.0,999.0,999.0,0.0,0.0,0,0,0,0,0
オレンジスパイニクラブ,オレンジスパイニクラブ,2017,0.0,0.0,999.0,999.0,0.0,0.0,0,0,0,0,0
オレンジスパイニクラブ,オレンジスパイニクラブ,2018,0.0,0.0,999.0,999.0,0.0,0.0,0,0,0,0,0
オレンジスパイニクラブ,オレンジスパイニクラブ,2019,0.0,0.0,999.0,999.0,0.0,0.0,0,0,0,0,0
オレンジスパイニクラブ,オレンジスパイニクラブ,2020,24.0,18290546.0,14.0,36.125,0.0,0.0,1,0,0,0,0
オレンジスパイニクラブ,オレンジスパイニクラブ,2021,42.0,16540671.0,31.0,104.73809523809524,0.0,0.0,1,0,0,0,0
オレンジスパイニクラブ,オレンジスパイニクラブ,2022,0.0,0.0,999.0,999.0,0.0,0.0,0,0,0,0,0
オレンジスパイニクラブ,オレンジスパイニクラブ,2023,0.0,0.0,999.0,999.0,0.0,0.0,0,0,0,0,0
オレンジスパイニクラブ,オレンジスパイニクラブ,2024,0.0,0.0,999.0,999.0,0.0,0.0,0,0,0,0,0
ダチョウ倶楽部,ダチョウ倶楽部,2016,0.0,0.0,999.0,999.0,0.0,0.0,0,0,0,0,0
ダチョウ倶楽部,ダチョウ倶楽部,2017,0.0,0.0,999.0,999.0,0.0,0.0,0,0,0,0,0
ダチョウ倶楽部,ダチョウ倶楽部,2018,0.0,0.0,999.0,999.0,0.0,0.0,0,0,0,0,0
ダチョウ倶楽部,ダチョウ倶楽部,2019,0.0,0.0,999.0,999.0,0.0,0.0,0,0,0,0,0
ダチョウ倶楽部,ダチョウ倶楽部,2020,0.0,0.0,999.0,999.0,0.0,0.0,0,0,0,0,0
ダチョウ倶楽部,ダチョウ倶楽部,2021,0.0,0.0,999.0,999.0,0.0,0.0,0,0,0,0,0
ダチョウ倶楽部,ダチョウ倶楽部,2022,0.0,0.0,999.0,999.0,0.0,0.0,0,0,0,0,1
ダチョウ倶楽部,ダチョウ倶楽部,2023,0.0,0.0,999.0,999.0,0.0,0.0,0,1,1,1,0
ダチョウ倶楽部,ダチョウ倶楽部,2024,0.0,0.0,999.0,999.0,0.0,0.0,0,1,0,0,0
三山ひろし,三山ひろし,2016,0.0,0.0,999.0,999.0,0.0,0.0,0,0,0,0,0
三山ひろし,三山ひろし,2017,0.0,0.0,999.0,999.0,0.0,0.0,0,0,0,0,0
三山ひろし,三山ひろし,2018,0.0,0.0,999.0,999.0,0.0,0.0,0,0,0,0,0
三山ひろし,三山ひろし,2019,0.0,0.0,999.0,999.0,0.0,0.0,0,0,0,0,0
三山ひろし,三山ひろし,2020,0.0,0.0,999.0,999.0,0.0,0.0,0,0,0,0,1
三山ひろし,三山ひろし,2021,0.0,0.0,999.0,999.0,0.0,0.0,0,1,1,1,1
三山ひろし,三山ひろし,2022,0.0,0.0,999.0,999.0,0.0,0.0,0,2,1,2,1
三山ひろし,三山ひろし,2023,0.0,0.0,999.0,999.0,0.0,0.0,0,3,1,3,1
三山ひろし,三山ひろし,2024,0.0,0.0,999.0,999.0,0.0,0.0,0,4,1,4,1
中村佳穂,中村佳穂,2016,0.0,0.0,999.0,999.0,0.0,0.0,0,0,0,0,0
中村佳穂,中村佳穂,2017,0.0,0.0,999.0,999.0,0.0,0.0,0,0,0,0,0
中村佳穂,中村佳穂,2018,0.0,0.0,999.0,999.0,0.0,0.0,0,0,0,0,0
中村佳穂,中村佳穂,2019,0.0,0.0,999.0,999.0,0.0,0.0,0,0,0,0,0
中村佳穂,中村佳穂,2020,0.0,0.0,999.0,999.0,0.0,0.0,0,0,0,0,0
中村佳穂,中村佳穂,2021,0.0,0.0,999.0,999.0,0.0,0.0,0,0,0,0,1
中村佳穂,中村佳穂,2022,0.0,0.0,999.0,999.0,0.0,0.0,0,1,1,1,0
中村佳穂,中村佳穂,2023,0.0,0.0,999.0,999.0,0.0,0.0,0,1,0,0,0
中村佳穂,中村佳穂,2024,0.0,0.0,999.0,999.0,0.0,0.0,0,1,0,0,0
五木ひろし,五木ひろし,2016,0.0,0.0,999.0,999.0,0.0,0.0,0,0,0,0,0
五木ひろし,五木ひろし,2017,0.0,0.0,999.0,999.0,0.0,0.0,0,0,0,0,0
五木ひろし,五木ひろし,2018,0.0,0.0,999.0,999.0,0.0,0.0,0,0,0,0,0
五木ひろし,五木ひろし,2019,0.0,0.0,999.0,999.0,0.0,0.0,0,0,0,0,0
五木ひろし,五木ひろし,2020,0.0,0.0,999.0,999.0,0.0,0.0,0,0,0,0,1
五木ひろし,五木ひろし,2021,0.0,0.0,999.0,999.0,0.0,0.0,0,1,1,1,0
五木ひろし,五木ひろし,2022,0.0,0.0,999.0,999.0,0.0,0.0,0,1,0,0,0
五木ひろし,五木ひろし,2023,0.0,0.0,999.0,999.0,0.0,0.0,0,1,0,0,0
五木ひろし,五木ひろし,2024,0.0,0.0,999.0,999.0,0.0,0.0,0,1,0,0,0
伊藤 蘭,伊藤 蘭,2016,0.0,0.0,999.0,999.0,0.0,0.0,0,0,0,0,0
伊藤 蘭,伊藤 蘭,2017,0.0,0.0,999.0,999.0,0.0,0.0,0,0,0,0,0
伊藤 蘭,伊藤 蘭,2018,0.0,0.0,999.0,999.0,0.0,0.0,0,0,0,0,0
伊藤 蘭,伊藤 蘭,2019,0.0,0.0,999.0,999.0,0.0,0.0,0,0,0,0,0
伊藤 蘭,伊藤 蘭,2020,0.0,0.0,999.0,999.0,0.0,0.0,0,0,0,0,0
伊藤 蘭,伊藤 蘭,2021,0.0,0.0,999.0,999.0,0.0,0.0,0,0,0,0,0
伊藤 蘭,伊藤 蘭,2022,0.0,0.0,999.0,999.0,0.0,0.0,0,0,0,0,0
伊藤 蘭,伊藤 蘭,2023,0.0,0.0,999.0,999.0,0.0,0.0,0,0,0,0,1
伊藤 蘭,伊藤 蘭,2024,0.0,0.0,999.0,999.0,0.0,0.0,0,1,1,1,0
坂本冬美,坂本冬美,2016,0.0,0.0,999.0,999.0,0.0,0.0,0,0,0,0,0
坂本冬美,坂本冬美,2017,0.0,0.0,999.0,999.0,0.0,0.0,0,0,0,0,0
坂本冬美,坂本冬美,2018,0.0,0.0,999.0,999.0,0.0,0.0,0,0,0,0,0
坂本冬美,坂本冬美,2019,0.0,0.0,999.0,999.0,0.0,0.0,0,0,0,0,0
坂本冬美,坂本冬美,2020,0.0,0.0,999.0,999.0,0.0,0.0,0,0,0,0,1
坂本冬美,坂本冬美,2021,0.0,0.0,999.0,999.0,0.0,0.0,0,1,1,1,1
坂本冬美,坂本冬美,2022,0.0,0.0,999.0,999.0,0.0,0.0,0,2,1,2,1
坂本冬美,坂本冬美,2023,0.0,0.0,999.0,999.0,0.0,0.0,0,3,1,3,1
坂本冬美,坂本冬美,2024,0.0,0.0,999.0,999.0,0.0,0.0,0,4,1,4,1
大泉 洋,大泉 洋,2016,0.0,0.0,999.0,999.0,0.0,0.0,0,0,0,0,0
大泉 洋,大泉 洋,2017,0.0,0.0,999.0,999.0,0.0,0.0,0,0,0,0,0
大泉 洋,大泉 洋,2018,0.0,0.0,999.0,999.0,0.0,0.0,0,0,0,0,0
大泉 洋,大泉 洋,2019,0.0,0.0,999.0,999.0,0.0,0.0,0,0,0,0,0
大泉 洋,大泉 洋,2020,0.0,0.0,999.0,999.0,0.0,0.0,0,0,0,0,0
大泉 洋,大泉 洋,2021,0.0,0.0,999.0,999.0,0.0,0.0,0,0,0,0,0
大泉 洋,大泉 洋,2022,0.0,0.0,999.0,999.0,0.0,0.0,0,0,0,0,0
大泉 洋,大泉 洋,2023,0.0,0.0,999.0,999.0,0.0,0.0,0,0,0,0,1
大泉 洋,大泉 洋,2024,0.0,0.0,999.0,999.0,0.0,0.0,0,1,1,1,0
天童よしみ,天童よしみ,2016,0.0,0.0,999.0,999.0,0.0,0.0,0,0,0,0,0
天童よしみ,天童よしみ,2017,0.0,0.0,999.0,999.0,0.0,0.0,0,0,0,0,0
天童よしみ,天童よしみ,2018,0.0,0.0,999.0,999.0,0.0,0.0,0,0,0,0,0
天童よしみ,天童よしみ,2019,0.0,0.0,999.0,999.0,0.0,0.0,0,0,0,0,0
天童よしみ,天童よしみ,2020,0.0,0.0,999.0,999.0,0.0,0.0,0,0,0,0,1
天童よしみ,天童よしみ,2021,0.0,0.0,999.0,999.0,0.0,0.0,0,1,1,1,1
天童よしみ,天童よしみ,2022,0.0,0.0,999.0,999.0,0.0,0.0,0,2,1,2,1
天童よしみ,天童よしみ,2023,0.0,0.0,999.0,999.0,0.0,0.0,0,3,1,3,1
天童よしみ,天童よしみ,2024,0.0,0.0,999.0,999.0,0.0,0.0,0,4,1,4,1
宮本浩次,宮本浩次,2016,0.0,0.0,999.0,999.0,0.0,0.0,0,0,0,0,0
宮本浩次,宮本浩次,2017,0.0,0.0,999.0,999.0,0.0,0.0,0,0,0,0,0
宮本浩次,宮本浩次,2018,0.0,0.0,999.0,999.0,0.0,0.0,0,0,0,0,0
宮本浩次,宮本浩次,2019,0.0,0.0,999.0,999.0,0.0,0.0,0,0,0,0,0
宮本浩次,宮本浩次,2020,0.0,0.0,999.0,999.0,0.0,0.0,0,0,0,0,0
宮本浩次,宮本浩次,2021,0.0,0.0,999.0,999.0,0.0,0.0,0,0,0,0,1
宮本浩次,宮本浩次,2022,0.0,0.0,999.0,999.0,0.0,0.0,0,1,1,1,0
宮本浩次,宮本浩次,2023,0.0,0.0,999.0,999.0,0.0,0.0,0,1,0,0,0
宮本浩次,宮本浩次,2024,0.0,0.0,999.0,999.0,0.0,0.0,0,1,0,0,0
小春(上白石萌音),小春(上白石萌音),2016,0.0,0.0,999.0,999.0,0.0,0.0,0,0,0,0,0
小春(上白石萌音),小春(上白石萌音),2017,0.0,0.0,999.0,999.0,0.0,0.0,0,0,0,0,0
小春(上白石萌音),小春(上白石萌音),2018,0.0,0.0,999.0,999.0,0.0,0.0,0,0,0,0,0
小春(上白石萌音),小春(上白石萌音),2019,0.0,0.0,999.0,999.0,0.0,0.0,0,0,0,0,0
小春(上白石萌音),小春(上白石萌音),2020,0.0,0.0,999.0,999.0,0.0,0.0,0,0,0,0,0
小春(上白石萌音),小春(上白石萌音),2021,0.0,0.0,999.0,999.0,0.0,0.0,0,0,0,0,1
小春(上白石萌音),小春(上白石萌音),2022,0.0,0.0,999.0,999.0,0.0,0.0,0,1,1,1,0
小春(上白石萌音),小春(上白石萌音),2023,0.0,0.0,999.0,999.0,0.0,0.0,0,1,0,0,0
小春(上白石萌音),小春(上白石萌音),2024,0.0,0.0,999.0,999.0,0.0,0.0,0,1,0,0,0
山内惠介,山内惠介,2016,0.0,0.0,999.0,999.0,0.0,0.0,0,0,0,0,0
山内惠介,山内惠介,2017,0.0,0.0,999.0,999.0,0.0,0.0,0,0,0,0,0
山内惠介,山内惠介,2018,0.0,0.0,999.0,999.0,0.0,0.0,0,0,0,0,0
山内惠介,山内惠介,2019,0.0,0.0,999.0,999.0,0.0,0.0,0,0,0,0,0
山内惠介,山内惠介,2020,0.0,0.0,999.0,999.0,0.0,0.0,0,0,0,0,1
山内惠介,山内惠介,2021,0.0,0.0,999.0,999.0,0.0,0.0,0,1,1,1,1
山内惠介,山内惠介,2022,0.0,0.0,999.0,999.0,0.0,0.0,0,2,1,2,1
山内惠介,山内惠介,2023,0.0,0.0,999.0,999.0,0.0,0.0,0,3,1,3,1
山内惠介,山内惠介,2024,0.0,0.0,999.0,999.0,0.0,0.0,0,4,1,4,1
布袋寅泰,布袋寅泰,2016,0.0,0.0,999.0,999.0,0.0,0.0,0,0,0,0,0
布袋寅泰,布袋寅泰,2017,0.0,0.0,999.0,999.0,0.0,0.0,0,0,0,0,0
布袋寅泰,布袋寅泰,2018,0.0,0.0,999.0,999.0,0.0,0.0,0,0,0,0,0
布袋寅泰,布袋寅泰,2019,0.0,0.0,999.0,999.0,0.0,0.0,0,0,0,0,0
布袋寅泰,布袋寅泰,2020,0.0,0.0,999.0,999.0,0.0,0.0,0,0,0,0,0
布袋寅泰,布袋寅泰,2021,0.0,0.0,999.0,999.0,0.0,0.0,0,0,0,0,1
布袋寅泰,布袋寅泰,2022,0.0,0.0,999.0,999.0,0.0,0.0,0,1,1,1,0
布袋寅泰,布袋寅泰,2023,0.0,0.0,999.0,999.0,0.0,0.0,0,1,0,0,0
布袋寅泰,布袋寅泰,2024,0.0,0.0,999.0,999.0,0.0,0.0,0,1,0,0,0
幾田りら,幾田りら,2016,0.0,0.0,999.0,999.0,0.0,0.0,0,0,0,0,0
幾田りら,幾田りら,2017,0.0,0.0,999.0,999.0,0.0,0.0,0,0,0,0,0
幾田りら,幾田りら,2018,0.0,0.0,999.0,999.0,0.0,0.0,0,0,0,0,0
幾田りら,幾田りら,2019,0.0,0.0,999.0,999.0,0.0,0.0,0,0,0,0,0
幾田りら,幾田りら,2020,0.0,0.0,999.0,999.0,0.0,0.0,0,0,0,0,0
幾田りら,幾田りら,2021,0.0,0.0,999.0,999.0,0.0,0.0,0,0,0,0,0
幾田りら,幾田りら,2022,0.0,0.0,999.0,999.0,0.0,0.0,0,0,0,0,1
幾田りら,幾田りら,2023,0.0,0.0,999.0,999.0,0.0,0.0,0,1,1,1,0
幾田りら,幾田りら,2024,0.0,0.0,999.0,999.0,0.0,0.0,0,1,0,0,0
新浜レオン,新浜レオン,2016,0.0,0.0,999.0,999.0,0.0,0.0,0,0,0,0,0
新浜レオン,新浜レオン,2017,0.0,0.0,999.0,999.0,0.0,0.0,0,0,0,0,0
新浜レオン,新浜レオン,2018,0.0,0.0,999.0,999.0,0.0,0.0,0,0,0,0,0
新浜レオン,新浜レオン,2019,0.0,0.0,999.0,999.0,0.0,0.0,0,0,0,0,0
新浜レオン,新浜レオン,2020,0.0,0.0,999.0,999.0,0.0,0.0,0,0,0,0,0
新浜レオン,新浜レオン,2021,0.0,0.0,999.0,999.0,0.0,0.0,0,0,0,0,0
新浜レオン,新浜レオン,2022,0.0,0.0,999.0,999.0,0.0,0.0,0,0,0,0,0
新浜レオン,新浜レオン,2023,0.0,0.0,999.0,999.0,0.0,0.0,0,0,0,0,0
新浜レオン,新浜レオン,2024,0.0,0.0,999.0,999.0,0.0,0.0,0,0,0,0,1
有吉弘行,有吉弘行,2016,0.0,0.0,999.0,999.0,0.0,0.0,0,0,0,0,0
有吉弘行,有吉弘行,2017,0.0,0.0,999.0,999.0,0.0,0.0,0,0,0,0,0
有吉弘行,有吉弘行,2018,0.0,0.0,999.0,999.0,0.0,0.0,0,0,0,0,0
有吉弘行,有吉弘行,2019,0.0,0.0,999.0,999.0,0.0,0.0,0,0,0,0,0
有吉弘行,有吉弘行,2020,0.0,0.0,999.0,999.0,0.0,0.0,0,0,0,0,0
有吉弘行,有吉弘行,2021,0.0,0.0,999.0,999.0,0.0,0.0,0,0,0,0,0
有吉弘行,有吉弘行,2022,0.0,0.0,999.0,999.0,0.0,0.0,0,0,0,0,1
有吉弘行,有吉弘行,2023,0.0,0.0,999.0,999.0,0.0,0.0,0,1,1,1,0
有吉弘行,有吉弘行,2024,0.0,0.0,999.0,999.0,0.0,0.0,0,1,0,0,0
櫻坂46,櫻坂46,2016,0.0,0.0,999.0,999.0,0.0,0.0,0,0,0,0,0
櫻坂46,櫻坂46,2017,0.0,0.0,999.0,999.0,0.0,0.0,0,0,0,0,0
櫻坂46,櫻坂46,2018,0.0,0.0,999.0,999.0,0.0,0.0,0,0,0,0,0
櫻坂46,櫻坂46,2019,0.0,0.0,999.0,999.0,0.0,0.0,0,0,0,0,0
櫻坂46,櫻坂46,2020,0.0,0.0,999.0,999.0,0.0,0.0,0,0,0,0,1
櫻坂46,櫻坂46,2021,0.0,0.0,999.0,999.0,0.0,0.0,0,1,1,1,1
櫻坂46,櫻坂46,2022,0.0,0.0,999.0,999.0,0.0,0.0,0,2,1,2,0
櫻坂46,櫻坂46,2023,0.0,0.0,999.0,999.0,0.0,0.0,0,2,0,0,1
櫻坂46,櫻坂46,2024,0.0,0.0,999.0,999.0,0.0,0.0,0,3,1,1,1
水森かおり,水森かおり,2016,0.0,0.0,999.0,999.0,0.0,0.0,0,0,0,0,0
水森かおり,水森かおり,2017,0.0,0.0,999.0,999.0,0.0,0.0,0,0,0,0,0
水森かおり,水森かおり,2018,0.0,0.0,999.0,999.0,0.0,0.0,0,0,0,0,0
水森かおり,水森かおり,2019,0.0,0.0,999.0,999.0,0.0,0.0,0,0,0,0,0
水森かおり,水森かおり,2020,0.0,0.0,999.0,999.0,0.0,0.0,0,0,0,0,1
水森かおり,水森かおり,2021,0.0,0.0,999.0,999.0,0.0,0.0,0,1,1,1,1
水森かおり,水森かおり,2022,0.0,0.0,999.0,999.0,0.0,0.0,0,2,1,2,1
水森かおり,水森かおり,2023,0.0,0.0,999.0,999.0,0.0,0.0,0,3,1,3,1
水森かおり,水森かおり,2024,0.0,0.0,999.0,999.0,0.0,0.0,0,4,1,4,1
瑛人,瑛人,2016,0.0,0.0,999.0,999.0,0.0,0.0,0,0,0,0,0
瑛人,瑛人,2017,0.0,0.0,999.0,999.0,0.0,0.0,0,0,0,0,0
瑛人,瑛人,2018,0.0,0.0,999.0,999.0,0.0,0.0,0,0,0,0,0
瑛人,瑛人,2019,0.0,0.0,999.0,999.0,0.0,0.0,0,0,0,0,0
瑛人,瑛人,2020,0.0,0.0,999.0,999.0,0.0,0.0,0,0,0,0,1
瑛人,瑛人,2021,0.0,0.0,999.0,999.0,0.0,0.0,0,1,1,1,0
瑛人,瑛人,2022,0.0,0.0,999.0,999.0,0.0,0.0,0,1,0,0,0
瑛人,瑛人,2023,0.0,0.0,999.0,999.0,0.0,0.0,0,1,0,0,0
瑛人,瑛人,2024,0.0,0.0,999.0,999.0,0.0,0.0,0,1,0,0,0
純烈,純烈,2016,0.0,0.0,999.0,999.0,0.0,0.0,0,0,0,0,0
純烈,純烈,2017,0.0,0.0,999.0,999.0,0.0,0.0,0,0,0,0,0
純烈,純烈,2018,0.0,0.0,999.0,999.0,0.0,0.0,0,0,0,0,0
純烈,純烈,2019,0.0,0.0,999.0,999.0,0.0,0.0,0,0,0,0,0
純烈,純烈,2020,0.0,0.0,999.0,999.0,0.0,0.0,0,0,0,0,1
純烈,純烈,2021,0.0,0.0,999.0,999.0,0.0,0.0,0,1,1,1,1
純烈,純烈,2022,0.0,0.0,999.0,999.0,0.0,0.0,0,2,1,2,1
純烈,純烈,2023,0.0,0.0,999.0,999.0,0.0,0.0,0,3,1,3,1
純烈,純烈,2024,0.0,0.0,999.0,999.0,0.0,0.0,0,4,1,4,1
関ジャニ∞,関ジャニ∞,2016,0.0,0.0,999.0,999.0,0.0,0.0,0,0,0,0,0
関ジャニ∞,関ジャニ∞,2017,0.0,0.0,999.0,999.0,0.0,0.0,0,0,0,0,0
関ジャニ∞,関ジャニ∞,2018,0.0,0.0,999.0,999.0,0.0,0.0,0,0,0,0,0
関ジャニ∞,関ジャニ∞,2019,0.0,0.0,999.0,999.0,0.0,0.0,0,0,0,0,0
関ジャニ∞,関ジャニ∞,2020,0.0,0.0,999.0,999.0,0.0,0.0,0,0,0,0,1
関ジャニ∞,関ジャニ∞,2021,0.0,0.0,999.0,999.0,0.0,0.0,0,1,1,1,1
関ジャニ∞,関ジャニ∞,2022,0.0,0.0,999.0,999.0,0.0,0.0,0,2,1,2,1
関ジャニ∞,関ジャニ∞,2023,0.0,0.0,999.0,999.0,0.0,0.0,0,3,1,3,0
関ジャニ∞,関ジャニ∞,2024,0.0,0.0,999.0,999.0,0.0,0.0,0,3,0,0,0
髙橋真梨子,髙橋真梨子,2016,0.0,0.0,999.0,999.0,0.0,0.0,0,0,0,0,0
髙橋真梨子,髙橋真梨子,2017,0.0,0.0,999.0,999.0,0.0,0.0,0,0,0,0,0
髙橋真梨子,髙橋真梨子,2018,0.0,0.0,999.0,999.0,0.0,0.0,0,0,0,0,0
髙橋真梨子,髙橋真梨子,2019,0.0,0.0,999.0,999.0,0.0,0.0,0,0,0,0,0
髙橋真梨子,髙橋真梨子,2020,0.0,0.0,999.0,999.0,0.0,0.0,0,0,0,0,0
髙橋真梨子,髙橋真梨子,2021,0.0,0.0,999.0,999.0,0.0,0.0,0,0,0,0,0
髙橋真梨子,髙橋真梨子,2022,0.0,0.0,999.0,999.0,0.0,0.0,0,0,0,0,0
髙橋真梨子,髙橋真梨子,2023,0.0,0.0,999.0,999.0,0.0,0.0,0,0,0,0,0
髙橋真梨子,髙橋真梨子,2024,0.0,0.0,999.0,999.0,0.0,0.0,0,0,0,0,1
